cod_municipio_datasus;cod_municipio_ibge;nome_municipio;ano;ano_parcial;internacoes_icsap;populacao;populacao_origem;taxa_icsap;proporcao_idosos;pct_agua_rede;pct_agua_ligacao_rede;pct_esgoto_rede;pct_esgoto_adequado;renda_domiciliar_media;renda_domiciliar_mediana
410010;4100103;Abatiá;2022;False;87;7241.0;censo_2022;120.149150669797;0.2151636514293606;79.55047899778924;80.84008843036109;45.76271186440678;72.43920412675018;1096.83;920.0
410010;4100103;Abatiá;2023;False;120;7255.9844955732915;interpolada_geometrica_2022_2024;165.38072824329936;0.2151636514293606;79.55047899778924;80.84008843036109;45.76271186440678;72.43920412675018;1096.83;920.0
410010;4100103;Abatiá;2024;False;105;7271.0;estimativa_ibge;144.4092972080869;0.2151636514293606;79.55047899778924;80.84008843036109;45.76271186440678;72.43920412675018;1096.83;920.0
410010;4100103;Abatiá;2025;False;140;7233.0;estimativa_ibge;193.55730678833126;0.2151636514293606;79.55047899778924;80.84008843036109;45.76271186440678;72.43920412675018;1096.83;920.0
410010;4100103;Abatiá;2026;True;86;7201.0;estimativa_ibge;119.42785724204971;0.2151636514293606;79.55047899778924;80.84008843036109;45.76271186440678;72.43920412675018;1096.83;920.0
410020;4100202;Adrianópolis;2022;False;58;6256.0;censo_2022;92.71099744245524;0.19373401534526855;52.52263906856404;53.6869340232859;32.51401466149202;60.02587322121604;1182.06;808.0
410020;4100202;Adrianópolis;2023;False;66;6291.399844231806;interpolada_geometrica_2022_2024;104.90511115822865;0.19373401534526855;52.52263906856404;53.6869340232859;32.51401466149202;60.02587322121604;1182.06;808.0
410020;4100202;Adrianópolis;2024;False;92;6327.0;estimativa_ibge;145.40856646119803;0.19373401534526855;52.52263906856404;53.6869340232859;32.51401466149202;60.02587322121604;1182.06;808.0
410020;4100202;Adrianópolis;2025;False;81;6319.0;estimativa_ibge;128.18483937331857;0.19373401534526855;52.52263906856404;53.6869340232859;32.51401466149202;60.02587322121604;1182.06;808.0
410020;4100202;Adrianópolis;2026;True;32;6312.0;estimativa_ibge;50.69708491761723;0.19373401534526855;52.52263906856404;53.6869340232859;32.51401466149202;60.02587322121604;1182.06;808.0
410030;4100301;Agudos do Sul;2022;False;132;10233.0;censo_2022;128.9944297859865;0.17336069578813643;56.757500688136524;63.63886595100468;19.983484723369116;34.18662262592898;1296.35;1000.0
410030;4100301;Agudos do Sul;2023;False;132;10437.457449015063;interpolada_geometrica_2022_2024;126.467581443847;0.17336069578813643;56.757500688136524;63.63886595100468;19.983484723369116;34.18662262592898;1296.35;1000.0
410030;4100301;Agudos do Sul;2024;False;165;10646.0;estimativa_ibge;154.9877888408792;0.17336069578813643;56.757500688136524;63.63886595100468;19.983484723369116;34.18662262592898;1296.35;1000.0
410030;4100301;Agudos do Sul;2025;False;218;10770.0;estimativa_ibge;202.41411327762304;0.17336069578813643;56.757500688136524;63.63886595100468;19.983484723369116;34.18662262592898;1296.35;1000.0
410030;4100301;Agudos do Sul;2026;True;81;10891.0;estimativa_ibge;74.37333578183821;0.17336069578813643;56.757500688136524;63.63886595100468;19.983484723369116;34.18662262592898;1296.35;1000.0
410040;4100400;Almirante Tamandaré;2022;False;1075;119825.0;censo_2022;89.71416649280201;0.1127227206342583;94.94068045886851;95.93587606628101;69.65879007745858;86.32954211197176;1352.58;1066.67
410040;4100400;Almirante Tamandaré;2023;False;1154;122281.32359440668;interpolada_geometrica_2022_2024;94.37254734236338;0.1127227206342583;94.94068045886851;95.93587606628101;69.65879007745858;86.32954211197176;1352.58;1066.67
410040;4100400;Almirante Tamandaré;2024;False;1208;124788.0;estimativa_ibge;96.80417988909191;0.1127227206342583;94.94068045886851;95.93587606628101;69.65879007745858;86.32954211197176;1352.58;1066.67
410040;4100400;Almirante Tamandaré;2025;False;1178;125861.0;estimativa_ibge;93.59531546706287;0.1127227206342583;94.94068045886851;95.93587606628101;69.65879007745858;86.32954211197176;1352.58;1066.67
410040;4100400;Almirante Tamandaré;2026;True;699;127031.0;estimativa_ibge;55.02593855043257;0.1127227206342583;94.94068045886851;95.93587606628101;69.65879007745858;86.32954211197176;1352.58;1066.67
410045;4100459;Altamira do Paraná;2022;False;56;3590.0;censo_2022;155.98885793871867;0.19331476323119778;63.909774436090224;70.52631578947368;11.8796992481203;17.81954887218045;1382.24;978.0
410045;4100459;Altamira do Paraná;2023;False;29;3566.4225773175003;interpolada_geometrica_2022_2024;81.31397603985691;0.19331476323119778;63.909774436090224;70.52631578947368;11.8796992481203;17.81954887218045;1382.24;978.0
410045;4100459;Altamira do Paraná;2024;False;23;3543.0;estimativa_ibge;64.91673722833757;0.19331476323119778;63.909774436090224;70.52631578947368;11.8796992481203;17.81954887218045;1382.24;978.0
410045;4100459;Altamira do Paraná;2025;False;31;3496.0;estimativa_ibge;88.67276887871853;0.19331476323119778;63.909774436090224;70.52631578947368;11.8796992481203;17.81954887218045;1382.24;978.0
410045;4100459;Altamira do Paraná;2026;True;11;3452.0;estimativa_ibge;31.865585168018537;0.19331476323119778;63.909774436090224;70.52631578947368;11.8796992481203;17.81954887218045;1382.24;978.0
410050;4100509;Altônia;2022;False;202;18742.0;censo_2022;107.77931917618184;0.22975136058051435;81.96470751702098;89.10657218285397;50.61831318604974;61.817423926636096;1362.99;1204.0
410050;4100509;Altônia;2023;False;201;18745.999573242287;interpolada_geometrica_2022_2024;107.22287665412298;0.22975136058051435;81.96470751702098;89.10657218285397;50.61831318604974;61.817423926636096;1362.99;1204.0
410050;4100509;Altônia;2024;False;211;18750.0;estimativa_ibge;112.53333333333335;0.22975136058051435;81.96470751702098;89.10657218285397;50.61831318604974;61.817423926636096;1362.99;1204.0
410050;4100509;Altônia;2025;False;226;18634.0;estimativa_ibge;121.28367500268325;0.22975136058051435;81.96470751702098;89.10657218285397;50.61831318604974;61.817423926636096;1362.99;1204.0
410050;4100509;Altônia;2026;True;94;18525.0;estimativa_ibge;50.742240215924426;0.22975136058051435;81.96470751702098;89.10657218285397;50.61831318604974;61.817423926636096;1362.99;1204.0
410060;4100608;Alto Paraná;2022;False;395;13909.0;censo_2022;283.9887842404199;0.1859946797037889;87.60118460019743;89.45705824284305;59.190523198420536;66.3573543928924;1448.91;1133.33
410060;4100608;Alto Paraná;2023;False;442;14023.032553624056;interpolada_geometrica_2022_2024;315.19573124414615;0.1859946797037889;87.60118460019743;89.45705824284305;59.190523198420536;66.3573543928924;1448.91;1133.33
410060;4100608;Alto Paraná;2024;False;361;14138.0;estimativa_ibge;255.34021785259583;0.1859946797037889;87.60118460019743;89.45705824284305;59.190523198420536;66.3573543928924;1448.91;1133.33
410060;4100608;Alto Paraná;2025;False;419;14183.0;estimativa_ibge;295.4240992737785;0.1859946797037889;87.60118460019743;89.45705824284305;59.190523198420536;66.3573543928924;1448.91;1133.33
410060;4100608;Alto Paraná;2026;True;231;14198.0;estimativa_ibge;162.69897168615296;0.1859946797037889;87.60118460019743;89.45705824284305;59.190523198420536;66.3573543928924;1448.91;1133.33
410070;4100707;Alto Piquiri;2022;False;105;9727.0;censo_2022;107.94695178369487;0.19409889996915802;86.532717893022;94.21667119196307;56.93727939180016;66.46755362476242;1180.6;904.0
410070;4100707;Alto Piquiri;2023;False;105;9764.42799143913;interpolada_geometrica_2022_2024;107.53318073732302;0.19409889996915802;86.532717893022;94.21667119196307;56.93727939180016;66.46755362476242;1180.6;904.0
410070;4100707;Alto Piquiri;2024;False;124;9802.0;estimativa_ibge;126.5047949398082;0.19409889996915802;86.532717893022;94.21667119196307;56.93727939180016;66.46755362476242;1180.6;904.0
410070;4100707;Alto Piquiri;2025;False;155;9771.0;estimativa_ibge;158.63268856821205;0.19409889996915802;86.532717893022;94.21667119196307;56.93727939180016;66.46755362476242;1180.6;904.0
410070;4100707;Alto Piquiri;2026;True;69;9744.0;estimativa_ibge;70.8128078817734;0.19409889996915802;86.532717893022;94.21667119196307;56.93727939180016;66.46755362476242;1180.6;904.0
410080;4100806;Alvorada do Sul;2022;False;101;10326.0;censo_2022;97.81134999031572;0.23813674220414488;83.61625514403292;87.08847736625515;0.4886831275720165;49.33127572016461;1538.57;1200.0
410080;4100806;Alvorada do Sul;2023;False;78;10401.722357379089;interpolada_geometrica_2022_2024;74.98758121020794;0.23813674220414488;83.61625514403292;87.08847736625515;0.4886831275720165;49.33127572016461;1538.57;1200.0
410080;4100806;Alvorada do Sul;2024;False;133;10478.0;estimativa_ibge;126.93262072914678;0.23813674220414488;83.61625514403292;87.08847736625515;0.4886831275720165;49.33127572016461;1538.57;1200.0
410080;4100806;Alvorada do Sul;2025;False;182;10481.0;estimativa_ibge;173.64755271443565;0.23813674220414488;83.61625514403292;87.08847736625515;0.4886831275720165;49.33127572016461;1538.57;1200.0
410080;4100806;Alvorada do Sul;2026;True;70;10483.0;estimativa_ibge;66.77477821234379;0.23813674220414488;83.61625514403292;87.08847736625515;0.4886831275720165;49.33127572016461;1538.57;1200.0
410090;4100905;Amaporã;2022;False;82;4762.0;censo_2022;172.19655606887864;0.15560688786224275;79.13544668587896;94.35158501440922;37.52161383285303;37.92507204610951;1067.49;933.33
410090;4100905;Amaporã;2023;False;95;4748.982206747041;interpolada_geometrica_2022_2024;200.04286363724475;0.15560688786224275;79.13544668587896;94.35158501440922;37.52161383285303;37.92507204610951;1067.49;933.33
410090;4100905;Amaporã;2024;False;90;4736.0;estimativa_ibge;190.03378378378378;0.15560688786224275;79.13544668587896;94.35158501440922;37.52161383285303;37.92507204610951;1067.49;933.33
410090;4100905;Amaporã;2025;False;91;4688.0;estimativa_ibge;194.11262798634814;0.15560688786224275;79.13544668587896;94.35158501440922;37.52161383285303;37.92507204610951;1067.49;933.33
410090;4100905;Amaporã;2026;True;44;4646.0;estimativa_ibge;94.70512268618167;0.15560688786224275;79.13544668587896;94.35158501440922;37.52161383285303;37.92507204610951;1067.49;933.33
410100;4101002;Ampére;2022;False;300;19620.0;censo_2022;152.9051987767584;0.16580020387359837;80.41958041958041;91.48498560263266;65.5011655011655;84.82106129164953;1815.06;1250.0
410100;4101002;Ampére;2023;False;336;19907.395108351066;interpolada_geometrica_2022_2024;168.78149962425243;0.16580020387359837;80.41958041958041;91.48498560263266;65.5011655011655;84.82106129164953;1815.06;1250.0
410100;4101002;Ampére;2024;False;373;20199.0;estimativa_ibge;184.66260705975543;0.16580020387359837;80.41958041958041;91.48498560263266;65.5011655011655;84.82106129164953;1815.06;1250.0
410100;4101002;Ampére;2025;False;453;20337.0;estimativa_ibge;222.746717804986;0.16580020387359837;80.41958041958041;91.48498560263266;65.5011655011655;84.82106129164953;1815.06;1250.0
410100;4101002;Ampére;2026;True;233;20479.0;estimativa_ibge;113.77508667415401;0.16580020387359837;80.41958041958041;91.48498560263266;65.5011655011655;84.82106129164953;1815.06;1250.0
410105;4101051;Anahy;2022;False;66;2918.0;censo_2022;226.1823166552433;0.21213159698423578;82.61648745519713;83.51254480286738;0.8960573476702509;83.33333333333333;1370.33;1212.0
410105;4101051;Anahy;2023;False;101;2941.4061263280187;interpolada_geometrica_2022_2024;343.3731884079741;0.21213159698423578;82.61648745519713;83.51254480286738;0.8960573476702509;83.33333333333333;1370.33;1212.0
410105;4101051;Anahy;2024;False;82;2965.0;estimativa_ibge;276.55986509274874;0.21213159698423578;82.61648745519713;83.51254480286738;0.8960573476702509;83.33333333333333;1370.33;1212.0
410105;4101051;Anahy;2025;False;100;2971.0;estimativa_ibge;336.58700774150117;0.21213159698423578;82.61648745519713;83.51254480286738;0.8960573476702509;83.33333333333333;1370.33;1212.0
410105;4101051;Anahy;2026;True;41;2973.0;estimativa_ibge;137.90783720148;0.21213159698423578;82.61648745519713;83.51254480286738;0.8960573476702509;83.33333333333333;1370.33;1212.0
410110;4101101;Andirá;2022;False;378;19878.0;censo_2022;190.15997585270148;0.21455880873327296;95.67892976588628;96.0133779264214;62.51505016722408;81.79264214046823;1578.21;1212.0
410110;4101101;Andirá;2023;False;375;19960.827437759188;interpolada_geometrica_2022_2024;187.8679634746132;0.21455880873327296;95.67892976588628;96.0133779264214;62.51505016722408;81.79264214046823;1578.21;1212.0
410110;4101101;Andirá;2024;False;414;20044.0;estimativa_ibge;206.54559968070245;0.21455880873327296;95.67892976588628;96.0133779264214;62.51505016722408;81.79264214046823;1578.21;1212.0
410110;4101101;Andirá;2025;False;531;19989.0;estimativa_ibge;265.6461053579469;0.21455880873327296;95.67892976588628;96.0133779264214;62.51505016722408;81.79264214046823;1578.21;1212.0
410110;4101101;Andirá;2026;True;378;19944.0;estimativa_ibge;189.5306859205776;0.21455880873327296;95.67892976588628;96.0133779264214;62.51505016722408;81.79264214046823;1578.21;1212.0
410115;4101150;Ângulo;2022;False;49;3235.0;censo_2022;151.46831530139104;0.18887171561051005;85.74938574938575;88.37018837018837;2.1294021294021293;47.82964782964783;1394.7;1103.0
410115;4101150;Ângulo;2023;False;51;3283.141787982968;interpolada_geometrica_2022_2024;155.33901151230017;0.18887171561051005;85.74938574938575;88.37018837018837;2.1294021294021293;47.82964782964783;1394.7;1103.0
410115;4101150;Ângulo;2024;False;55;3332.0;estimativa_ibge;165.0660264105642;0.18887171561051005;85.74938574938575;88.37018837018837;2.1294021294021293;47.82964782964783;1394.7;1103.0
410115;4101150;Ângulo;2025;False;67;3357.0;estimativa_ibge;199.58296097706284;0.18887171561051005;85.74938574938575;88.37018837018837;2.1294021294021293;47.82964782964783;1394.7;1103.0
410115;4101150;Ângulo;2026;True;28;3380.0;estimativa_ibge;82.84023668639054;0.18887171561051005;85.74938574938575;88.37018837018837;2.1294021294021293;47.82964782964783;1394.7;1103.0
410120;4101200;Antonina;2022;False;217;18091.0;censo_2022;119.94914598419103;0.20933060637886242;87.70504369155297;88.36424957841484;60.27901272420665;77.05043691552966;1211.84;900.0
410120;4101200;Antonina;2023;False;319;18156.88004586691;interpolada_geometrica_2022_2024;175.69097730125426;0.20933060637886242;87.70504369155297;88.36424957841484;60.27901272420665;77.05043691552966;1211.84;900.0
410120;4101200;Antonina;2024;False;327;18223.0;estimativa_ibge;179.44356033583932;0.20933060637886242;87.70504369155297;88.36424957841484;60.27901272420665;77.05043691552966;1211.84;900.0
410120;4101200;Antonina;2025;False;283;18140.0;estimativa_ibge;156.00882028665933;0.20933060637886242;87.70504369155297;88.36424957841484;60.27901272420665;77.05043691552966;1211.84;900.0
410120;4101200;Antonina;2026;True;120;18091.0;estimativa_ibge;66.33132496821624;0.20933060637886242;87.70504369155297;88.36424957841484;60.27901272420665;77.05043691552966;1211.84;900.0
410130;4101309;Antônio Olinto;2022;False;93;7018.0;censo_2022;132.51638643488172;0.21231119977201482;31.43269577769758;34.06712378202815;2.201371346084446;38.57813063875857;1190.28;903.0
410130;4101309;Antônio Olinto;2023;False;109;7044.45015597385;interpolada_geometrica_2022_2024;154.73173574457843;0.21231119977201482;31.43269577769758;34.06712378202815;2.201371346084446;38.57813063875857;1190.28;903.0
410130;4101309;Antônio Olinto;2024;False;107;7071.0;estimativa_ibge;151.32230236175928;0.21231119977201482;31.43269577769758;34.06712378202815;2.201371346084446;38.57813063875857;1190.28;903.0
410130;4101309;Antônio Olinto;2025;False;125;7048.0;estimativa_ibge;177.35527809307604;0.21231119977201482;31.43269577769758;34.06712378202815;2.201371346084446;38.57813063875857;1190.28;903.0
410130;4101309;Antônio Olinto;2026;True;66;7027.0;estimativa_ibge;93.92343816706988;0.21231119977201482;31.43269577769758;34.06712378202815;2.201371346084446;38.57813063875857;1190.28;903.0
410140;4101408;Apucarana;2022;False;1969;130134.0;censo_2022;151.305577327985;0.1773633331796456;96.45980927845761;97.67519165645191;80.43961523279248;86.51029439262045;1770.29;1311.0
410140;4101408;Apucarana;2023;False;2122;132203.54384054916;interpolada_geometrica_2022_2024;160.5100694244132;0.1773633331796456;96.45980927845761;97.67519165645191;80.43961523279248;86.51029439262045;1770.29;1311.0
410140;4101408;Apucarana;2024;False;2468;134306.0;estimativa_ibge;183.7594746325555;0.1773633331796456;96.45980927845761;97.67519165645191;80.43961523279248;86.51029439262045;1770.29;1311.0
410140;4101408;Apucarana;2025;False;2369;134910.0;estimativa_ibge;175.5985471796012;0.1773633331796456;96.45980927845761;97.67519165645191;80.43961523279248;86.51029439262045;1770.29;1311.0
410140;4101408;Apucarana;2026;True;667;135481.0;estimativa_ibge;49.231995630383594;0.1773633331796456;96.45980927845761;97.67519165645191;80.43961523279248;86.51029439262045;1770.29;1311.0
410150;4101507;Arapongas;2022;False;1939;119138.0;censo_2022;162.75243834880558;0.16552233544293174;95.26668941203229;97.5184806095758;74.68213351529626;89.9260775616968;1778.09;1333.33
410150;4101507;Arapongas;2023;False;1792;121477.5291730944;interpolada_geometrica_2022_2024;147.5169944761194;0.16552233544293174;95.26668941203229;97.5184806095758;74.68213351529626;89.9260775616968;1778.09;1333.33
410150;4101507;Arapongas;2024;False;2173;123863.0;estimativa_ibge;175.4357637066759;0.16552233544293174;95.26668941203229;97.5184806095758;74.68213351529626;89.9260775616968;1778.09;1333.33
410150;4101507;Arapongas;2025;False;2470;124838.0;estimativa_ibge;197.85642192281196;0.16552233544293174;95.26668941203229;97.5184806095758;74.68213351529626;89.9260775616968;1778.09;1333.33
410150;4101507;Arapongas;2026;True;1402;125767.0;estimativa_ibge;111.47598336606583;0.16552233544293174;95.26668941203229;97.5184806095758;74.68213351529626;89.9260775616968;1778.09;1333.33
410160;4101606;Arapoti;2022;False;107;25777.0;censo_2022;41.50987314272414;0.1458664701090119;87.49727965179542;88.16104461371056;70.20674646354733;77.59521218715996;1526.02;1070.67
410160;4101606;Arapoti;2023;False;194;26042.136433096268;interpolada_geometrica_2022_2024;74.49465618859539;0.1458664701090119;87.49727965179542;88.16104461371056;70.20674646354733;77.59521218715996;1526.02;1070.67
410160;4101606;Arapoti;2024;False;311;26310.0;estimativa_ibge;118.20600532117066;0.1458664701090119;87.49727965179542;88.16104461371056;70.20674646354733;77.59521218715996;1526.02;1070.67
410160;4101606;Arapoti;2025;False;475;26325.0;estimativa_ibge;180.43684710351377;0.1458664701090119;87.49727965179542;88.16104461371056;70.20674646354733;77.59521218715996;1526.02;1070.67
410160;4101606;Arapoti;2026;True;292;26321.0;estimativa_ibge;110.9380342692147;0.1458664701090119;87.49727965179542;88.16104461371056;70.20674646354733;77.59521218715996;1526.02;1070.67
410165;4101655;Arapuã;2022;False;117;3527.0;censo_2022;331.7266798979303;0.22682166146867025;50.41136873597607;71.80254300673148;0.5235602094240838;5.908750934928945;1226.76;933.33
410165;4101655;Arapuã;2023;False;154;3549.925492175857;interpolada_geometrica_2022_2024;433.81192179785364;0.22682166146867025;50.41136873597607;71.80254300673148;0.5235602094240838;5.908750934928945;1226.76;933.33
410165;4101655;Arapuã;2024;False;114;3573.0;estimativa_ibge;319.0596137699412;0.22682166146867025;50.41136873597607;71.80254300673148;0.5235602094240838;5.908750934928945;1226.76;933.33
410165;4101655;Arapuã;2025;False;127;3573.0;estimativa_ibge;355.4436048138819;0.22682166146867025;50.41136873597607;71.80254300673148;0.5235602094240838;5.908750934928945;1226.76;933.33
410165;4101655;Arapuã;2026;True;48;3571.0;estimativa_ibge;134.41612993559227;0.22682166146867025;50.41136873597607;71.80254300673148;0.5235602094240838;5.908750934928945;1226.76;933.33
410170;4101705;Araruna;2022;False;214;14485.0;censo_2022;147.73904038660683;0.18536416983085952;84.43793482240937;88.77700476016112;52.2885389967045;68.23507872574149;1513.63;1212.0
410170;4101705;Araruna;2023;False;290;14653.519713707012;interpolada_geometrica_2022_2024;197.9046711410446;0.18536416983085952;84.43793482240937;88.77700476016112;52.2885389967045;68.23507872574149;1513.63;1212.0
410170;4101705;Araruna;2024;False;227;14824.0;estimativa_ibge;153.13005936319482;0.18536416983085952;84.43793482240937;88.77700476016112;52.2885389967045;68.23507872574149;1513.63;1212.0
410170;4101705;Araruna;2025;False;230;14894.0;estimativa_ibge;154.4246005102726;0.18536416983085952;84.43793482240937;88.77700476016112;52.2885389967045;68.23507872574149;1513.63;1212.0
410170;4101705;Araruna;2026;True;126;14958.0;estimativa_ibge;84.2358604091456;0.18536416983085952;84.43793482240937;88.77700476016112;52.2885389967045;68.23507872574149;1513.63;1212.0
410180;4101804;Araucária;2022;False;1515;151666.0;censo_2022;99.89054896944603;0.11872140097319109;85.94673723326389;91.9918172775557;79.56571514366684;90.52042865454273;1600.99;1250.0
410180;4101804;Araucária;2023;False;1819;155795.77435861347;interpolada_geometrica_2022_2024;116.75541313546756;0.11872140097319109;85.94673723326389;91.9918172775557;79.56571514366684;90.52042865454273;1600.99;1250.0
410180;4101804;Araucária;2024;False;1930;160038.0;estimativa_ibge;120.59635836488835;0.11872140097319109;85.94673723326389;91.9918172775557;79.56571514366684;90.52042865454273;1600.99;1250.0
410180;4101804;Araucária;2025;False;2123;162247.0;estimativa_ibge;130.84987703932893;0.11872140097319109;85.94673723326389;91.9918172775557;79.56571514366684;90.52042865454273;1600.99;1250.0
410180;4101804;Araucária;2026;True;1111;164291.0;estimativa_ibge;67.62391123068214;0.11872140097319109;85.94673723326389;91.9918172775557;79.56571514366684;90.52042865454273;1600.99;1250.0
410185;4101853;Ariranha do Ivaí;2022;False;100;2329.0;censo_2022;429.36882782310005;0.23057106054100474;56.59955257270693;67.89709172259508;1.5659955257270695;6.823266219239374;1383.07;1119.25
410185;4101853;Ariranha do Ivaí;2023;False;145;2339.974145156309;interpolada_geometrica_2022_2024;619.6649663849771;0.23057106054100474;56.59955257270693;67.89709172259508;1.5659955257270695;6.823266219239374;1383.07;1119.25
410185;4101853;Ariranha do Ivaí;2024;False;93;2351.0;estimativa_ibge;395.5763504891536;0.23057106054100474;56.59955257270693;67.89709172259508;1.5659955257270695;6.823266219239374;1383.07;1119.25
410185;4101853;Ariranha do Ivaí;2025;False;122;2351.0;estimativa_ibge;518.9281156954487;0.23057106054100474;56.59955257270693;67.89709172259508;1.5659955257270695;6.823266219239374;1383.07;1119.25
410185;4101853;Ariranha do Ivaí;2026;True;73;2346.0;estimativa_ibge;311.1679454390452;0.23057106054100474;56.59955257270693;67.89709172259508;1.5659955257270695;6.823266219239374;1383.07;1119.25
410190;4101903;Assaí;2022;False;230;13797.0;censo_2022;166.70290642893383;0.23120968326447777;88.94071914480078;90.70942662779397;74.421768707483;80.85519922254616;1275.36;1040.0
410190;4101903;Assaí;2023;False;209;13719.783926869986;interpolada_geometrica_2022_2024;152.33476060120503;0.23120968326447777;88.94071914480078;90.70942662779397;74.421768707483;80.85519922254616;1275.36;1040.0
410190;4101903;Assaí;2024;False;163;13643.0;estimativa_ibge;119.47518874147914;0.23120968326447777;88.94071914480078;90.70942662779397;74.421768707483;80.85519922254616;1275.36;1040.0
410190;4101903;Assaí;2025;False;228;13477.0;estimativa_ibge;169.17711656896935;0.23120968326447777;88.94071914480078;90.70942662779397;74.421768707483;80.85519922254616;1275.36;1040.0
410190;4101903;Assaí;2026;True;74;13320.0;estimativa_ibge;55.55555555555556;0.23120968326447777;88.94071914480078;90.70942662779397;74.421768707483;80.85519922254616;1275.36;1040.0
410200;4102000;Assis Chateaubriand;2022;False;629;36808.0;censo_2022;170.8867637470115;0.19710389045859597;89.8180772272956;91.62292370748544;38.39792910045301;48.29222693607536;1672.22;1212.0
410200;4102000;Assis Chateaubriand;2023;False;702;37450.885703812135;interpolada_geometrica_2022_2024;187.44550010162862;0.19710389045859597;89.8180772272956;91.62292370748544;38.39792910045301;48.29222693607536;1672.22;1212.0
410200;4102000;Assis Chateaubriand;2024;False;626;38105.0;estimativa_ibge;164.28290250623277;0.19710389045859597;89.8180772272956;91.62292370748544;38.39792910045301;48.29222693607536;1672.22;1212.0
410200;4102000;Assis Chateaubriand;2025;False;471;38357.0;estimativa_ibge;122.79375342180045;0.19710389045859597;89.8180772272956;91.62292370748544;38.39792910045301;48.29222693607536;1672.22;1212.0
410200;4102000;Assis Chateaubriand;2026;True;240;38591.0;estimativa_ibge;62.19066621751186;0.19710389045859597;89.8180772272956;91.62292370748544;38.39792910045301;48.29222693607536;1672.22;1212.0
410210;4102109;Astorga;2022;False;511;25475.0;censo_2022;200.58881256133466;0.2103631010794897;93.30543933054393;93.9539748953975;71.57949790794979;75.31380753138075;1554.91;1212.0
410210;4102109;Astorga;2023;False;631;25807.825847986496;interpolada_geometrica_2022_2024;244.49948000917328;0.2103631010794897;93.30543933054393;93.9539748953975;71.57949790794979;75.31380753138075;1554.91;1212.0
410210;4102109;Astorga;2024;False;654;26145.0;estimativa_ibge;250.14343086632243;0.2103631010794897;93.30543933054393;93.9539748953975;71.57949790794979;75.31380753138075;1554.91;1212.0
410210;4102109;Astorga;2025;False;573;26203.0;estimativa_ibge;218.67725069648515;0.2103631010794897;93.30543933054393;93.9539748953975;71.57949790794979;75.31380753138075;1554.91;1212.0
410210;4102109;Astorga;2026;True;308;26262.0;estimativa_ibge;117.2797197471632;0.2103631010794897;93.30543933054393;93.9539748953975;71.57949790794979;75.31380753138075;1554.91;1212.0
410220;4102208;Atalaia;2022;False;40;3980.0;censo_2022;100.50251256281408;0.2278894472361809;91.21851599727707;94.62219196732471;4.152484683458135;72.90673927842069;1709.41;1237.33
410220;4102208;Atalaia;2023;False;37;4012.3683779035046;interpolada_geometrica_2022_2024;92.21486293173511;0.2278894472361809;91.21851599727707;94.62219196732471;4.152484683458135;72.90673927842069;1709.41;1237.33
410220;4102208;Atalaia;2024;False;51;4045.0;estimativa_ibge;126.08158220024723;0.2278894472361809;91.21851599727707;94.62219196732471;4.152484683458135;72.90673927842069;1709.41;1237.33
410220;4102208;Atalaia;2025;False;66;4046.0;estimativa_ibge;163.12407315867523;0.2278894472361809;91.21851599727707;94.62219196732471;4.152484683458135;72.90673927842069;1709.41;1237.33
410220;4102208;Atalaia;2026;True;37;4050.0;estimativa_ibge;91.35802469135804;0.2278894472361809;91.21851599727707;94.62219196732471;4.152484683458135;72.90673927842069;1709.41;1237.33
410230;4102307;Balsa Nova;2022;False;176;13395.0;censo_2022;131.39231056364315;0.16020903322135124;86.12270450751252;88.58514190317196;21.974123539232053;75.89732888146912;1606.33;1300.0
410230;4102307;Balsa Nova;2023;False;178;13630.92238258292;interpolada_geometrica_2022_2024;130.5854402248242;0.16020903322135124;86.12270450751252;88.58514190317196;21.974123539232053;75.89732888146912;1606.33;1300.0
410230;4102307;Balsa Nova;2024;False;203;13871.0;estimativa_ibge;146.34849686396078;0.16020903322135124;86.12270450751252;88.58514190317196;21.974123539232053;75.89732888146912;1606.33;1300.0
410230;4102307;Balsa Nova;2025;False;234;13867.0;estimativa_ibge;168.74594360712484;0.16020903322135124;86.12270450751252;88.58514190317196;21.974123539232053;75.89732888146912;1606.33;1300.0
410230;4102307;Balsa Nova;2026;True;125;13994.0;estimativa_ibge;89.32399599828499;0.16020903322135124;86.12270450751252;88.58514190317196;21.974123539232053;75.89732888146912;1606.33;1300.0
410240;4102406;Bandeirantes;2022;False;713;31273.0;censo_2022;227.99219774246157;0.20576855434400282;91.85152452496686;93.25673884224481;91.71011931064957;94.06981882456915;1502.12;1066.67
410240;4102406;Bandeirantes;2023;False;764;31538.86984341703;interpolada_geometrica_2022_2024;242.24076632836812;0.20576855434400282;91.85152452496686;93.25673884224481;91.71011931064957;94.06981882456915;1502.12;1066.67
410240;4102406;Bandeirantes;2024;False;769;31807.0;estimativa_ibge;241.77067941019274;0.20576855434400282;91.85152452496686;93.25673884224481;91.71011931064957;94.06981882456915;1502.12;1066.67
410240;4102406;Bandeirantes;2025;False;820;31747.0;estimativa_ibge;258.2921220902763;0.20576855434400282;91.85152452496686;93.25673884224481;91.71011931064957;94.06981882456915;1502.12;1066.67
410240;4102406;Bandeirantes;2026;True;438;31690.0;estimativa_ibge;138.21394761754496;0.20576855434400282;91.85152452496686;93.25673884224481;91.71011931064957;94.06981882456915;1502.12;1066.67
410250;4102505;Barbosa Ferraz;2022;False;162;10795.0;censo_2022;150.06947660954145;0.23270032422417786;82.53599628425452;83.60427310729214;35.276358569437996;61.77426846261031;1309.84;1041.33
410250;4102505;Barbosa Ferraz;2023;False;174;10743.376564190608;interpolada_geometrica_2022_2024;161.9602542649113;0.23270032422417786;82.53599628425452;83.60427310729214;35.276358569437996;61.77426846261031;1309.84;1041.33
410250;4102505;Barbosa Ferraz;2024;False;166;10692.0;estimativa_ibge;155.2562663673775;0.23270032422417786;82.53599628425452;83.60427310729214;35.276358569437996;61.77426846261031;1309.84;1041.33
410250;4102505;Barbosa Ferraz;2025;False;146;10580.0;estimativa_ibge;137.9962192816635;0.23270032422417786;82.53599628425452;83.60427310729214;35.276358569437996;61.77426846261031;1309.84;1041.33
410250;4102505;Barbosa Ferraz;2026;True;113;10465.0;estimativa_ibge;107.97897754419493;0.23270032422417786;82.53599628425452;83.60427310729214;35.276358569437996;61.77426846261031;1309.84;1041.33
410260;4102604;Barracão;2022;False;44;9759.0;censo_2022;45.086586740444716;0.17553027974177682;87.45141588006663;91.14380899500277;5.719044975013881;21.765685730149915;1469.89;1100.0
410260;4102604;Barracão;2023;False;30;9829.247173614061;interpolada_geometrica_2022_2024;30.521157388871995;0.17553027974177682;87.45141588006663;91.14380899500277;5.719044975013881;21.765685730149915;1469.89;1100.0
410260;4102604;Barracão;2024;False;50;9900.0;estimativa_ibge;50.50505050505051;0.17553027974177682;87.45141588006663;91.14380899500277;5.719044975013881;21.765685730149915;1469.89;1100.0
410260;4102604;Barracão;2025;False;66;9903.0;estimativa_ibge;66.64647076643442;0.17553027974177682;87.45141588006663;91.14380899500277;5.719044975013881;21.765685730149915;1469.89;1100.0
410260;4102604;Barracão;2026;True;35;9904.0;estimativa_ibge;35.339256865912766;0.17553027974177682;87.45141588006663;91.14380899500277;5.719044975013881;21.765685730149915;1469.89;1100.0
410270;4102703;Barra do Jacaré;2022;False;41;2814.0;censo_2022;145.7000710732054;0.244136460554371;72.3444976076555;78.75598086124401;6.889952153110048;59.04306220095694;1473.07;1206.0
410270;4102703;Barra do Jacaré;2023;False;53;2839.8809834216645;interpolada_geometrica_2022_2024;186.62753935604132;0.244136460554371;72.3444976076555;78.75598086124401;6.889952153110048;59.04306220095694;1473.07;1206.0
410270;4102703;Barra do Jacaré;2024;False;66;2866.0;estimativa_ibge;230.28611304954643;0.244136460554371;72.3444976076555;78.75598086124401;6.889952153110048;59.04306220095694;1473.07;1206.0
410270;4102703;Barra do Jacaré;2025;False;40;2872.0;estimativa_ibge;139.27576601671308;0.244136460554371;72.3444976076555;78.75598086124401;6.889952153110048;59.04306220095694;1473.07;1206.0
410270;4102703;Barra do Jacaré;2026;True;21;2877.0;estimativa_ibge;72.99270072992701;0.244136460554371;72.3444976076555;78.75598086124401;6.889952153110048;59.04306220095694;1473.07;1206.0
410275;4102752;Bela Vista da Caroba;2022;False;105;4031.0;censo_2022;260.48127015628876;0.21409079632845449;62.286105407255306;70.63655030800821;1.5742642026009583;89.45927446954141;1750.4;1212.0
410275;4102752;Bela Vista da Caroba;2023;False;80;4065.353613155933;interpolada_geometrica_2022_2024;196.7848497634035;0.21409079632845449;62.286105407255306;70.63655030800821;1.5742642026009583;89.45927446954141;1750.4;1212.0
410275;4102752;Bela Vista da Caroba;2024;False;80;4100.0;estimativa_ibge;195.1219512195122;0.21409079632845449;62.286105407255306;70.63655030800821;1.5742642026009583;89.45927446954141;1750.4;1212.0
410275;4102752;Bela Vista da Caroba;2025;False;72;4122.0;estimativa_ibge;174.67248908296943;0.21409079632845449;62.286105407255306;70.63655030800821;1.5742642026009583;89.45927446954141;1750.4;1212.0
410275;4102752;Bela Vista da Caroba;2026;True;50;4128.0;estimativa_ibge;121.12403100775194;0.21409079632845449;62.286105407255306;70.63655030800821;1.5742642026009583;89.45927446954141;1750.4;1212.0
410280;4102802;Bela Vista do Paraíso;2022;False;275;14833.0;censo_2022;185.3974246612283;0.21964538528955707;96.60220495210555;97.09018615579252;45.16537140791614;64.61232604373757;1399.26;1075.0
410280;4102802;Bela Vista do Paraíso;2023;False;247;14915.271837951865;interpolada_geometrica_2022_2024;165.60207730945223;0.21964538528955707;96.60220495210555;97.09018615579252;45.16537140791614;64.61232604373757;1399.26;1075.0
410280;4102802;Bela Vista do Paraíso;2024;False;289;14998.0;estimativa_ibge;192.6923589811975;0.21964538528955707;96.60220495210555;97.09018615579252;45.16537140791614;64.61232604373757;1399.26;1075.0
410280;4102802;Bela Vista do Paraíso;2025;False;290;14982.0;estimativa_ibge;193.56561206781473;0.21964538528955707;96.60220495210555;97.09018615579252;45.16537140791614;64.61232604373757;1399.26;1075.0
410280;4102802;Bela Vista do Paraíso;2026;True;103;14967.0;estimativa_ibge;68.81806641277477;0.21964538528955707;96.60220495210555;97.09018615579252;45.16537140791614;64.61232604373757;1399.26;1075.0
410290;4102901;Bituruna;2022;False;225;15533.0;censo_2022;144.8528938389236;0.14755681452391683;63.16804939224387;64.26779857225544;41.01871502990546;60.216091066949645;1382.61;1125.0
410290;4102901;Bituruna;2023;False;237;15610.805136186922;interpolada_geometrica_2022_2024;151.81792222274152;0.14755681452391683;63.16804939224387;64.26779857225544;41.01871502990546;60.216091066949645;1382.61;1125.0
410290;4102901;Bituruna;2024;False;400;15689.0;estimativa_ibge;254.9557014468736;0.14755681452391683;63.16804939224387;64.26779857225544;41.01871502990546;60.216091066949645;1382.61;1125.0
410290;4102901;Bituruna;2025;False;307;15650.0;estimativa_ibge;196.16613418530352;0.14755681452391683;63.16804939224387;64.26779857225544;41.01871502990546;60.216091066949645;1382.61;1125.0
410290;4102901;Bituruna;2026;True;159;15615.0;estimativa_ibge;101.82516810758887;0.14755681452391683;63.16804939224387;64.26779857225544;41.01871502990546;60.216091066949645;1382.61;1125.0
410300;4103008;Boa Esperança;2022;False;38;4558.0;censo_2022;83.36989907854323;0.20579201404124617;77.81629116117851;81.97573656845753;1.6175621028307337;22.703639514731368;1556.08;1212.0
410300;4103008;Boa Esperança;2023;False;41;4589.888451803595;interpolada_geometrica_2022_2024;89.3267895952658;0.20579201404124617;77.81629116117851;81.97573656845753;1.6175621028307337;22.703639514731368;1556.08;1212.0
410300;4103008;Boa Esperança;2024;False;48;4622.0;estimativa_ibge;103.85114668974471;0.20579201404124617;77.81629116117851;81.97573656845753;1.6175621028307337;22.703639514731368;1556.08;1212.0
410300;4103008;Boa Esperança;2025;False;54;4595.0;estimativa_ibge;117.51904243743199;0.20579201404124617;77.81629116117851;81.97573656845753;1.6175621028307337;22.703639514731368;1556.08;1212.0
410300;4103008;Boa Esperança;2026;True;24;4595.0;estimativa_ibge;52.230685527747546;0.20579201404124617;77.81629116117851;81.97573656845753;1.6175621028307337;22.703639514731368;1556.08;1212.0
410302;4103024;Boa Esperança do Iguaçu;2022;False;44;2455.0;censo_2022;179.22606924643586;0.1934826883910387;47.105561861521;48.58115777525539;1.2485811577752555;9.988649262202044;2185.28;1212.0
410302;4103024;Boa Esperança do Iguaçu;2023;False;52;2451.4975015284026;interpolada_geometrica_2022_2024;212.1152477927481;0.1934826883910387;47.105561861521;48.58115777525539;1.2485811577752555;9.988649262202044;2185.28;1212.0
410302;4103024;Boa Esperança do Iguaçu;2024;False;41;2448.0;estimativa_ibge;167.48366013071896;0.1934826883910387;47.105561861521;48.58115777525539;1.2485811577752555;9.988649262202044;2185.28;1212.0
410302;4103024;Boa Esperança do Iguaçu;2025;False;42;2421.0;estimativa_ibge;173.48203221809172;0.1934826883910387;47.105561861521;48.58115777525539;1.2485811577752555;9.988649262202044;2185.28;1212.0
410302;4103024;Boa Esperança do Iguaçu;2026;True;20;2402.0;estimativa_ibge;83.2639467110741;0.1934826883910387;47.105561861521;48.58115777525539;1.2485811577752555;9.988649262202044;2185.28;1212.0
410304;4103040;Boa Ventura de São Roque;2022;False;137;6378.0;censo_2022;214.80087801818752;0.15349639385387268;44.35015631978562;47.92317999106744;2.5011165698972757;8.128628852166145;1567.86;1070.67
410304;4103040;Boa Ventura de São Roque;2023;False;96;6310.644341111294;interpolada_geometrica_2022_2024;152.12392714734193;0.15349639385387268;44.35015631978562;47.92317999106744;2.5011165698972757;8.128628852166145;1567.86;1070.67
410304;4103040;Boa Ventura de São Roque;2024;False;99;6244.0;estimativa_ibge;158.55221012171685;0.15349639385387268;44.35015631978562;47.92317999106744;2.5011165698972757;8.128628852166145;1567.86;1070.67
410304;4103040;Boa Ventura de São Roque;2025;False;87;6241.0;estimativa_ibge;139.40073706136837;0.15349639385387268;44.35015631978562;47.92317999106744;2.5011165698972757;8.128628852166145;1567.86;1070.67
410304;4103040;Boa Ventura de São Roque;2026;True;60;6235.0;estimativa_ibge;96.23095429029671;0.15349639385387268;44.35015631978562;47.92317999106744;2.5011165698972757;8.128628852166145;1567.86;1070.67
410305;4103057;Boa Vista da Aparecida;2022;False;148;7924.0;censo_2022;186.7743563856638;0.19220090863200404;74.84472049689441;75.25879917184265;26.155969634230505;36.749482401656316;1272.15;1072.0
410305;4103057;Boa Vista da Aparecida;2023;False;165;7978.810437652971;interpolada_geometrica_2022_2024;206.79774421177504;0.19220090863200404;74.84472049689441;75.25879917184265;26.155969634230505;36.749482401656316;1272.15;1072.0
410305;4103057;Boa Vista da Aparecida;2024;False;178;8034.0;estimativa_ibge;221.55837689818273;0.19220090863200404;74.84472049689441;75.25879917184265;26.155969634230505;36.749482401656316;1272.15;1072.0
410305;4103057;Boa Vista da Aparecida;2025;False;236;8023.0;estimativa_ibge;294.1543063691886;0.19220090863200404;74.84472049689441;75.25879917184265;26.155969634230505;36.749482401656316;1272.15;1072.0
410305;4103057;Boa Vista da Aparecida;2026;True;112;8022.0;estimativa_ibge;139.61605584642234;0.19220090863200404;74.84472049689441;75.25879917184265;26.155969634230505;36.749482401656316;1272.15;1072.0
410310;4103107;Bocaiúva do Sul;2022;False;225;13299.0;censo_2022;169.1856530566208;0.15121437702082863;68.55913978494624;70.3010752688172;39.13978494623656;70.06451612903226;1328.2;1050.0
410310;4103107;Bocaiúva do Sul;2023;False;244;13549.147427052376;interpolada_geometrica_2022_2024;180.08513178683623;0.15121437702082863;68.55913978494624;70.3010752688172;39.13978494623656;70.06451612903226;1328.2;1050.0
410310;4103107;Bocaiúva do Sul;2024;False;207;13804.0;estimativa_ibge;149.95653433787308;0.15121437702082863;68.55913978494624;70.3010752688172;39.13978494623656;70.06451612903226;1328.2;1050.0
410310;4103107;Bocaiúva do Sul;2025;False;238;13405.0;estimativa_ibge;177.54569190600523;0.15121437702082863;68.55913978494624;70.3010752688172;39.13978494623656;70.06451612903226;1328.2;1050.0
410310;4103107;Bocaiúva do Sul;2026;True;142;13541.0;estimativa_ibge;104.86670112990178;0.15121437702082863;68.55913978494624;70.3010752688172;39.13978494623656;70.06451612903226;1328.2;1050.0
410315;4103156;Bom Jesus do Sul;2022;False;15;3980.0;censo_2022;37.688442211055275;0.20954773869346735;83.76623376623377;94.67532467532467;0.5844155844155844;10.974025974025974;1545.13;1212.0
410315;4103156;Bom Jesus do Sul;2023;False;16;4020.296009002322;interpolada_geometrica_2022_2024;39.79806453100095;0.20954773869346735;83.76623376623377;94.67532467532467;0.5844155844155844;10.974025974025974;1545.13;1212.0
410315;4103156;Bom Jesus do Sul;2024;False;29;4061.0;estimativa_ibge;71.41098251662152;0.20954773869346735;83.76623376623377;94.67532467532467;0.5844155844155844;10.974025974025974;1545.13;1212.0
410315;4103156;Bom Jesus do Sul;2025;False;38;4072.0;estimativa_ibge;93.32023575638507;0.20954773869346735;83.76623376623377;94.67532467532467;0.5844155844155844;10.974025974025974;1545.13;1212.0
410315;4103156;Bom Jesus do Sul;2026;True;9;4083.0;estimativa_ibge;22.04261572373255;0.20954773869346735;83.76623376623377;94.67532467532467;0.5844155844155844;10.974025974025974;1545.13;1212.0
410320;4103206;Bom Sucesso;2022;False;92;6581.0;censo_2022;139.79638352833916;0.1783923415894241;88.11475409836065;90.32786885245902;1.3114754098360655;2.9508196721311477;1387.3;1170.67
410320;4103206;Bom Sucesso;2023;False;80;6628.8262158545085;interpolada_geometrica_2022_2024;120.68501631353654;0.1783923415894241;88.11475409836065;90.32786885245902;1.3114754098360655;2.9508196721311477;1387.3;1170.67
410320;4103206;Bom Sucesso;2024;False;101;6677.0;estimativa_ibge;151.26553841545606;0.1783923415894241;88.11475409836065;90.32786885245902;1.3114754098360655;2.9508196721311477;1387.3;1170.67
410320;4103206;Bom Sucesso;2025;False;100;6674.0;estimativa_ibge;149.83518130056936;0.1783923415894241;88.11475409836065;90.32786885245902;1.3114754098360655;2.9508196721311477;1387.3;1170.67
410320;4103206;Bom Sucesso;2026;True;31;6675.0;estimativa_ibge;46.44194756554307;0.1783923415894241;88.11475409836065;90.32786885245902;1.3114754098360655;2.9508196721311477;1387.3;1170.67
410322;4103222;Bom Sucesso do Sul;2022;False;54;3202.0;censo_2022;168.64459712679576;0.21767645221736415;53.34462320067739;54.53005927180356;0.6773920406435224;82.5571549534293;1788.27;1237.33
410322;4103222;Bom Sucesso do Sul;2023;False;56;3217.960223495623;interpolada_geometrica_2022_2024;174.02328217459453;0.21767645221736415;53.34462320067739;54.53005927180356;0.6773920406435224;82.5571549534293;1788.27;1237.33
410322;4103222;Bom Sucesso do Sul;2024;False;54;3234.0;estimativa_ibge;166.97588126159553;0.21767645221736415;53.34462320067739;54.53005927180356;0.6773920406435224;82.5571549534293;1788.27;1237.33
410322;4103222;Bom Sucesso do Sul;2025;False;57;3244.0;estimativa_ibge;175.70900123304563;0.21767645221736415;53.34462320067739;54.53005927180356;0.6773920406435224;82.5571549534293;1788.27;1237.33
410322;4103222;Bom Sucesso do Sul;2026;True;29;3239.0;estimativa_ibge;89.53380673047236;0.21767645221736415;53.34462320067739;54.53005927180356;0.6773920406435224;82.5571549534293;1788.27;1237.33
410330;4103305;Borrazópolis;2022;False;92;7735.0;censo_2022;118.93988364576599;0.2341305753070459;87.0988867059594;90.01309757694827;0.4911591355599214;17.71447282252783;1549.47;1187.5
410330;4103305;Borrazópolis;2023;False;88;7779.372725355175;interpolada_geometrica_2022_2024;113.11966029495298;0.2341305753070459;87.0988867059594;90.01309757694827;0.4911591355599214;17.71447282252783;1549.47;1187.5
410330;4103305;Borrazópolis;2024;False;113;7824.0;estimativa_ibge;144.4274028629857;0.2341305753070459;87.0988867059594;90.01309757694827;0.4911591355599214;17.71447282252783;1549.47;1187.5
410330;4103305;Borrazópolis;2025;False;98;7818.0;estimativa_ibge;125.3517523663341;0.2341305753070459;87.0988867059594;90.01309757694827;0.4911591355599214;17.71447282252783;1549.47;1187.5
410330;4103305;Borrazópolis;2026;True;58;7809.0;estimativa_ibge;74.27327442694327;0.2341305753070459;87.0988867059594;90.01309757694827;0.4911591355599214;17.71447282252783;1549.47;1187.5
410335;4103354;Braganey;2022;False;126;4854.0;censo_2022;259.5797280593325;0.21096003296250515;78.08807733619764;78.51772287862514;0.1611170784103115;2.8464017185821695;1317.26;1182.4
410335;4103354;Braganey;2023;False;87;4827.929991207412;interpolada_geometrica_2022_2024;180.2014531247216;0.21096003296250515;78.08807733619764;78.51772287862514;0.1611170784103115;2.8464017185821695;1317.26;1182.4
410335;4103354;Braganey;2024;False;107;4802.0;estimativa_ibge;222.8238234069138;0.21096003296250515;78.08807733619764;78.51772287862514;0.1611170784103115;2.8464017185821695;1317.26;1182.4
410335;4103354;Braganey;2025;False;115;4745.0;estimativa_ibge;242.3603793466807;0.21096003296250515;78.08807733619764;78.51772287862514;0.1611170784103115;2.8464017185821695;1317.26;1182.4
410335;4103354;Braganey;2026;True;64;4691.0;estimativa_ibge;136.4314645065018;0.21096003296250515;78.08807733619764;78.51772287862514;0.1611170784103115;2.8464017185821695;1317.26;1182.4
410337;4103370;Brasilândia do Sul;2022;False;44;3708.0;censo_2022;118.66235167206041;0.17637540453074432;79.35393258426966;79.7752808988764;0.8426966292134831;6.179775280898877;1443.73;1202.0
410337;4103370;Brasilândia do Sul;2023;False;52;3767.5222627079456;interpolada_geometrica_2022_2024;138.02174578956428;0.17637540453074432;79.35393258426966;79.7752808988764;0.8426966292134831;6.179775280898877;1443.73;1202.0
410337;4103370;Brasilândia do Sul;2024;False;54;3828.0;estimativa_ibge;141.06583072100315;0.17637540453074432;79.35393258426966;79.7752808988764;0.8426966292134831;6.179775280898877;1443.73;1202.0
410337;4103370;Brasilândia do Sul;2025;False;63;3861.0;estimativa_ibge;163.17016317016316;0.17637540453074432;79.35393258426966;79.7752808988764;0.8426966292134831;6.179775280898877;1443.73;1202.0
410337;4103370;Brasilândia do Sul;2026;True;19;3891.0;estimativa_ibge;48.830634798252376;0.17637540453074432;79.35393258426966;79.7752808988764;0.8426966292134831;6.179775280898877;1443.73;1202.0
410340;4103404;Cafeara;2022;False;25;2627.0;censo_2022;95.1655881233346;0.18081461743433574;82.44047619047619;83.43253968253968;0.6944444444444444;11.11111111111111;1490.03;1200.0
410340;4103404;Cafeara;2023;False;34;2640.9628925829306;interpolada_geometrica_2022_2024;128.7409228485869;0.18081461743433574;82.44047619047619;83.43253968253968;0.6944444444444444;11.11111111111111;1490.03;1200.0
410340;4103404;Cafeara;2024;False;29;2655.0;estimativa_ibge;109.22787193973633;0.18081461743433574;82.44047619047619;83.43253968253968;0.6944444444444444;11.11111111111111;1490.03;1200.0
410340;4103404;Cafeara;2025;False;33;2648.0;estimativa_ibge;124.62235649546828;0.18081461743433574;82.44047619047619;83.43253968253968;0.6944444444444444;11.11111111111111;1490.03;1200.0
410340;4103404;Cafeara;2026;True;15;2644.0;estimativa_ibge;56.732223903177;0.18081461743433574;82.44047619047619;83.43253968253968;0.6944444444444444;11.11111111111111;1490.03;1200.0
410345;4103453;Cafelândia;2022;False;75;18997.0;censo_2022;39.4799178817708;0.12317734379112491;90.12691853600944;90.87957497048406;80.1357733175915;85.53719008264463;1712.31;1375.0
410345;4103453;Cafelândia;2023;False;74;19415.881849661117;interpolada_geometrica_2022_2024;38.1131285063375;0.12317734379112491;90.12691853600944;90.87957497048406;80.1357733175915;85.53719008264463;1712.31;1375.0
410345;4103453;Cafelândia;2024;False;136;19844.0;estimativa_ibge;68.5345696432171;0.12317734379112491;90.12691853600944;90.87957497048406;80.1357733175915;85.53719008264463;1712.31;1375.0
410345;4103453;Cafelândia;2025;False;227;20145.0;estimativa_ibge;112.68304790270538;0.12317734379112491;90.12691853600944;90.87957497048406;80.1357733175915;85.53719008264463;1712.31;1375.0
410345;4103453;Cafelândia;2026;True;139;20411.0;estimativa_ibge;68.10053402577041;0.12317734379112491;90.12691853600944;90.87957497048406;80.1357733175915;85.53719008264463;1712.31;1375.0
410347;4103479;Cafezal do Sul;2022;False;41;4473.0;censo_2022;91.66107757657053;0.22468142186452045;85.54913294797687;93.121387283237;0.8670520231213873;2.138728323699422;1393.28;1200.0
410347;4103479;Cafezal do Sul;2023;False;55;4516.785693388607;interpolada_geometrica_2022_2024;121.76800878665911;0.22468142186452045;85.54913294797687;93.121387283237;0.8670520231213873;2.138728323699422;1393.28;1200.0
410347;4103479;Cafezal do Sul;2024;False;49;4561.0;estimativa_ibge;107.43258057443543;0.22468142186452045;85.54913294797687;93.121387283237;0.8670520231213873;2.138728323699422;1393.28;1200.0
410347;4103479;Cafezal do Sul;2025;False;38;4580.0;estimativa_ibge;82.96943231441048;0.22468142186452045;85.54913294797687;93.121387283237;0.8670520231213873;2.138728323699422;1393.28;1200.0
410347;4103479;Cafezal do Sul;2026;True;28;4591.0;estimativa_ibge;60.98889130908299;0.22468142186452045;85.54913294797687;93.121387283237;0.8670520231213873;2.138728323699422;1393.28;1200.0
410350;4103503;Califórnia;2022;False;108;8710.0;censo_2022;123.99540757749712;0.1896670493685419;85.3061224489796;86.68759811616954;15.635792778649922;22.16640502354788;1415.61;1200.0
410350;4103503;Califórnia;2023;False;107;8814.868688755381;interpolada_geometrica_2022_2024;121.38581274216111;0.1896670493685419;85.3061224489796;86.68759811616954;15.635792778649922;22.16640502354788;1415.61;1200.0
410350;4103503;Califórnia;2024;False;163;8921.0;estimativa_ibge;182.71494227104586;0.1896670493685419;85.3061224489796;86.68759811616954;15.635792778649922;22.16640502354788;1415.61;1200.0
410350;4103503;Califórnia;2025;False;160;8963.0;estimativa_ibge;178.51165904273122;0.1896670493685419;85.3061224489796;86.68759811616954;15.635792778649922;22.16640502354788;1415.61;1200.0
410350;4103503;Califórnia;2026;True;55;9002.0;estimativa_ibge;61.097533881359695;0.1896670493685419;85.3061224489796;86.68759811616954;15.635792778649922;22.16640502354788;1415.61;1200.0
410360;4103602;Cambará;2022;False;390;23212.0;censo_2022;168.01654316732726;0.20411855936584525;93.38754035633146;94.94200645701304;94.11694368049743;95.33660169795527;1436.07;1123.75
410360;4103602;Cambará;2023;False;384;23320.745271110012;interpolada_geometrica_2022_2024;164.66026086897972;0.20411855936584525;93.38754035633146;94.94200645701304;94.11694368049743;95.33660169795527;1436.07;1123.75
410360;4103602;Cambará;2024;False;408;23430.0;estimativa_ibge;174.1357234314981;0.20411855936584525;93.38754035633146;94.94200645701304;94.11694368049743;95.33660169795527;1436.07;1123.75
410360;4103602;Cambará;2025;False;408;23393.0;estimativa_ibge;174.41114863420682;0.20411855936584525;93.38754035633146;94.94200645701304;94.11694368049743;95.33660169795527;1436.07;1123.75
410360;4103602;Cambará;2026;True;182;23352.0;estimativa_ibge;77.93764988009592;0.20411855936584525;93.38754035633146;94.94200645701304;94.11694368049743;95.33660169795527;1436.07;1123.75
410370;4103701;Cambé;2022;False;1376;107208.0;censo_2022;128.34863069920155;0.17325199611969255;96.34037336874633;97.63260719666981;94.1491942692239;96.38889598283832;1753.93;1280.0
410370;4103701;Cambé;2023;False;1492;109091.94687051835;interpolada_geometrica_2022_2024;136.7653656205128;0.17325199611969255;96.34037336874633;97.63260719666981;94.1491942692239;96.38889598283832;1753.93;1280.0
410370;4103701;Cambé;2024;False;1454;111009.0;estimativa_ibge;130.9803709609131;0.17325199611969255;96.34037336874633;97.63260719666981;94.1491942692239;96.38889598283832;1753.93;1280.0
410370;4103701;Cambé;2025;False;1748;110923.0;estimativa_ibge;157.586794442992;0.17325199611969255;96.34037336874633;97.63260719666981;94.1491942692239;96.38889598283832;1753.93;1280.0
410370;4103701;Cambé;2026;True;747;111553.0;estimativa_ibge;66.96368542307243;0.17325199611969255;96.34037336874633;97.63260719666981;94.1491942692239;96.38889598283832;1753.93;1280.0
410380;4103800;Cambira;2022;False;170;9460.0;censo_2022;179.70401691331924;0.18594080338266386;86.23229461756374;86.45892351274787;14.504249291784703;61.388101983002834;1624.96;1212.0
410380;4103800;Cambira;2023;False;145;9677.010902132952;interpolada_geometrica_2022_2024;149.83965758273553;0.18594080338266386;86.23229461756374;86.45892351274787;14.504249291784703;61.388101983002834;1624.96;1212.0
410380;4103800;Cambira;2024;False;181;9899.0;estimativa_ibge;182.84675219719162;0.18594080338266386;86.23229461756374;86.45892351274787;14.504249291784703;61.388101983002834;1624.96;1212.0
410380;4103800;Cambira;2025;False;169;10045.0;estimativa_ibge;168.24290691886512;0.18594080338266386;86.23229461756374;86.45892351274787;14.504249291784703;61.388101983002834;1624.96;1212.0
410380;4103800;Cambira;2026;True;64;10182.0;estimativa_ibge;62.85602042820664;0.18594080338266386;86.23229461756374;86.45892351274787;14.504249291784703;61.388101983002834;1624.96;1212.0
410390;4103909;Campina da Lagoa;2022;False;776;15723.0;censo_2022;493.5444889652102;0.19283851682248934;88.39256061109266;88.87412819661242;1.9096645632680174;3.6698771172367985;1619.88;1200.0
410390;4103909;Campina da Lagoa;2023;False;910;15850.48317875515;interpolada_geometrica_2022_2024;574.114990525777;0.19283851682248934;88.39256061109266;88.87412819661242;1.9096645632680174;3.6698771172367985;1619.88;1200.0
410390;4103909;Campina da Lagoa;2024;False;755;15979.0;estimativa_ibge;472.495149884223;0.19283851682248934;88.39256061109266;88.87412819661242;1.9096645632680174;3.6698771172367985;1619.88;1200.0
410390;4103909;Campina da Lagoa;2025;False;771;16014.0;estimativa_ibge;481.45372798801054;0.19283851682248934;88.39256061109266;88.87412819661242;1.9096645632680174;3.6698771172367985;1619.88;1200.0
410390;4103909;Campina da Lagoa;2026;True;357;16035.0;estimativa_ibge;222.6379794200187;0.19283851682248934;88.39256061109266;88.87412819661242;1.9096645632680174;3.6698771172367985;1619.88;1200.0
410395;4103958;Campina do Simão;2022;False;34;3936.0;censo_2022;86.38211382113822;0.16133130081300814;41.76939811457578;74.1841914430747;0.5076142131979695;4.496011602610587;1316.21;842.86
410395;4103958;Campina do Simão;2023;False;51;3954.4567262773276;interpolada_geometrica_2022_2024;128.96841090991205;0.16133130081300814;41.76939811457578;74.1841914430747;0.5076142131979695;4.496011602610587;1316.21;842.86
410395;4103958;Campina do Simão;2024;False;69;3973.0;estimativa_ibge;173.67228794361944;0.16133130081300814;41.76939811457578;74.1841914430747;0.5076142131979695;4.496011602610587;1316.21;842.86
410395;4103958;Campina do Simão;2025;False;78;3954.0;estimativa_ibge;197.26858877086494;0.16133130081300814;41.76939811457578;74.1841914430747;0.5076142131979695;4.496011602610587;1316.21;842.86
410395;4103958;Campina do Simão;2026;True;40;3945.0;estimativa_ibge;101.39416983523446;0.16133130081300814;41.76939811457578;74.1841914430747;0.5076142131979695;4.496011602610587;1316.21;842.86
410400;4104006;Campina Grande do Sul;2022;False;690;47825.0;censo_2022;144.27600627286984;0.12704652378463147;86.06959295799611;89.135700360371;77.68653630294796;91.38654221066935;1514.06;1212.0
410400;4104006;Campina Grande do Sul;2023;False;1438;48886.22582077696;interpolada_geometrica_2022_2024;294.15238666038334;0.12704652378463147;86.06959295799611;89.135700360371;77.68653630294796;91.38654221066935;1514.06;1212.0
410400;4104006;Campina Grande do Sul;2024;False;1393;49971.0;estimativa_ibge;278.7616817754298;0.12704652378463147;86.06959295799611;89.135700360371;77.68653630294796;91.38654221066935;1514.06;1212.0
410400;4104006;Campina Grande do Sul;2025;False;1279;50600.0;estimativa_ibge;252.76679841897231;0.12704652378463147;86.06959295799611;89.135700360371;77.68653630294796;91.38654221066935;1514.06;1212.0
410400;4104006;Campina Grande do Sul;2026;True;883;51154.0;estimativa_ibge;172.616022207452;0.12704652378463147;86.06959295799611;89.135700360371;77.68653630294796;91.38654221066935;1514.06;1212.0
410405;4104055;Campo Bonito;2022;False;62;4027.0;censo_2022;153.9607648373479;0.18475291780481748;67.1907040328093;71.42857142857143;0.6151742993848257;2.52904989747095;1444.58;1141.33
410405;4104055;Campo Bonito;2023;False;83;4029.4992244694627;interpolada_geometrica_2022_2024;205.9809305731485;0.18475291780481748;67.1907040328093;71.42857142857143;0.6151742993848257;2.52904989747095;1444.58;1141.33
410405;4104055;Campo Bonito;2024;False;87;4032.0;estimativa_ibge;215.77380952380952;0.18475291780481748;67.1907040328093;71.42857142857143;0.6151742993848257;2.52904989747095;1444.58;1141.33
410405;4104055;Campo Bonito;2025;False;75;3997.0;estimativa_ibge;187.64073054791095;0.18475291780481748;67.1907040328093;71.42857142857143;0.6151742993848257;2.52904989747095;1444.58;1141.33
410405;4104055;Campo Bonito;2026;True;86;3974.0;estimativa_ibge;216.40664318067437;0.18475291780481748;67.1907040328093;71.42857142857143;0.6151742993848257;2.52904989747095;1444.58;1141.33
410410;4104105;Campo do Tenente;2022;False;72;7508.0;censo_2022;95.89770911028236;0.13891848694725625;89.47154471544715;93.69918699186992;30.609756097560975;51.260162601626014;1119.38;904.0
410410;4104105;Campo do Tenente;2023;False;85;7586.588693213835;interpolada_geometrica_2022_2024;112.03981583452925;0.13891848694725625;89.47154471544715;93.69918699186992;30.609756097560975;51.260162601626014;1119.38;904.0
410410;4104105;Campo do Tenente;2024;False;88;7666.0;estimativa_ibge;114.7925906600574;0.13891848694725625;89.47154471544715;93.69918699186992;30.609756097560975;51.260162601626014;1119.38;904.0
410410;4104105;Campo do Tenente;2025;False;107;7693.0;estimativa_ibge;139.0874821266086;0.13891848694725625;89.47154471544715;93.69918699186992;30.609756097560975;51.260162601626014;1119.38;904.0
410410;4104105;Campo do Tenente;2026;True;48;7717.0;estimativa_ibge;62.200336918491644;0.13891848694725625;89.47154471544715;93.69918699186992;30.609756097560975;51.260162601626014;1119.38;904.0
410420;4104204;Campo Largo;2022;False;1722;136327.0;censo_2022;126.31393634423114;0.14786505974605177;88.02074890581942;89.79170043767223;70.61517263738045;83.77978602690874;1755.14;1304.0
410420;4104204;Campo Largo;2023;False;1641;139474.6617310829;interpolada_geometrica_2022_2024;117.65577916682568;0.14786505974605177;88.02074890581942;89.79170043767223;70.61517263738045;83.77978602690874;1755.14;1304.0
410420;4104204;Campo Largo;2024;False;1989;142695.0;estimativa_ibge;139.38820561337118;0.14786505974605177;88.02074890581942;89.79170043767223;70.61517263738045;83.77978602690874;1755.14;1304.0
410420;4104204;Campo Largo;2025;False;1980;144504.0;estimativa_ibge;137.02042850024912;0.14786505974605177;88.02074890581942;89.79170043767223;70.61517263738045;83.77978602690874;1755.14;1304.0
410420;4104204;Campo Largo;2026;True;1126;146002.0;estimativa_ibge;77.12223120231229;0.14786505974605177;88.02074890581942;89.79170043767223;70.61517263738045;83.77978602690874;1755.14;1304.0
410425;4104253;Campo Magro;2022;False;266;30160.0;censo_2022;88.19628647214854;0.1308023872679045;78.43804617790451;82.83506577131818;50.363352037531044;78.20807653389753;1402.36;1166.67
410425;4104253;Campo Magro;2023;False;254;30849.615880914953;interpolada_geometrica_2022_2024;82.33489874897812;0.1308023872679045;78.43804617790451;82.83506577131818;50.363352037531044;78.20807653389753;1402.36;1166.67
410425;4104253;Campo Magro;2024;False;278;31555.0;estimativa_ibge;88.10014260814451;0.1308023872679045;78.43804617790451;82.83506577131818;50.363352037531044;78.20807653389753;1402.36;1166.67
410425;4104253;Campo Magro;2025;False;327;31888.0;estimativa_ibge;102.54641244355243;0.1308023872679045;78.43804617790451;82.83506577131818;50.363352037531044;78.20807653389753;1402.36;1166.67
410425;4104253;Campo Magro;2026;True;165;32227.0;estimativa_ibge;51.19930493064822;0.1308023872679045;78.43804617790451;82.83506577131818;50.363352037531044;78.20807653389753;1402.36;1166.67
410430;4104303;Campo Mourão;2022;False;604;99432.0;censo_2022;60.745031780513315;0.16215101778099605;95.41802795779552;97.21225429810937;87.98939531894382;93.23817685180227;2064.25;1400.0
410430;4104303;Campo Mourão;2023;False;635;101367.16864942021;interpolada_geometrica_2022_2024;62.64355692878791;0.16215101778099605;95.41802795779552;97.21225429810937;87.98939531894382;93.23817685180227;2064.25;1400.0
410430;4104303;Campo Mourão;2024;False;720;103340.0;estimativa_ibge;69.67292432746275;0.16215101778099605;95.41802795779552;97.21225429810937;87.98939531894382;93.23817685180227;2064.25;1400.0
410430;4104303;Campo Mourão;2025;False;731;104122.0;estimativa_ibge;70.2061043775571;0.16215101778099605;95.41802795779552;97.21225429810937;87.98939531894382;93.23817685180227;2064.25;1400.0
410430;4104303;Campo Mourão;2026;True;360;104881.0;estimativa_ibge;34.32461551663314;0.16215101778099605;95.41802795779552;97.21225429810937;87.98939531894382;93.23817685180227;2064.25;1400.0
410440;4104402;Cândido de Abreu;2022;False;299;15244.0;censo_2022;196.14274468643399;0.1866308055628444;54.52755905511811;58.50035790980673;24.946313528990693;31.836077308518252;1245.36;833.33
410440;4104402;Cândido de Abreu;2023;False;350;15249.49900816417;interpolada_geometrica_2022_2024;229.51573675477434;0.1866308055628444;54.52755905511811;58.50035790980673;24.946313528990693;31.836077308518252;1245.36;833.33
410440;4104402;Cândido de Abreu;2024;False;376;15255.0;estimativa_ibge;246.47656506063586;0.1866308055628444;54.52755905511811;58.50035790980673;24.946313528990693;31.836077308518252;1245.36;833.33
410440;4104402;Cândido de Abreu;2025;False;350;15081.0;estimativa_ibge;232.08010078907233;0.1866308055628444;54.52755905511811;58.50035790980673;24.946313528990693;31.836077308518252;1245.36;833.33
410440;4104402;Cândido de Abreu;2026;True;223;14995.0;estimativa_ibge;148.71623874624873;0.1866308055628444;54.52755905511811;58.50035790980673;24.946313528990693;31.836077308518252;1245.36;833.33
410442;4104428;Candói;2022;False;304;14973.0;censo_2022;203.03212449075;0.14873438856608562;60.297160052661276;63.080684596577015;35.15140116607109;57.26913673123942;1389.16;1000.0
410442;4104428;Candói;2023;False;283;15073.164962939933;interpolada_geometrica_2022_2024;187.75088091705095;0.14873438856608562;60.297160052661276;63.080684596577015;35.15140116607109;57.26913673123942;1389.16;1000.0
410442;4104428;Candói;2024;False;288;15174.0;estimativa_ibge;189.79833926453145;0.14873438856608562;60.297160052661276;63.080684596577015;35.15140116607109;57.26913673123942;1389.16;1000.0
410442;4104428;Candói;2025;False;302;15174.0;estimativa_ibge;199.02464742322394;0.14873438856608562;60.297160052661276;63.080684596577015;35.15140116607109;57.26913673123942;1389.16;1000.0
410442;4104428;Candói;2026;True;181;15173.0;estimativa_ibge;119.29084558096619;0.14873438856608562;60.297160052661276;63.080684596577015;35.15140116607109;57.26913673123942;1389.16;1000.0
410445;4104451;Cantagalo;2022;False;113;10933.0;censo_2022;103.35680965883105;0.1728711241196378;78.53107344632768;80.66255778120185;45.45454545454545;71.80277349768875;1380.05;981.0
410445;4104451;Cantagalo;2023;False;141;10865.793436284348;interpolada_geometrica_2022_2024;129.76502896618305;0.1728711241196378;78.53107344632768;80.66255778120185;45.45454545454545;71.80277349768875;1380.05;981.0
410445;4104451;Cantagalo;2024;False;175;10799.0;estimativa_ibge;162.0520418557274;0.1728711241196378;78.53107344632768;80.66255778120185;45.45454545454545;71.80277349768875;1380.05;981.0
410445;4104451;Cantagalo;2025;False;174;10672.0;estimativa_ibge;163.04347826086956;0.1728711241196378;78.53107344632768;80.66255778120185;45.45454545454545;71.80277349768875;1380.05;981.0
410445;4104451;Cantagalo;2026;True;91;10548.0;estimativa_ibge;86.27227910504361;0.1728711241196378;78.53107344632768;80.66255778120185;45.45454545454545;71.80277349768875;1380.05;981.0
410450;4104501;Capanema;2022;False;648;20481.0;censo_2022;316.39080123040867;0.20072262096577315;82.8113063407181;95.16170104405398;44.18130888719124;76.81436210847976;1827.28;1275.0
410450;4104501;Capanema;2023;False;619;20749.73691399484;interpolada_geometrica_2022_2024;298.31703532708894;0.20072262096577315;82.8113063407181;95.16170104405398;44.18130888719124;76.81436210847976;1827.28;1275.0
410450;4104501;Capanema;2024;False;636;21022.0;estimativa_ibge;302.5401959851584;0.20072262096577315;82.8113063407181;95.16170104405398;44.18130888719124;76.81436210847976;1827.28;1275.0
410450;4104501;Capanema;2025;False;686;21088.0;estimativa_ibge;325.30349013657053;0.20072262096577315;82.8113063407181;95.16170104405398;44.18130888719124;76.81436210847976;1827.28;1275.0
410450;4104501;Capanema;2026;True;454;21208.0;estimativa_ibge;214.07016220294227;0.20072262096577315;82.8113063407181;95.16170104405398;44.18130888719124;76.81436210847976;1827.28;1275.0
410460;4104600;Capitão Leônidas Marques;2022;False;401;14648.0;censo_2022;273.7575095576188;0.18965046422719825;83.54591836734694;84.5298833819242;2.6785714285714284;20.3899416909621;1698.36;1250.0
410460;4104600;Capitão Leônidas Marques;2023;False;473;14721.814018659521;interpolada_geometrica_2022_2024;321.2919273402617;0.18965046422719825;83.54591836734694;84.5298833819242;2.6785714285714284;20.3899416909621;1698.36;1250.0
410460;4104600;Capitão Leônidas Marques;2024;False;545;14796.0;estimativa_ibge;368.34279535009466;0.18965046422719825;83.54591836734694;84.5298833819242;2.6785714285714284;20.3899416909621;1698.36;1250.0
410460;4104600;Capitão Leônidas Marques;2025;False;749;14776.0;estimativa_ibge;506.9030860855441;0.18965046422719825;83.54591836734694;84.5298833819242;2.6785714285714284;20.3899416909621;1698.36;1250.0
410460;4104600;Capitão Leônidas Marques;2026;True;399;14754.0;estimativa_ibge;270.43513623424155;0.18965046422719825;83.54591836734694;84.5298833819242;2.6785714285714284;20.3899416909621;1698.36;1250.0
410465;4104659;Carambeí;2022;False;93;23283.0;censo_2022;39.94330627496456;0.11635098569771937;79.29900037960269;80.32392762242186;72.84575477666709;86.95432114386942;1600.57;1200.0
410465;4104659;Carambeí;2023;False;158;23716.955896573236;interpolada_geometrica_2022_2024;66.61900485417219;0.11635098569771937;79.29900037960269;80.32392762242186;72.84575477666709;86.95432114386942;1600.57;1200.0
410465;4104659;Carambeí;2024;False;149;24159.0;estimativa_ibge;61.674738192806;0.11635098569771937;79.29900037960269;80.32392762242186;72.84575477666709;86.95432114386942;1600.57;1200.0
410465;4104659;Carambeí;2025;False;198;24469.0;estimativa_ibge;80.91871347419185;0.11635098569771937;79.29900037960269;80.32392762242186;72.84575477666709;86.95432114386942;1600.57;1200.0
410465;4104659;Carambeí;2026;True;115;24721.0;estimativa_ibge;46.51915375591602;0.11635098569771937;79.29900037960269;80.32392762242186;72.84575477666709;86.95432114386942;1600.57;1200.0
410470;4104709;Carlópolis;2022;False;174;16905.0;censo_2022;102.92812777284827;0.19089026915113871;71.91392978482446;72.64196731920401;65.76605727228603;74.93933020546837;1441.28;1100.0
410470;4104709;Carlópolis;2023;False;366;17232.82144629834;interpolada_geometrica_2022_2024;212.38541880129435;0.19089026915113871;71.91392978482446;72.64196731920401;65.76605727228603;74.93933020546837;1441.28;1100.0
410470;4104709;Carlópolis;2024;False;532;17567.0;estimativa_ibge;302.84055331018385;0.19089026915113871;71.91392978482446;72.64196731920401;65.76605727228603;74.93933020546837;1441.28;1100.0
410470;4104709;Carlópolis;2025;False;710;17788.0;estimativa_ibge;399.14549134247807;0.19089026915113871;71.91392978482446;72.64196731920401;65.76605727228603;74.93933020546837;1441.28;1100.0
410470;4104709;Carlópolis;2026;True;207;17985.0;estimativa_ibge;115.09591326105087;0.19089026915113871;71.91392978482446;72.64196731920401;65.76605727228603;74.93933020546837;1441.28;1100.0
410480;4104808;Cascavel;2022;False;1555;348051.0;censo_2022;44.67736050176555;0.13975538067696974;87.61214604206295;94.84725035232147;91.27628934256428;94.16956096509129;2217.32;1500.0
410480;4104808;Cascavel;2023;False;1873;355987.02406688925;interpolada_geometrica_2022_2024;52.61427730152509;0.13975538067696974;87.61214604206295;94.84725035232147;91.27628934256428;94.16956096509129;2217.32;1500.0
410480;4104808;Cascavel;2024;False;2115;364104.0;estimativa_ibge;58.087799090369785;0.13975538067696974;87.61214604206295;94.84725035232147;91.27628934256428;94.16956096509129;2217.32;1500.0
410480;4104808;Cascavel;2025;False;2782;368195.0;estimativa_ibge;75.5577886717636;0.13975538067696974;87.61214604206295;94.84725035232147;91.27628934256428;94.16956096509129;2217.32;1500.0
410480;4104808;Cascavel;2026;True;1353;372026.0;estimativa_ibge;36.36842586270852;0.13975538067696974;87.61214604206295;94.84725035232147;91.27628934256428;94.16956096509129;2217.32;1500.0
410490;4104907;Castro;2022;False;531;73075.0;censo_2022;72.66507013342456;0.13662675333561408;78.74151018777467;80.0;68.77746703955253;76.58809428685578;1568.37;1110.0
410490;4104907;Castro;2023;False;500;74174.72497421208;interpolada_geometrica_2022_2024;67.40840632355997;0.13662675333561408;78.74151018777467;80.0;68.77746703955253;76.58809428685578;1568.37;1110.0
410490;4104907;Castro;2024;False;430;75291.0;estimativa_ibge;57.11173978297539;0.13662675333561408;78.74151018777467;80.0;68.77746703955253;76.58809428685578;1568.37;1110.0
410490;4104907;Castro;2025;False;498;75644.0;estimativa_ibge;65.83469938131246;0.13662675333561408;78.74151018777467;80.0;68.77746703955253;76.58809428685578;1568.37;1110.0
410490;4104907;Castro;2026;True;356;76015.0;estimativa_ibge;46.83286193514438;0.13662675333561408;78.74151018777467;80.0;68.77746703955253;76.58809428685578;1568.37;1110.0
410500;4105003;Catanduvas;2022;False;98;10446.0;censo_2022;93.81581466590083;0.16503924947348267;67.724710768318;77.95906259270247;0.5339661821417977;18.68881637496292;1376.45;1035.33
410500;4105003;Catanduvas;2023;False;48;10536.11133198582;interpolada_geometrica_2022_2024;45.557605161479515;0.16503924947348267;67.724710768318;77.95906259270247;0.5339661821417977;18.68881637496292;1376.45;1035.33
410500;4105003;Catanduvas;2024;False;58;10627.0;estimativa_ibge;54.57796179542674;0.16503924947348267;67.724710768318;77.95906259270247;0.5339661821417977;18.68881637496292;1376.45;1035.33
410500;4105003;Catanduvas;2025;False;46;10621.0;estimativa_ibge;43.31042274738725;0.16503924947348267;67.724710768318;77.95906259270247;0.5339661821417977;18.68881637496292;1376.45;1035.33
410500;4105003;Catanduvas;2026;True;28;10636.0;estimativa_ibge;26.32568634825122;0.16503924947348267;67.724710768318;77.95906259270247;0.5339661821417977;18.68881637496292;1376.45;1035.33
410510;4105102;Centenário do Sul;2022;False;195;10832.0;censo_2022;180.0221565731167;0.20144017725258492;86.7310864954042;91.89252887108178;21.989158614188074;23.073297195380626;1244.49;1053.0
410510;4105102;Centenário do Sul;2023;False;194;10883.875780254017;interpolada_geometrica_2022_2024;178.24532723164936;0.20144017725258492;86.7310864954042;91.89252887108178;21.989158614188074;23.073297195380626;1244.49;1053.0
410510;4105102;Centenário do Sul;2024;False;200;10936.0;estimativa_ibge;182.88222384784197;0.20144017725258492;86.7310864954042;91.89252887108178;21.989158614188074;23.073297195380626;1244.49;1053.0
410510;4105102;Centenário do Sul;2025;False;202;10903.0;estimativa_ibge;185.27010914427223;0.20144017725258492;86.7310864954042;91.89252887108178;21.989158614188074;23.073297195380626;1244.49;1053.0
410510;4105102;Centenário do Sul;2026;True;96;10881.0;estimativa_ibge;88.22718500137854;0.20144017725258492;86.7310864954042;91.89252887108178;21.989158614188074;23.073297195380626;1244.49;1053.0
410520;4105201;Cerro Azul;2022;False;169;16134.0;censo_2022;104.74773769678939;0.1634436593529193;53.879088885083064;55.84860421305018;31.87189587258092;57.68110977907176;935.0;630.0
410520;4105201;Cerro Azul;2023;False;425;16186.913232608618;interpolada_geometrica_2022_2024;262.55777978956195;0.1634436593529193;53.879088885083064;55.84860421305018;31.87189587258092;57.68110977907176;935.0;630.0
410520;4105201;Cerro Azul;2024;False;406;16240.0;estimativa_ibge;250.0;0.1634436593529193;53.879088885083064;55.84860421305018;31.87189587258092;57.68110977907176;935.0;630.0
410520;4105201;Cerro Azul;2025;False;404;16287.0;estimativa_ibge;248.05059249708356;0.1634436593529193;53.879088885083064;55.84860421305018;31.87189587258092;57.68110977907176;935.0;630.0
410520;4105201;Cerro Azul;2026;True;175;15681.0;estimativa_ibge;111.60002550857726;0.1634436593529193;53.879088885083064;55.84860421305018;31.87189587258092;57.68110977907176;935.0;630.0
410530;4105300;Céu Azul;2022;False;193;11087.0;censo_2022;174.0777487147109;0.19356002525480293;83.3612640651185;87.57481446013885;67.96744074694757;79.65046684223127;1771.19;1306.67
410530;4105300;Céu Azul;2023;False;175;11168.698984214769;interpolada_geometrica_2022_2024;156.68790093397223;0.19356002525480293;83.3612640651185;87.57481446013885;67.96744074694757;79.65046684223127;1771.19;1306.67
410530;4105300;Céu Azul;2024;False;187;11251.0;estimativa_ibge;166.20744822682428;0.19356002525480293;83.3612640651185;87.57481446013885;67.96744074694757;79.65046684223127;1771.19;1306.67
410530;4105300;Céu Azul;2025;False;206;11255.0;estimativa_ibge;183.0297645490893;0.19356002525480293;83.3612640651185;87.57481446013885;67.96744074694757;79.65046684223127;1771.19;1306.67
410530;4105300;Céu Azul;2026;True;113;11258.0;estimativa_ibge;100.37306804050452;0.19356002525480293;83.3612640651185;87.57481446013885;67.96744074694757;79.65046684223127;1771.19;1306.67
410540;4105409;Chopinzinho;2022;False;349;21085.0;censo_2022;165.5205122124733;0.1737728242826654;74.5600414078675;76.7468944099379;56.83229813664596;75.46583850931677;1839.01;1250.0
410540;4105409;Chopinzinho;2023;False;510;21320.682798634756;interpolada_geometrica_2022_2024;239.20434669787275;0.1737728242826654;74.5600414078675;76.7468944099379;56.83229813664596;75.46583850931677;1839.01;1250.0
410540;4105409;Chopinzinho;2024;False;328;21559.0;estimativa_ibge;152.14063732084048;0.1737728242826654;74.5600414078675;76.7468944099379;56.83229813664596;75.46583850931677;1839.01;1250.0
410540;4105409;Chopinzinho;2025;False;374;21604.0;estimativa_ibge;173.11608961303463;0.1737728242826654;74.5600414078675;76.7468944099379;56.83229813664596;75.46583850931677;1839.01;1250.0
410540;4105409;Chopinzinho;2026;True;205;21690.0;estimativa_ibge;94.51360073766712;0.1737728242826654;74.5600414078675;76.7468944099379;56.83229813664596;75.46583850931677;1839.01;1250.0
410550;4105508;Cianorte;2022;False;557;79527.0;censo_2022;70.03910621549913;0.1726080450664554;91.76291278577477;93.1346316680779;60.86367485182049;82.84165961049958;1868.11;1366.67
410550;4105508;Cianorte;2023;False;540;80930.61344757001;interpolada_geometrica_2022_2024;66.72382390253756;0.1726080450664554;91.76291278577477;93.1346316680779;60.86367485182049;82.84165961049958;1868.11;1366.67
410550;4105508;Cianorte;2024;False;634;82359.0;estimativa_ibge;76.98005075340886;0.1726080450664554;91.76291278577477;93.1346316680779;60.86367485182049;82.84165961049958;1868.11;1366.67
410550;4105508;Cianorte;2025;False;690;82988.0;estimativa_ibge;83.1445510194245;0.1726080450664554;91.76291278577477;93.1346316680779;60.86367485182049;82.84165961049958;1868.11;1366.67
410550;4105508;Cianorte;2026;True;287;83579.0;estimativa_ibge;34.33876930807978;0.1726080450664554;91.76291278577477;93.1346316680779;60.86367485182049;82.84165961049958;1868.11;1366.67
410560;4105607;Cidade Gaúcha;2022;False;350;11467.0;censo_2022;305.2236853579838;0.1596755908258481;92.6248821866164;94.41564561734214;86.875589066918;96.37134778510838;1589.25;1200.0
410560;4105607;Cidade Gaúcha;2023;False;344;11574.991490277649;interpolada_geometrica_2022_2024;297.1924431123262;0.1596755908258481;92.6248821866164;94.41564561734214;86.875589066918;96.37134778510838;1589.25;1200.0
410560;4105607;Cidade Gaúcha;2024;False;261;11684.0;estimativa_ibge;223.38240328654572;0.1596755908258481;92.6248821866164;94.41564561734214;86.875589066918;96.37134778510838;1589.25;1200.0
410560;4105607;Cidade Gaúcha;2025;False;285;11705.0;estimativa_ibge;243.4856898761213;0.1596755908258481;92.6248821866164;94.41564561734214;86.875589066918;96.37134778510838;1589.25;1200.0
410560;4105607;Cidade Gaúcha;2026;True;168;11730.0;estimativa_ibge;143.2225063938619;0.1596755908258481;92.6248821866164;94.41564561734214;86.875589066918;96.37134778510838;1589.25;1200.0
410570;4105706;Clevelândia;2022;False;448;15070.0;censo_2022;297.27936297279365;0.17664233576642335;88.51007722734978;89.47071011489923;78.18798267093615;80.09041250706348;1590.88;1070.67
410570;4105706;Clevelândia;2023;False;571;15022.424904122503;interpolada_geometrica_2022_2024;380.0984219553691;0.17664233576642335;88.51007722734978;89.47071011489923;78.18798267093615;80.09041250706348;1590.88;1070.67
410570;4105706;Clevelândia;2024;False;731;14975.0;estimativa_ibge;488.1469115191987;0.17664233576642335;88.51007722734978;89.47071011489923;78.18798267093615;80.09041250706348;1590.88;1070.67
410570;4105706;Clevelândia;2025;False;928;14833.0;estimativa_ibge;625.6320366749815;0.17664233576642335;88.51007722734978;89.47071011489923;78.18798267093615;80.09041250706348;1590.88;1070.67
410570;4105706;Clevelândia;2026;True;555;14699.0;estimativa_ibge;377.5767058983604;0.17664233576642335;88.51007722734978;89.47071011489923;78.18798267093615;80.09041250706348;1590.88;1070.67
410580;4105805;Colombo;2022;False;2383;232212.0;censo_2022;102.6217422010921;0.12382650336761235;96.4373103650778;98.21009102476265;85.10081237153763;96.8985514338847;1526.6;1212.0
410580;4105805;Colombo;2023;False;3210;236427.73238349176;interpolada_geometrica_2022_2024;135.77087457715405;0.12382650336761235;96.4373103650778;98.21009102476265;85.10081237153763;96.8985514338847;1526.6;1212.0
410580;4105805;Colombo;2024;False;3136;240720.0;estimativa_ibge;130.275839149219;0.12382650336761235;96.4373103650778;98.21009102476265;85.10081237153763;96.8985514338847;1526.6;1212.0
410580;4105805;Colombo;2025;False;2974;241672.0;estimativa_ibge;123.0593531728955;0.12382650336761235;96.4373103650778;98.21009102476265;85.10081237153763;96.8985514338847;1526.6;1212.0
410580;4105805;Colombo;2026;True;1729;242698.0;estimativa_ibge;71.24080132510363;0.12382650336761235;96.4373103650778;98.21009102476265;85.10081237153763;96.8985514338847;1526.6;1212.0
410590;4105904;Colorado;2022;False;327;22896.0;censo_2022;142.81970649895177;0.20374737945492663;95.30079455164585;97.3439273552781;88.77412031782066;91.31668558456299;1845.18;1332.33
410590;4105904;Colorado;2023;False;348;23086.209909814126;interpolada_geometrica_2022_2024;150.73933805481968;0.20374737945492663;95.30079455164585;97.3439273552781;88.77412031782066;91.31668558456299;1845.18;1332.33
410590;4105904;Colorado;2024;False;387;23278.0;estimativa_ibge;166.2513961680557;0.20374737945492663;95.30079455164585;97.3439273552781;88.77412031782066;91.31668558456299;1845.18;1332.33
410590;4105904;Colorado;2025;False;452;23313.0;estimativa_ibge;193.88324111011025;0.20374737945492663;95.30079455164585;97.3439273552781;88.77412031782066;91.31668558456299;1845.18;1332.33
410590;4105904;Colorado;2026;True;265;23347.0;estimativa_ibge;113.50494710241145;0.20374737945492663;95.30079455164585;97.3439273552781;88.77412031782066;91.31668558456299;1845.18;1332.33
410600;4106001;Congonhinhas;2022;False;155;8320.0;censo_2022;186.29807692307693;0.20192307692307693;58.53426395939086;63.86421319796954;0.41243654822335024;25.8248730964467;1207.32;850.0
410600;4106001;Congonhinhas;2023;False;107;8380.778006843995;interpolada_geometrica_2022_2024;127.67311091240049;0.20192307692307693;58.53426395939086;63.86421319796954;0.41243654822335024;25.8248730964467;1207.32;850.0
410600;4106001;Congonhinhas;2024;False;108;8442.0;estimativa_ibge;127.9317697228145;0.20192307692307693;58.53426395939086;63.86421319796954;0.41243654822335024;25.8248730964467;1207.32;850.0
410600;4106001;Congonhinhas;2025;False;116;8445.0;estimativa_ibge;137.35938425103612;0.20192307692307693;58.53426395939086;63.86421319796954;0.41243654822335024;25.8248730964467;1207.32;850.0
410600;4106001;Congonhinhas;2026;True;54;8447.0;estimativa_ibge;63.928021782881494;0.20192307692307693;58.53426395939086;63.86421319796954;0.41243654822335024;25.8248730964467;1207.32;850.0
410610;4106100;Conselheiro Mairinck;2022;False;42;3461.0;censo_2022;121.35221034383126;0.20600982375036117;79.26920208799403;80.01491424310217;70.61894108873975;73.67636092468307;1357.56;1067.2
410610;4106100;Conselheiro Mairinck;2023;False;33;3473.477508204134;interpolada_geometrica_2022_2024;95.00565333172905;0.20600982375036117;79.26920208799403;80.01491424310217;70.61894108873975;73.67636092468307;1357.56;1067.2
410610;4106100;Conselheiro Mairinck;2024;False;46;3486.0;estimativa_ibge;131.956397016638;0.20600982375036117;79.26920208799403;80.01491424310217;70.61894108873975;73.67636092468307;1357.56;1067.2
410610;4106100;Conselheiro Mairinck;2025;False;43;3474.0;estimativa_ibge;123.77662636729994;0.20600982375036117;79.26920208799403;80.01491424310217;70.61894108873975;73.67636092468307;1357.56;1067.2
410610;4106100;Conselheiro Mairinck;2026;True;51;3464.0;estimativa_ibge;147.22863741339492;0.20600982375036117;79.26920208799403;80.01491424310217;70.61894108873975;73.67636092468307;1357.56;1067.2
410620;4106209;Contenda;2022;False;171;19128.0;censo_2022;89.39774153074029;0.1568904224173986;70.77692760447322;81.06238964096528;51.868746321365506;70.62978222483814;1234.23;1000.0
410620;4106209;Contenda;2023;False;206;19474.364071773947;interpolada_geometrica_2022_2024;105.78009081106553;0.1568904224173986;70.77692760447322;81.06238964096528;51.868746321365506;70.62978222483814;1234.23;1000.0
410620;4106209;Contenda;2024;False;202;19827.0;estimativa_ibge;101.88127301154992;0.1568904224173986;70.77692760447322;81.06238964096528;51.868746321365506;70.62978222483814;1234.23;1000.0
410620;4106209;Contenda;2025;False;197;20006.0;estimativa_ibge;98.4704588623413;0.1568904224173986;70.77692760447322;81.06238964096528;51.868746321365506;70.62978222483814;1234.23;1000.0
410620;4106209;Contenda;2026;True;99;20205.0;estimativa_ibge;48.99777282850779;0.1568904224173986;70.77692760447322;81.06238964096528;51.868746321365506;70.62978222483814;1234.23;1000.0
410630;4106308;Corbélia;2022;False;134;17470.0;censo_2022;76.7029192902118;0.18013737836290783;86.8630201028518;89.41873149446782;61.5864110955275;70.67165342060153;1707.15;1251.25
410630;4106308;Corbélia;2023;False;212;17664.912680225738;interpolada_geometrica_2022_2024;120.01191505311809;0.18013737836290783;86.8630201028518;89.41873149446782;61.5864110955275;70.67165342060153;1707.15;1251.25
410630;4106308;Corbélia;2024;False;246;17862.0;estimativa_ibge;137.72253946926438;0.18013737836290783;86.8630201028518;89.41873149446782;61.5864110955275;70.67165342060153;1707.15;1251.25
410630;4106308;Corbélia;2025;False;218;17933.0;estimativa_ibge;121.56359783639101;0.18013737836290783;86.8630201028518;89.41873149446782;61.5864110955275;70.67165342060153;1707.15;1251.25
410630;4106308;Corbélia;2026;True;150;18004.0;estimativa_ibge;83.31481892912686;0.18013737836290783;86.8630201028518;89.41873149446782;61.5864110955275;70.67165342060153;1707.15;1251.25
410640;4106407;Cornélio Procópio;2022;False;1220;45206.0;censo_2022;269.87568021943986;0.22054594522850948;96.36771036028068;96.90429860251194;90.83672386343534;92.93590423963677;1919.99;1366.67
410640;4106407;Cornélio Procópio;2023;False;1102;45516.93069617063;interpolada_geometrica_2022_2024;242.1077131399618;0.22054594522850948;96.36771036028068;96.90429860251194;90.83672386343534;92.93590423963677;1919.99;1366.67
410640;4106407;Cornélio Procópio;2024;False;1144;45830.0;estimativa_ibge;249.6181540475671;0.22054594522850948;96.36771036028068;96.90429860251194;90.83672386343534;92.93590423963677;1919.99;1366.67
410640;4106407;Cornélio Procópio;2025;False;1273;45720.0;estimativa_ibge;278.4339457567804;0.22054594522850948;96.36771036028068;96.90429860251194;90.83672386343534;92.93590423963677;1919.99;1366.67
410640;4106407;Cornélio Procópio;2026;True;584;45614.0;estimativa_ibge;128.0308677160521;0.22054594522850948;96.36771036028068;96.90429860251194;90.83672386343534;92.93590423963677;1919.99;1366.67
410645;4106456;Coronel Domingos Soares;2022;False;142;5649.0;censo_2022;251.37192423437776;0.13382899628252787;50.44865403788634;58.873379860418744;11.964107676969093;20.338983050847457;1162.7;800.0
410645;4106456;Coronel Domingos Soares;2023;False;134;5582.103904443198;interpolada_geometrica_2022_2024;240.05285873188382;0.13382899628252787;50.44865403788634;58.873379860418744;11.964107676969093;20.338983050847457;1162.7;800.0
410645;4106456;Coronel Domingos Soares;2024;False;149;5516.0;estimativa_ibge;270.123277737491;0.13382899628252787;50.44865403788634;58.873379860418744;11.964107676969093;20.338983050847457;1162.7;800.0
410645;4106456;Coronel Domingos Soares;2025;False;170;5427.0;estimativa_ibge;313.24857195503967;0.13382899628252787;50.44865403788634;58.873379860418744;11.964107676969093;20.338983050847457;1162.7;800.0
410645;4106456;Coronel Domingos Soares;2026;True;134;5342.0;estimativa_ibge;250.84238113066266;0.13382899628252787;50.44865403788634;58.873379860418744;11.964107676969093;20.338983050847457;1162.7;800.0
410650;4106506;Coronel Vivida;2022;False;317;23331.0;censo_2022;135.87072993013587;0.19429085765719428;75.15708633930649;80.95182685594601;44.15871538282523;50.03490807540144;1923.36;1356.0
410650;4106506;Coronel Vivida;2023;False;427;23593.52303069637;interpolada_geometrica_2022_2024;180.9818734762296;0.19429085765719428;75.15708633930649;80.95182685594601;44.15871538282523;50.03490807540144;1923.36;1356.0
410650;4106506;Coronel Vivida;2024;False;408;23859.0;estimativa_ibge;171.00465233245316;0.19429085765719428;75.15708633930649;80.95182685594601;44.15871538282523;50.03490807540144;1923.36;1356.0
410650;4106506;Coronel Vivida;2025;False;433;24010.0;estimativa_ibge;180.34152436484797;0.19429085765719428;75.15708633930649;80.95182685594601;44.15871538282523;50.03490807540144;1923.36;1356.0
410650;4106506;Coronel Vivida;2026;True;245;24107.0;estimativa_ibge;101.63023188285561;0.19429085765719428;75.15708633930649;80.95182685594601;44.15871538282523;50.03490807540144;1923.36;1356.0
410655;4106555;Corumbataí do Sul;2022;False;48;3760.0;censo_2022;127.6595744680851;0.2271276595744681;67.77929155313352;79.83651226158038;56.607629427792915;67.3024523160763;1219.96;1000.0
410655;4106555;Corumbataí do Sul;2023;False;55;3769.986737377202;interpolada_geometrica_2022_2024;145.88910739315693;0.2271276595744681;67.77929155313352;79.83651226158038;56.607629427792915;67.3024523160763;1219.96;1000.0
410655;4106555;Corumbataí do Sul;2024;False;45;3780.0;estimativa_ibge;119.04761904761904;0.2271276595744681;67.77929155313352;79.83651226158038;56.607629427792915;67.3024523160763;1219.96;1000.0
410655;4106555;Corumbataí do Sul;2025;False;56;3770.0;estimativa_ibge;148.54111405835545;0.2271276595744681;67.77929155313352;79.83651226158038;56.607629427792915;67.3024523160763;1219.96;1000.0
410655;4106555;Corumbataí do Sul;2026;True;33;3755.0;estimativa_ibge;87.88282290279626;0.2271276595744681;67.77929155313352;79.83651226158038;56.607629427792915;67.3024523160763;1219.96;1000.0
410657;4106571;Cruzeiro do Iguaçu;2022;False;77;4133.0;censo_2022;186.30534720541982;0.18824098717638518;72.4628312863607;74.46670976082741;0.9049773755656109;2.7149321266968327;1665.75;1224.0
410657;4106571;Cruzeiro do Iguaçu;2023;False;93;4151.95652674736;interpolada_geometrica_2022_2024;223.99078458766073;0.18824098717638518;72.4628312863607;74.46670976082741;0.9049773755656109;2.7149321266968327;1665.75;1224.0
410657;4106571;Cruzeiro do Iguaçu;2024;False;85;4171.0;estimativa_ibge;203.78806041716615;0.18824098717638518;72.4628312863607;74.46670976082741;0.9049773755656109;2.7149321266968327;1665.75;1224.0
410657;4106571;Cruzeiro do Iguaçu;2025;False;75;4129.0;estimativa_ibge;181.64204407846935;0.18824098717638518;72.4628312863607;74.46670976082741;0.9049773755656109;2.7149321266968327;1665.75;1224.0
410657;4106571;Cruzeiro do Iguaçu;2026;True;40;4120.0;estimativa_ibge;97.08737864077669;0.18824098717638518;72.4628312863607;74.46670976082741;0.9049773755656109;2.7149321266968327;1665.75;1224.0
410660;4106605;Cruzeiro do Oeste;2022;False;278;23831.0;censo_2022;116.6547773907935;0.17594729553942345;87.53157290470723;94.98277841561423;62.46842709529277;74.16762342135476;1571.31;1200.0
410660;4106605;Cruzeiro do Oeste;2023;False;316;24223.271496641406;interpolada_geometrica_2022_2024;130.4530645432488;0.17594729553942345;87.53157290470723;94.98277841561423;62.46842709529277;74.16762342135476;1571.31;1200.0
410660;4106605;Cruzeiro do Oeste;2024;False;289;24622.0;estimativa_ibge;117.374705547884;0.17594729553942345;87.53157290470723;94.98277841561423;62.46842709529277;74.16762342135476;1571.31;1200.0
410660;4106605;Cruzeiro do Oeste;2025;False;331;24859.0;estimativa_ibge;133.15097147914236;0.17594729553942345;87.53157290470723;94.98277841561423;62.46842709529277;74.16762342135476;1571.31;1200.0
410660;4106605;Cruzeiro do Oeste;2026;True;167;25071.0;estimativa_ibge;66.61082525627218;0.17594729553942345;87.53157290470723;94.98277841561423;62.46842709529277;74.16762342135476;1571.31;1200.0
410670;4106704;Cruzeiro do Sul;2022;False;41;4494.0;censo_2022;91.23275478415665;0.20026702269692923;79.58357432041643;81.37651821862349;0.7518796992481203;3.528050896471949;1407.88;1066.67
410670;4106704;Cruzeiro do Sul;2023;False;46;4520.422325402794;interpolada_geometrica_2022_2024;101.7604035390679;0.20026702269692923;79.58357432041643;81.37651821862349;0.7518796992481203;3.528050896471949;1407.88;1066.67
410670;4106704;Cruzeiro do Sul;2024;False;39;4547.0;estimativa_ibge;85.77083791510886;0.20026702269692923;79.58357432041643;81.37651821862349;0.7518796992481203;3.528050896471949;1407.88;1066.67
410670;4106704;Cruzeiro do Sul;2025;False;50;4543.0;estimativa_ibge;110.0594320933304;0.20026702269692923;79.58357432041643;81.37651821862349;0.7518796992481203;3.528050896471949;1407.88;1066.67
410670;4106704;Cruzeiro do Sul;2026;True;17;4539.0;estimativa_ibge;37.453183520599254;0.20026702269692923;79.58357432041643;81.37651821862349;0.7518796992481203;3.528050896471949;1407.88;1066.67
410680;4106803;Cruz Machado;2022;False;311;15978.0;censo_2022;194.64263362122918;0.17542871448241332;35.60366068285815;43.6290038718761;15.293910594860964;47.62407602956706;1245.38;950.0
410680;4106803;Cruz Machado;2023;False;281;15943.963748077202;interpolada_geometrica_2022_2024;176.24224718516928;0.17542871448241332;35.60366068285815;43.6290038718761;15.293910594860964;47.62407602956706;1245.38;950.0
410680;4106803;Cruz Machado;2024;False;272;15910.0;estimativa_ibge;170.96165933375235;0.17542871448241332;35.60366068285815;43.6290038718761;15.293910594860964;47.62407602956706;1245.38;950.0
410680;4106803;Cruz Machado;2025;False;223;15759.0;estimativa_ibge;141.50644076400786;0.17542871448241332;35.60366068285815;43.6290038718761;15.293910594860964;47.62407602956706;1245.38;950.0
410680;4106803;Cruz Machado;2026;True;87;15632.0;estimativa_ibge;55.655066530194475;0.17542871448241332;35.60366068285815;43.6290038718761;15.293910594860964;47.62407602956706;1245.38;950.0
410685;4106852;Cruzmaltina;2022;False;59;2892.0;censo_2022;204.01106500691563;0.2289073305670816;68.02973977695167;69.70260223048327;1.3011152416356877;5.297397769516729;1308.84;1212.0
410685;4106852;Cruzmaltina;2023;False;78;2893.999308914914;interpolada_geometrica_2022_2024;269.5232157095628;0.2289073305670816;68.02973977695167;69.70260223048327;1.3011152416356877;5.297397769516729;1308.84;1212.0
410685;4106852;Cruzmaltina;2024;False;71;2896.0;estimativa_ibge;245.1657458563536;0.2289073305670816;68.02973977695167;69.70260223048327;1.3011152416356877;5.297397769516729;1308.84;1212.0
410685;4106852;Cruzmaltina;2025;False;77;2870.0;estimativa_ibge;268.2926829268293;0.2289073305670816;68.02973977695167;69.70260223048327;1.3011152416356877;5.297397769516729;1308.84;1212.0
410685;4106852;Cruzmaltina;2026;True;33;2854.0;estimativa_ibge;115.6271899088998;0.2289073305670816;68.02973977695167;69.70260223048327;1.3011152416356877;5.297397769516729;1308.84;1212.0
410690;4106902;Curitiba;2022;False;15821;1773718.0;censo_2022;89.19681708140753;0.1813574649408756;97.6555460623963;99.56070648544777;97.16536856623812;98.76741209026731;3137.92;1850.0
410690;4106902;Curitiba;2023;False;16867;1801257.701871112;interpolada_geometrica_2022_2024;93.64012702057504;0.1813574649408756;97.6555460623963;99.56070648544777;97.16536856623812;98.76741209026731;3137.92;1850.0
410690;4106902;Curitiba;2024;False;17502;1829225.0;estimativa_ibge;95.67986442345803;0.1813574649408756;97.6555460623963;99.56070648544777;97.16536856623812;98.76741209026731;3137.92;1850.0
410690;4106902;Curitiba;2025;False;18564;1830795.0;estimativa_ibge;101.39857275118186;0.1813574649408756;97.6555460623963;99.56070648544777;97.16536856623812;98.76741209026731;3137.92;1850.0
410690;4106902;Curitiba;2026;True;9810;1832183.0;estimativa_ibge;53.54268651111816;0.1813574649408756;97.6555460623963;99.56070648544777;97.16536856623812;98.76741209026731;3137.92;1850.0
410700;4107009;Curiúva;2022;False;94;13647.0;censo_2022;68.87960723968638;0.17820766468820987;73.67168913560666;76.22918318794608;4.282315622521808;42.62490087232355;1174.71;925.0
410700;4107009;Curiúva;2023;False;98;13724.281183362573;interpolada_geometrica_2022_2024;71.40628983818962;0.17820766468820987;73.67168913560666;76.22918318794608;4.282315622521808;42.62490087232355;1174.71;925.0
410700;4107009;Curiúva;2024;False;110;13802.0;estimativa_ibge;79.69859440660774;0.17820766468820987;73.67168913560666;76.22918318794608;4.282315622521808;42.62490087232355;1174.71;925.0
410700;4107009;Curiúva;2025;False;192;13784.0;estimativa_ibge;139.29193267556587;0.17820766468820987;73.67168913560666;76.22918318794608;4.282315622521808;42.62490087232355;1174.71;925.0
410700;4107009;Curiúva;2026;True;98;13767.0;estimativa_ibge;71.18471707706836;0.17820766468820987;73.67168913560666;76.22918318794608;4.282315622521808;42.62490087232355;1174.71;925.0
410710;4107108;Diamante do Norte;2022;False;68;5142.0;censo_2022;132.24426293271102;0.22734344612991053;87.44038155802862;88.34128245892951;57.18071012188659;67.88553259141494;1508.14;1212.0
410710;4107108;Diamante do Norte;2023;False;60;5152.988259253071;interpolada_geometrica_2022_2024;116.43729226873309;0.22734344612991053;87.44038155802862;88.34128245892951;57.18071012188659;67.88553259141494;1508.14;1212.0
410710;4107108;Diamante do Norte;2024;False;72;5164.0;estimativa_ibge;139.426800929512;0.22734344612991053;87.44038155802862;88.34128245892951;57.18071012188659;67.88553259141494;1508.14;1212.0
410710;4107108;Diamante do Norte;2025;False;57;5139.0;estimativa_ibge;110.91652072387625;0.22734344612991053;87.44038155802862;88.34128245892951;57.18071012188659;67.88553259141494;1508.14;1212.0
410710;4107108;Diamante do Norte;2026;True;22;5116.0;estimativa_ibge;43.00234558248631;0.22734344612991053;87.44038155802862;88.34128245892951;57.18071012188659;67.88553259141494;1508.14;1212.0
410712;4107124;Diamante do Sul;2022;False;63;3171.0;censo_2022;198.67549668874173;0.17786187322611163;59.509721048182584;66.1876584953508;0.6762468300929839;6.931530008453086;1190.65;933.33
410712;4107124;Diamante do Sul;2023;False;80;3170.499960574042;interpolada_geometrica_2022_2024;252.3261346627345;0.17786187322611163;59.509721048182584;66.1876584953508;0.6762468300929839;6.931530008453086;1190.65;933.33
410712;4107124;Diamante do Sul;2024;False;65;3170.0;estimativa_ibge;205.04731861198738;0.17786187322611163;59.509721048182584;66.1876584953508;0.6762468300929839;6.931530008453086;1190.65;933.33
410712;4107124;Diamante do Sul;2025;False;71;3147.0;estimativa_ibge;225.61169367651732;0.17786187322611163;59.509721048182584;66.1876584953508;0.6762468300929839;6.931530008453086;1190.65;933.33
410712;4107124;Diamante do Sul;2026;True;34;3126.0;estimativa_ibge;108.76519513755598;0.17786187322611163;59.509721048182584;66.1876584953508;0.6762468300929839;6.931530008453086;1190.65;933.33
410715;4107157;Diamante D'Oeste;2022;False;27;4557.0;censo_2022;59.24950625411455;0.1880623217028747;71.01363366923533;72.73266152934202;2.4303497332542974;20.27267338470658;1469.26;1200.0
410715;4107157;Diamante D'Oeste;2023;False;20;4557.0;interpolada_geometrica_2022_2024;43.88852315119597;0.1880623217028747;71.01363366923533;72.73266152934202;2.4303497332542974;20.27267338470658;1469.26;1200.0
410715;4107157;Diamante D'Oeste;2024;False;32;4557.0;estimativa_ibge;70.22163704191354;0.1880623217028747;71.01363366923533;72.73266152934202;2.4303497332542974;20.27267338470658;1469.26;1200.0
410715;4107157;Diamante D'Oeste;2025;False;26;4513.0;estimativa_ibge;57.61134500332373;0.1880623217028747;71.01363366923533;72.73266152934202;2.4303497332542974;20.27267338470658;1469.26;1200.0
410715;4107157;Diamante D'Oeste;2026;True;10;4484.0;estimativa_ibge;22.301516503122212;0.1880623217028747;71.01363366923533;72.73266152934202;2.4303497332542974;20.27267338470658;1469.26;1200.0
410720;4107207;Dois Vizinhos;2022;False;566;44869.0;censo_2022;126.1449998885645;0.14847667654728208;82.2201261569298;83.42863880209869;57.86712256086777;70.55945292695867;2032.62;1500.0
410720;4107207;Dois Vizinhos;2023;False;726;45928.9795880553;interpolada_geometrica_2022_2024;158.0701349151702;0.14847667654728208;82.2201261569298;83.42863880209869;57.86712256086777;70.55945292695867;2032.62;1500.0
410720;4107207;Dois Vizinhos;2024;False;701;47014.0;estimativa_ibge;149.10452205725954;0.14847667654728208;82.2201261569298;83.42863880209869;57.86712256086777;70.55945292695867;2032.62;1500.0
410720;4107207;Dois Vizinhos;2025;False;658;47589.0;estimativa_ibge;138.2672466326252;0.14847667654728208;82.2201261569298;83.42863880209869;57.86712256086777;70.55945292695867;2032.62;1500.0
410720;4107207;Dois Vizinhos;2026;True;378;48127.0;estimativa_ibge;78.54219045442267;0.14847667654728208;82.2201261569298;83.42863880209869;57.86712256086777;70.55945292695867;2032.62;1500.0
410725;4107256;Douradina;2022;False;79;9161.0;censo_2022;86.23512716952298;0.17498089728195612;90.11846287200231;93.84570933256285;1.820283155157469;2.744871424443802;1609.13;1212.0
410725;4107256;Douradina;2023;False;81;9341.227167776191;interpolada_geometrica_2022_2024;86.71237573519281;0.17498089728195612;90.11846287200231;93.84570933256285;1.820283155157469;2.744871424443802;1609.13;1212.0
410725;4107256;Douradina;2024;False;68;9525.0;estimativa_ibge;71.39107611548556;0.17498089728195612;90.11846287200231;93.84570933256285;1.820283155157469;2.744871424443802;1609.13;1212.0
410725;4107256;Douradina;2025;False;76;9631.0;estimativa_ibge;78.91184716021182;0.17498089728195612;90.11846287200231;93.84570933256285;1.820283155157469;2.744871424443802;1609.13;1212.0
410725;4107256;Douradina;2026;True;30;9737.0;estimativa_ibge;30.810311184142957;0.17498089728195612;90.11846287200231;93.84570933256285;1.820283155157469;2.744871424443802;1609.13;1212.0
410730;4107306;Doutor Camargo;2022;False;47;6327.0;censo_2022;74.2848111269164;0.23502449818239293;89.98812821527503;93.43094578551643;41.90740007914523;85.0415512465374;1607.28;1262.0
410730;4107306;Doutor Camargo;2023;False;54;6405.018969526945;interpolada_geometrica_2022_2024;84.30888379396679;0.23502449818239293;89.98812821527503;93.43094578551643;41.90740007914523;85.0415512465374;1607.28;1262.0
410730;4107306;Doutor Camargo;2024;False;57;6484.0;estimativa_ibge;87.9086983343615;0.23502449818239293;89.98812821527503;93.43094578551643;41.90740007914523;85.0415512465374;1607.28;1262.0
410730;4107306;Doutor Camargo;2025;False;54;6517.0;estimativa_ibge;82.86021175387448;0.23502449818239293;89.98812821527503;93.43094578551643;41.90740007914523;85.0415512465374;1607.28;1262.0
410730;4107306;Doutor Camargo;2026;True;25;6547.0;estimativa_ibge;38.1854284405071;0.23502449818239293;89.98812821527503;93.43094578551643;41.90740007914523;85.0415512465374;1607.28;1262.0
410740;4107405;Enéas Marques;2022;False;77;5999.0;censo_2022;128.35472578763125;0.20770128354725786;62.34707748074309;83.55233348436792;1.993656547349343;15.768010874490258;2211.98;1308.0
410740;4107405;Enéas Marques;2023;False;63;6034.395578680602;interpolada_geometrica_2022_2024;104.40150828457077;0.20770128354725786;62.34707748074309;83.55233348436792;1.993656547349343;15.768010874490258;2211.98;1308.0
410740;4107405;Enéas Marques;2024;False;52;6070.0;estimativa_ibge;85.667215815486;0.20770128354725786;62.34707748074309;83.55233348436792;1.993656547349343;15.768010874490258;2211.98;1308.0
410740;4107405;Enéas Marques;2025;False;67;6146.0;estimativa_ibge;109.0139928408721;0.20770128354725786;62.34707748074309;83.55233348436792;1.993656547349343;15.768010874490258;2211.98;1308.0
410740;4107405;Enéas Marques;2026;True;23;6140.0;estimativa_ibge;37.45928338762215;0.20770128354725786;62.34707748074309;83.55233348436792;1.993656547349343;15.768010874490258;2211.98;1308.0
410750;4107504;Engenheiro Beltrão;2022;False;471;12454.0;censo_2022;378.1917456238959;0.21760077083667898;90.89203834931222;92.43434764485202;18.028345143809922;30.82534389328887;1697.37;1212.0
410750;4107504;Engenheiro Beltrão;2023;False;600;12442.494685552412;interpolada_geometrica_2022_2024;482.21840970258904;0.21760077083667898;90.89203834931222;92.43434764485202;18.028345143809922;30.82534389328887;1697.37;1212.0
410750;4107504;Engenheiro Beltrão;2024;False;460;12431.0;estimativa_ibge;370.0426353471161;0.21760077083667898;90.89203834931222;92.43434764485202;18.028345143809922;30.82534389328887;1697.37;1212.0
410750;4107504;Engenheiro Beltrão;2025;False;581;12347.0;estimativa_ibge;470.55965011743746;0.21760077083667898;90.89203834931222;92.43434764485202;18.028345143809922;30.82534389328887;1697.37;1212.0
410750;4107504;Engenheiro Beltrão;2026;True;235;12258.0;estimativa_ibge;191.71153532387012;0.21760077083667898;90.89203834931222;92.43434764485202;18.028345143809922;30.82534389328887;1697.37;1212.0
410752;4107520;Esperança Nova;2022;False;25;1849.0;censo_2022;135.2082206598161;0.2466197944835046;75.59943582510579;90.40902679830748;0.846262341325811;45.41607898448519;1417.1;1212.0
410752;4107520;Esperança Nova;2023;False;32;1853.4945373536982;interpolada_geometrica_2022_2024;172.64685357901064;0.2466197944835046;75.59943582510579;90.40902679830748;0.846262341325811;45.41607898448519;1417.1;1212.0
410752;4107520;Esperança Nova;2024;False;23;1858.0;estimativa_ibge;123.78902045209902;0.2466197944835046;75.59943582510579;90.40902679830748;0.846262341325811;45.41607898448519;1417.1;1212.0
410752;4107520;Esperança Nova;2025;False;33;1852.0;estimativa_ibge;178.18574514038878;0.2466197944835046;75.59943582510579;90.40902679830748;0.846262341325811;45.41607898448519;1417.1;1212.0
410752;4107520;Esperança Nova;2026;True;18;1844.0;estimativa_ibge;97.61388286334056;0.2466197944835046;75.59943582510579;90.40902679830748;0.846262341325811;45.41607898448519;1417.1;1212.0
410753;4107538;Entre Rios do Oeste;2022;False;62;4575.0;censo_2022;135.5191256830601;0.17989071038251367;96.02571595558153;99.4739918176505;1.694915254237288;42.957334891876094;2240.05;1660.0
410753;4107538;Entre Rios do Oeste;2023;False;57;4651.362703552583;interpolada_geometrica_2022_2024;122.54473287250845;0.17989071038251367;96.02571595558153;99.4739918176505;1.694915254237288;42.957334891876094;2240.05;1660.0
410753;4107538;Entre Rios do Oeste;2024;False;61;4729.0;estimativa_ibge;128.9913300909283;0.17989071038251367;96.02571595558153;99.4739918176505;1.694915254237288;42.957334891876094;2240.05;1660.0
410753;4107538;Entre Rios do Oeste;2025;False;97;4770.0;estimativa_ibge;203.35429769392036;0.17989071038251367;96.02571595558153;99.4739918176505;1.694915254237288;42.957334891876094;2240.05;1660.0
410753;4107538;Entre Rios do Oeste;2026;True;46;4810.0;estimativa_ibge;95.63409563409564;0.17989071038251367;96.02571595558153;99.4739918176505;1.694915254237288;42.957334891876094;2240.05;1660.0
410754;4107546;Espigão Alto do Iguaçu;2022;False;53;4797.0;censo_2022;110.48572024181782;0.18219720658745048;50.865051903114185;51.614763552479815;0.17301038062283736;3.8638985005767013;1363.45;1000.0
410754;4107546;Espigão Alto do Iguaçu;2023;False;46;4838.8177275032795;interpolada_geometrica_2022_2024;95.06454384206565;0.18219720658745048;50.865051903114185;51.614763552479815;0.17301038062283736;3.8638985005767013;1363.45;1000.0
410754;4107546;Espigão Alto do Iguaçu;2024;False;55;4881.0;estimativa_ibge;112.6818274943659;0.18219720658745048;50.865051903114185;51.614763552479815;0.17301038062283736;3.8638985005767013;1363.45;1000.0
410754;4107546;Espigão Alto do Iguaçu;2025;False;66;4880.0;estimativa_ibge;135.24590163934425;0.18219720658745048;50.865051903114185;51.614763552479815;0.17301038062283736;3.8638985005767013;1363.45;1000.0
410754;4107546;Espigão Alto do Iguaçu;2026;True;45;4888.0;estimativa_ibge;92.0621931260229;0.18219720658745048;50.865051903114185;51.614763552479815;0.17301038062283736;3.8638985005767013;1363.45;1000.0
410755;4107553;Farol;2022;False;25;3039.0;censo_2022;82.26390259953932;0.2026982560052649;67.3702726473175;68.60158311345647;0.9674582233948988;66.66666666666667;1519.69;1100.0
410755;4107553;Farol;2023;False;29;3030.9894424098543;interpolada_geometrica_2022_2024;95.67832732846115;0.2026982560052649;67.3702726473175;68.60158311345647;0.9674582233948988;66.66666666666667;1519.69;1100.0
410755;4107553;Farol;2024;False;28;3023.0;estimativa_ibge;92.62322196493548;0.2026982560052649;67.3702726473175;68.60158311345647;0.9674582233948988;66.66666666666667;1519.69;1100.0
410755;4107553;Farol;2025;False;31;2994.0;estimativa_ibge;103.54041416165664;0.2026982560052649;67.3702726473175;68.60158311345647;0.9674582233948988;66.66666666666667;1519.69;1100.0
410755;4107553;Farol;2026;True;18;2968.0;estimativa_ibge;60.64690026954178;0.2026982560052649;67.3702726473175;68.60158311345647;0.9674582233948988;66.66666666666667;1519.69;1100.0
410760;4107603;Faxinal;2022;False;198;16389.0;censo_2022;120.81274025260845;0.1780462505338947;89.0271863740583;89.53488372093024;38.5522436947265;40.648542417294465;1452.98;1003.0
410760;4107603;Faxinal;2023;False;268;16503.10279917083;interpolada_geometrica_2022_2024;162.39370454231505;0.1780462505338947;89.0271863740583;89.53488372093024;38.5522436947265;40.648542417294465;1452.98;1003.0
410760;4107603;Faxinal;2024;False;483;16618.0;estimativa_ibge;290.6486941870261;0.1780462505338947;89.0271863740583;89.53488372093024;38.5522436947265;40.648542417294465;1452.98;1003.0
410760;4107603;Faxinal;2025;False;355;16596.0;estimativa_ibge;213.90696553386357;0.1780462505338947;89.0271863740583;89.53488372093024;38.5522436947265;40.648542417294465;1452.98;1003.0
410760;4107603;Faxinal;2026;True;162;16548.0;estimativa_ibge;97.89702683103698;0.1780462505338947;89.0271863740583;89.53488372093024;38.5522436947265;40.648542417294465;1452.98;1003.0
410765;4107652;Fazenda Rio Grande;2022;False;1004;148873.0;censo_2022;67.44003277961752;0.0866376038636959;97.17259839397244;97.7456131654605;90.99633191236245;95.56062258352334;1448.37;1200.0
410765;4107652;Fazenda Rio Grande;2023;False;1119;155060.9000941243;interpolada_geometrica_2022_2024;72.16519440560128;0.0866376038636959;97.17259839397244;97.7456131654605;90.99633191236245;95.56062258352334;1448.37;1200.0
410765;4107652;Fazenda Rio Grande;2024;False;1400;161506.0;estimativa_ibge;86.68408604014712;0.0866376038636959;97.17259839397244;97.7456131654605;90.99633191236245;95.56062258352334;1448.37;1200.0
410765;4107652;Fazenda Rio Grande;2025;False;1534;165943.0;estimativa_ibge;92.44138047401819;0.0866376038636959;97.17259839397244;97.7456131654605;90.99633191236245;95.56062258352334;1448.37;1200.0
410765;4107652;Fazenda Rio Grande;2026;True;789;170123.0;estimativa_ibge;46.378208707817286;0.0866376038636959;97.17259839397244;97.7456131654605;90.99633191236245;95.56062258352334;1448.37;1200.0
410770;4107702;Fênix;2022;False;68;4492.0;censo_2022;151.38023152270702;0.22617987533392697;85.78680203045685;87.25324309080655;1.071630005640158;1.5792442188381275;1434.14;1128.0
410770;4107702;Fênix;2023;False;103;4501.988893811267;interpolada_geometrica_2022_2024;228.78777009332617;0.22617987533392697;85.78680203045685;87.25324309080655;1.071630005640158;1.5792442188381275;1434.14;1128.0
410770;4107702;Fênix;2024;False;105;4512.0;estimativa_ibge;232.7127659574468;0.22617987533392697;85.78680203045685;87.25324309080655;1.071630005640158;1.5792442188381275;1434.14;1128.0
410770;4107702;Fênix;2025;False;130;4488.0;estimativa_ibge;289.66131907308375;0.22617987533392697;85.78680203045685;87.25324309080655;1.071630005640158;1.5792442188381275;1434.14;1128.0
410770;4107702;Fênix;2026;True;43;4469.0;estimativa_ibge;96.21839337659432;0.22617987533392697;85.78680203045685;87.25324309080655;1.071630005640158;1.5792442188381275;1434.14;1128.0
410773;4107736;Fernandes Pinheiro;2022;False;84;6255.0;censo_2022;134.2925659472422;0.15955235811350918;69.34812760055479;71.56726768377254;5.362921867776237;12.482662968099861;1162.7;906.0
410773;4107736;Fernandes Pinheiro;2023;False;88;6320.65542487486;interpolada_geometrica_2022_2024;139.22606768544463;0.15955235811350918;69.34812760055479;71.56726768377254;5.362921867776237;12.482662968099861;1162.7;906.0
410773;4107736;Fernandes Pinheiro;2024;False;118;6387.0;estimativa_ibge;184.75027399405042;0.15955235811350918;69.34812760055479;71.56726768377254;5.362921867776237;12.482662968099861;1162.7;906.0
410773;4107736;Fernandes Pinheiro;2025;False;81;6400.0;estimativa_ibge;126.56250000000001;0.15955235811350918;69.34812760055479;71.56726768377254;5.362921867776237;12.482662968099861;1162.7;906.0
410773;4107736;Fernandes Pinheiro;2026;True;56;6420.0;estimativa_ibge;87.22741433021807;0.15955235811350918;69.34812760055479;71.56726768377254;5.362921867776237;12.482662968099861;1162.7;906.0
410775;4107751;Figueira;2022;False;131;8062.0;censo_2022;162.4906970974944;0.20280327462168196;91.98913781398507;95.48540393754243;42.93957909029192;45.17990495587237;1371.25;1050.0
410775;4107751;Figueira;2023;False;168;8102.896272321397;interpolada_geometrica_2022_2024;207.3332723928227;0.20280327462168196;91.98913781398507;95.48540393754243;42.93957909029192;45.17990495587237;1371.25;1050.0
410775;4107751;Figueira;2024;False;162;8144.0;estimativa_ibge;198.91944990176816;0.20280327462168196;91.98913781398507;95.48540393754243;42.93957909029192;45.17990495587237;1371.25;1050.0
410775;4107751;Figueira;2025;False;194;8129.0;estimativa_ibge;238.65174068151063;0.20280327462168196;91.98913781398507;95.48540393754243;42.93957909029192;45.17990495587237;1371.25;1050.0
410775;4107751;Figueira;2026;True;101;8115.0;estimativa_ibge;124.46087492298213;0.20280327462168196;91.98913781398507;95.48540393754243;42.93957909029192;45.17990495587237;1371.25;1050.0
410780;4107801;Floraí;2022;False;26;4792.0;censo_2022;54.257095158597664;0.2687813021702838;94.25763062597;95.65442317640972;21.624418003103983;22.348680807035695;1468.8;1212.0
410780;4107801;Floraí;2023;False;35;4808.47169067262;interpolada_geometrica_2022_2024;72.78820018404667;0.2687813021702838;94.25763062597;95.65442317640972;21.624418003103983;22.348680807035695;1468.8;1212.0
410780;4107801;Floraí;2024;False;36;4825.0;estimativa_ibge;74.61139896373057;0.2687813021702838;94.25763062597;95.65442317640972;21.624418003103983;22.348680807035695;1468.8;1212.0
410780;4107801;Floraí;2025;False;47;4805.0;estimativa_ibge;97.81477627471384;0.2687813021702838;94.25763062597;95.65442317640972;21.624418003103983;22.348680807035695;1468.8;1212.0
410780;4107801;Floraí;2026;True;25;4789.0;estimativa_ibge;52.202965128419294;0.2687813021702838;94.25763062597;95.65442317640972;21.624418003103983;22.348680807035695;1468.8;1212.0
410785;4107850;Flor da Serra do Sul;2022;False;24;4364.0;censo_2022;54.995417048579284;0.19844179651695693;52.61538461538461;55.815384615384616;1.6;12.861538461538462;1957.58;1212.0
410785;4107850;Flor da Serra do Sul;2023;False;31;4365.499742297553;interpolada_geometrica_2022_2024;71.01134309925482;0.19844179651695693;52.61538461538461;55.815384615384616;1.6;12.861538461538462;1957.58;1212.0
410785;4107850;Flor da Serra do Sul;2024;False;42;4367.0;estimativa_ibge;96.17586443782918;0.19844179651695693;52.61538461538461;55.815384615384616;1.6;12.861538461538462;1957.58;1212.0
410785;4107850;Flor da Serra do Sul;2025;False;48;4342.0;estimativa_ibge;110.5481345002303;0.19844179651695693;52.61538461538461;55.815384615384616;1.6;12.861538461538462;1957.58;1212.0
410785;4107850;Flor da Serra do Sul;2026;True;15;4315.0;estimativa_ibge;34.762456546929315;0.19844179651695693;52.61538461538461;55.815384615384616;1.6;12.861538461538462;1957.58;1212.0
410790;4107900;Floresta;2022;False;116;10458.0;censo_2022;110.91986995601454;0.14897685982023331;96.97830578512396;97.1849173553719;2.815082644628099;38.92045454545455;1457.38;1200.0
410790;4107900;Floresta;2023;False;128;10835.197644713271;interpolada_geometrica_2022_2024;118.13351652376548;0.14897685982023331;96.97830578512396;97.1849173553719;2.815082644628099;38.92045454545455;1457.38;1200.0
410790;4107900;Floresta;2024;False;162;11226.0;estimativa_ibge;144.30785676109033;0.14897685982023331;96.97830578512396;97.1849173553719;2.815082644628099;38.92045454545455;1457.38;1200.0
410790;4107900;Floresta;2025;False;213;11522.0;estimativa_ibge;184.86373893421282;0.14897685982023331;96.97830578512396;97.1849173553719;2.815082644628099;38.92045454545455;1457.38;1200.0
410790;4107900;Floresta;2026;True;112;11801.0;estimativa_ibge;94.90721125328363;0.14897685982023331;96.97830578512396;97.1849173553719;2.815082644628099;38.92045454545455;1457.38;1200.0
410800;4108007;Florestópolis;2022;False;216;11446.0;censo_2022;188.7122138738424;0.1760440328499039;93.80863039399625;97.6078799249531;53.56472795497186;62.453095684803;1226.32;1000.0
410800;4108007;Florestópolis;2023;False;210;11542.096603303924;interpolada_geometrica_2022_2024;181.9426809682805;0.1760440328499039;93.80863039399625;97.6078799249531;53.56472795497186;62.453095684803;1226.32;1000.0
410800;4108007;Florestópolis;2024;False;182;11639.0;estimativa_ibge;156.37082223558724;0.1760440328499039;93.80863039399625;97.6078799249531;53.56472795497186;62.453095684803;1226.32;1000.0
410800;4108007;Florestópolis;2025;False;170;11653.0;estimativa_ibge;145.88517978203038;0.1760440328499039;93.80863039399625;97.6078799249531;53.56472795497186;62.453095684803;1226.32;1000.0
410800;4108007;Florestópolis;2026;True;86;11667.0;estimativa_ibge;73.71217965200994;0.1760440328499039;93.80863039399625;97.6078799249531;53.56472795497186;62.453095684803;1226.32;1000.0
410810;4108106;Flórida;2022;False;34;2652.0;censo_2022;128.2051282051282;0.20512820512820512;95.86776859504133;96.07438016528926;92.04545454545455;96.38429752066116;903.94;800.0
410810;4108106;Flórida;2023;False;33;2677.8737834334165;interpolada_geometrica_2022_2024;123.2320963151941;0.20512820512820512;95.86776859504133;96.07438016528926;92.04545454545455;96.38429752066116;903.94;800.0
410810;4108106;Flórida;2024;False;28;2704.0;estimativa_ibge;103.55029585798817;0.20512820512820512;95.86776859504133;96.07438016528926;92.04545454545455;96.38429752066116;903.94;800.0
410810;4108106;Flórida;2025;False;26;2711.0;estimativa_ibge;95.90556990040575;0.20512820512820512;95.86776859504133;96.07438016528926;92.04545454545455;96.38429752066116;903.94;800.0
410810;4108106;Flórida;2026;True;13;2718.0;estimativa_ibge;47.82928623988227;0.20512820512820512;95.86776859504133;96.07438016528926;92.04545454545455;96.38429752066116;903.94;800.0
410820;4108205;Formosa do Oeste;2022;False;261;7635.0;censo_2022;341.8467583497053;0.24924688932547479;74.18712674187127;75.94558725945588;0.49767750497677504;15.461181154611811;1600.27;1212.0
410820;4108205;Formosa do Oeste;2023;False;296;7695.26217876948;interpolada_geometrica_2022_2024;384.65226151311225;0.24924688932547479;74.18712674187127;75.94558725945588;0.49767750497677504;15.461181154611811;1600.27;1212.0
410820;4108205;Formosa do Oeste;2024;False;271;7756.0;estimativa_ibge;349.406910778752;0.24924688932547479;74.18712674187127;75.94558725945588;0.49767750497677504;15.461181154611811;1600.27;1212.0
410820;4108205;Formosa do Oeste;2025;False;299;7763.0;estimativa_ibge;385.1603761432436;0.24924688932547479;74.18712674187127;75.94558725945588;0.49767750497677504;15.461181154611811;1600.27;1212.0
410820;4108205;Formosa do Oeste;2026;True;164;7769.0;estimativa_ibge;211.09537907066547;0.24924688932547479;74.18712674187127;75.94558725945588;0.49767750497677504;15.461181154611811;1600.27;1212.0
410830;4108304;Foz do Iguaçu;2022;False;2433;285415.0;censo_2022;85.2442933973337;0.13192369006534344;96.23085748491046;98.35486606474784;79.3335661196189;88.89210355664189;1910.76;1250.0
410830;4108304;Foz do Iguaçu;2023;False;2868;290413.7264317925;interpolada_geometrica_2022_2024;98.75566266230146;0.13192369006534344;96.23085748491046;98.35486606474784;79.3335661196189;88.89210355664189;1910.76;1250.0
410830;4108304;Foz do Iguaçu;2024;False;3281;295500.0;estimativa_ibge;111.03214890016919;0.13192369006534344;96.23085748491046;98.35486606474784;79.3335661196189;88.89210355664189;1910.76;1250.0
410830;4108304;Foz do Iguaçu;2025;False;2961;297352.0;estimativa_ibge;99.57895020043584;0.13192369006534344;96.23085748491046;98.35486606474784;79.3335661196189;88.89210355664189;1910.76;1250.0
410830;4108304;Foz do Iguaçu;2026;True;1039;299112.0;estimativa_ibge;34.73615234427238;0.13192369006534344;96.23085748491046;98.35486606474784;79.3335661196189;88.89210355664189;1910.76;1250.0
410832;4108320;Francisco Alves;2022;False;87;8116.0;censo_2022;107.19566288812223;0.18506653523903402;86.44778204680405;89.06741180579812;50.157177785539645;62.90604261264408;1363.92;1164.8
410832;4108320;Francisco Alves;2023;False;94;8288.173743352632;interpolada_geometrica_2022_2024;113.41461087901403;0.18506653523903402;86.44778204680405;89.06741180579812;50.157177785539645;62.90604261264408;1363.92;1164.8
410832;4108320;Francisco Alves;2024;False;77;8464.0;estimativa_ibge;90.97353497164461;0.18506653523903402;86.44778204680405;89.06741180579812;50.157177785539645;62.90604261264408;1363.92;1164.8
410832;4108320;Francisco Alves;2025;False;90;8573.0;estimativa_ibge;104.98075352851977;0.18506653523903402;86.44778204680405;89.06741180579812;50.157177785539645;62.90604261264408;1363.92;1164.8
410832;4108320;Francisco Alves;2026;True;41;8677.0;estimativa_ibge;47.25135415466175;0.18506653523903402;86.44778204680405;89.06741180579812;50.157177785539645;62.90604261264408;1363.92;1164.8
410840;4108403;Francisco Beltrão;2022;False;841;96666.0;censo_2022;87.00060000413797;0.15239070614280098;87.43013728362907;88.74871127028054;70.62238862662109;79.58380812849313;2277.74;1566.67
410840;4108403;Francisco Beltrão;2023;False;941;98956.85490151757;interpolada_geometrica_2022_2024;95.09194698401527;0.15239070614280098;87.43013728362907;88.74871127028054;70.62238862662109;79.58380812849313;2277.74;1566.67
410840;4108403;Francisco Beltrão;2024;False;1080;101302.0;estimativa_ibge;106.61191289411857;0.15239070614280098;87.43013728362907;88.74871127028054;70.62238862662109;79.58380812849313;2277.74;1566.67
410840;4108403;Francisco Beltrão;2025;False;1316;102312.0;estimativa_ibge;128.62616310892173;0.15239070614280098;87.43013728362907;88.74871127028054;70.62238862662109;79.58380812849313;2277.74;1566.67
410840;4108403;Francisco Beltrão;2026;True;485;103424.0;estimativa_ibge;46.89433787128713;0.15239070614280098;87.43013728362907;88.74871127028054;70.62238862662109;79.58380812849313;2277.74;1566.67
410845;4108452;Foz do Jordão;2022;False;99;4926.0;censo_2022;200.97442143727162;0.16504263093788063;86.80516563728243;88.20887142055025;1.5160022459292533;15.272318921953959;1270.58;1000.0
410845;4108452;Foz do Jordão;2023;False;89;4925.4999746218655;interpolada_geometrica_2022_2024;180.69231643196304;0.16504263093788063;86.80516563728243;88.20887142055025;1.5160022459292533;15.272318921953959;1270.58;1000.0
410845;4108452;Foz do Jordão;2024;False;117;4925.0;estimativa_ibge;237.56345177664974;0.16504263093788063;86.80516563728243;88.20887142055025;1.5160022459292533;15.272318921953959;1270.58;1000.0
410845;4108452;Foz do Jordão;2025;False;115;4893.0;estimativa_ibge;235.0296341712651;0.16504263093788063;86.80516563728243;88.20887142055025;1.5160022459292533;15.272318921953959;1270.58;1000.0
410845;4108452;Foz do Jordão;2026;True;43;4863.0;estimativa_ibge;88.42278428953321;0.16504263093788063;86.80516563728243;88.20887142055025;1.5160022459292533;15.272318921953959;1270.58;1000.0
410850;4108502;General Carneiro;2022;False;148;11062.0;censo_2022;133.79135780148255;0.14762249141204123;79.00912646675359;80.23468057366362;54.91525423728814;70.01303780964798;1246.29;1000.0
410850;4108502;General Carneiro;2023;False;147;10961.039275543173;interpolada_geometrica_2022_2024;134.11137055953614;0.14762249141204123;79.00912646675359;80.23468057366362;54.91525423728814;70.01303780964798;1246.29;1000.0
410850;4108502;General Carneiro;2024;False;175;10861.0;estimativa_ibge;161.12696805082408;0.14762249141204123;79.00912646675359;80.23468057366362;54.91525423728814;70.01303780964798;1246.29;1000.0
410850;4108502;General Carneiro;2025;False;143;10691.0;estimativa_ibge;133.75736600879245;0.14762249141204123;79.00912646675359;80.23468057366362;54.91525423728814;70.01303780964798;1246.29;1000.0
410850;4108502;General Carneiro;2026;True;94;10531.0;estimativa_ibge;89.2602791757668;0.14762249141204123;79.00912646675359;80.23468057366362;54.91525423728814;70.01303780964798;1246.29;1000.0
410855;4108551;Godoy Moreira;2022;False;26;2977.0;censo_2022;87.33624454148472;0.26469600268726906;65.28716216216216;79.8141891891892;0.08445945945945946;70.10135135135135;1320.61;1018.0
410855;4108551;Godoy Moreira;2023;False;46;2973.497940137171;interpolada_geometrica_2022_2024;154.69995583006175;0.26469600268726906;65.28716216216216;79.8141891891892;0.08445945945945946;70.10135135135135;1320.61;1018.0
410855;4108551;Godoy Moreira;2024;False;80;2970.0;estimativa_ibge;269.36026936026934;0.26469600268726906;65.28716216216216;79.8141891891892;0.08445945945945946;70.10135135135135;1320.61;1018.0
410855;4108551;Godoy Moreira;2025;False;73;2911.0;estimativa_ibge;250.7729302645139;0.26469600268726906;65.28716216216216;79.8141891891892;0.08445945945945946;70.10135135135135;1320.61;1018.0
410855;4108551;Godoy Moreira;2026;True;41;2889.0;estimativa_ibge;141.91761855313257;0.26469600268726906;65.28716216216216;79.8141891891892;0.08445945945945946;70.10135135135135;1320.61;1018.0
410860;4108601;Goioerê;2022;False;313;28437.0;censo_2022;110.06786932517495;0.1938671449168337;93.40210017656352;95.55803363999628;58.126568162810145;77.84592509989778;1577.15;1200.0
410860;4108601;Goioerê;2023;False;401;28702.26280278264;interpolada_geometrica_2022_2024;139.7102391387496;0.1938671449168337;93.40210017656352;95.55803363999628;58.126568162810145;77.84592509989778;1577.15;1200.0
410860;4108601;Goioerê;2024;False;406;28970.0;estimativa_ibge;140.14497756299622;0.1938671449168337;93.40210017656352;95.55803363999628;58.126568162810145;77.84592509989778;1577.15;1200.0
410860;4108601;Goioerê;2025;False;434;28931.0;estimativa_ibge;150.01209774981854;0.1938671449168337;93.40210017656352;95.55803363999628;58.126568162810145;77.84592509989778;1577.15;1200.0
410860;4108601;Goioerê;2026;True;189;28895.0;estimativa_ibge;65.40924035300225;0.1938671449168337;93.40210017656352;95.55803363999628;58.126568162810145;77.84592509989778;1577.15;1200.0
410865;4108650;Goioxim;2022;False;118;6566.0;censo_2022;179.71367651538228;0.15717331708802923;42.4295010845987;46.724511930585685;0.3470715835140998;5.249457700650759;1183.13;803.0
410865;4108650;Goioxim;2023;False;110;6548.476616740721;interpolada_geometrica_2022_2024;167.97799921708923;0.15717331708802923;42.4295010845987;46.724511930585685;0.3470715835140998;5.249457700650759;1183.13;803.0
410865;4108650;Goioxim;2024;False;86;6531.0;estimativa_ibge;131.6796815189098;0.15717331708802923;42.4295010845987;46.724511930585685;0.3470715835140998;5.249457700650759;1183.13;803.0
410865;4108650;Goioxim;2025;False;96;6469.0;estimativa_ibge;148.4000618333591;0.15717331708802923;42.4295010845987;46.724511930585685;0.3470715835140998;5.249457700650759;1183.13;803.0
410865;4108650;Goioxim;2026;True;42;6412.0;estimativa_ibge;65.50218340611353;0.15717331708802923;42.4295010845987;46.724511930585685;0.3470715835140998;5.249457700650759;1183.13;803.0
410870;4108700;Grandes Rios;2022;False;92;5641.0;censo_2022;163.0916504165928;0.2129055132068782;70.53276756247054;71.1928335690712;0.33003300330033003;1.0843941537010844;1258.21;931.0
410870;4108700;Grandes Rios;2023;False;53;5613.432639659979;interpolada_geometrica_2022_2024;94.41638192207888;0.2129055132068782;70.53276756247054;71.1928335690712;0.33003300330033003;1.0843941537010844;1258.21;931.0
410870;4108700;Grandes Rios;2024;False;93;5586.0;estimativa_ibge;166.4876476906552;0.2129055132068782;70.53276756247054;71.1928335690712;0.33003300330033003;1.0843941537010844;1258.21;931.0
410870;4108700;Grandes Rios;2025;False;94;5527.0;estimativa_ibge;170.07418129184006;0.2129055132068782;70.53276756247054;71.1928335690712;0.33003300330033003;1.0843941537010844;1258.21;931.0
410870;4108700;Grandes Rios;2026;True;44;5466.0;estimativa_ibge;80.4976216611782;0.2129055132068782;70.53276756247054;71.1928335690712;0.33003300330033003;1.0843941537010844;1258.21;931.0
410880;4108809;Guaíra;2022;False;249;32097.0;censo_2022;77.57734367697915;0.16602797769261926;92.30048547823866;94.49791329529;55.25934758538455;65.89728302529598;1631.65;1206.0
410880;4108809;Guaíra;2023;False;346;32528.59821756849;interpolada_geometrica_2022_2024;106.3679405075401;0.16602797769261926;92.30048547823866;94.49791329529;55.25934758538455;65.89728302529598;1631.65;1206.0
410880;4108809;Guaíra;2024;False;394;32966.0;estimativa_ibge;119.51707820178365;0.16602797769261926;92.30048547823866;94.49791329529;55.25934758538455;65.89728302529598;1631.65;1206.0
410880;4108809;Guaíra;2025;False;470;33058.0;estimativa_ibge;142.17436021537904;0.16602797769261926;92.30048547823866;94.49791329529;55.25934758538455;65.89728302529598;1631.65;1206.0
410880;4108809;Guaíra;2026;True;271;33145.0;estimativa_ibge;81.76195504600996;0.16602797769261926;92.30048547823866;94.49791329529;55.25934758538455;65.89728302529598;1631.65;1206.0
410890;4108908;Guairaçá;2022;False;107;6587.0;censo_2022;162.4411720054653;0.1724609078487931;85.19127930892637;96.87371452077335;0.7404360345536816;1.0695187165775402;1274.78;1064.8
410890;4108908;Guairaçá;2023;False;84;6659.599912907682;interpolada_geometrica_2022_2024;126.13370337336727;0.1724609078487931;85.19127930892637;96.87371452077335;0.7404360345536816;1.0695187165775402;1274.78;1064.8
410890;4108908;Guairaçá;2024;False;84;6733.0;estimativa_ibge;124.75865141838705;0.1724609078487931;85.19127930892637;96.87371452077335;0.7404360345536816;1.0695187165775402;1274.78;1064.8
410890;4108908;Guairaçá;2025;False;88;6762.0;estimativa_ibge;130.13901212658976;0.1724609078487931;85.19127930892637;96.87371452077335;0.7404360345536816;1.0695187165775402;1274.78;1064.8
410890;4108908;Guairaçá;2026;True;51;6786.0;estimativa_ibge;75.15473032714412;0.1724609078487931;85.19127930892637;96.87371452077335;0.7404360345536816;1.0695187165775402;1274.78;1064.8
410895;4108957;Guamiranga;2022;False;80;7856.0;censo_2022;101.83299389002038;0.16611507128309572;52.237737200143215;64.62585034013605;0.21482277121374865;10.16827783745077;1305.12;1025.0
410895;4108957;Guamiranga;2023;False;79;7908.325739371135;interpolada_geometrica_2022_2024;99.89472184574181;0.16611507128309572;52.237737200143215;64.62585034013605;0.21482277121374865;10.16827783745077;1305.12;1025.0
410895;4108957;Guamiranga;2024;False;88;7961.0;estimativa_ibge;110.53887702549932;0.16611507128309572;52.237737200143215;64.62585034013605;0.21482277121374865;10.16827783745077;1305.12;1025.0
410895;4108957;Guamiranga;2025;False;73;7916.0;estimativa_ibge;92.21829206670036;0.16611507128309572;52.237737200143215;64.62585034013605;0.21482277121374865;10.16827783745077;1305.12;1025.0
410895;4108957;Guamiranga;2026;True;33;7913.0;estimativa_ibge;41.70352584354859;0.16611507128309572;52.237737200143215;64.62585034013605;0.21482277121374865;10.16827783745077;1305.12;1025.0
410900;4109005;Guapirama;2022;False;48;4626.0;censo_2022;103.76134889753567;0.16796368352788585;83.46820809248555;84.85549132947978;69.42196531791907;86.58959537572254;1337.57;964.8
410900;4109005;Guapirama;2023;False;48;4708.268471529635;interpolada_geometrica_2022_2024;101.94830709049528;0.16796368352788585;83.46820809248555;84.85549132947978;69.42196531791907;86.58959537572254;1337.57;964.8
410900;4109005;Guapirama;2024;False;59;4792.0;estimativa_ibge;123.12186978297161;0.16796368352788585;83.46820809248555;84.85549132947978;69.42196531791907;86.58959537572254;1337.57;964.8
410900;4109005;Guapirama;2025;False;67;4857.0;estimativa_ibge;137.94523368334362;0.16796368352788585;83.46820809248555;84.85549132947978;69.42196531791907;86.58959537572254;1337.57;964.8
410900;4109005;Guapirama;2026;True;53;4902.0;estimativa_ibge;108.11913504691962;0.16796368352788585;83.46820809248555;84.85549132947978;69.42196531791907;86.58959537572254;1337.57;964.8
410910;4109104;Guaporema;2022;False;24;2191.0;censo_2022;109.53902327704246;0.2108626198083067;80.79231692677071;83.6734693877551;0.12004801920768307;18.24729891956783;1850.26;1314.29
410910;4109104;Guaporema;2023;False;50;2203.9616602835904;interpolada_geometrica_2022_2024;226.8642005032263;0.2108626198083067;80.79231692677071;83.6734693877551;0.12004801920768307;18.24729891956783;1850.26;1314.29
410910;4109104;Guaporema;2024;False;59;2217.0;estimativa_ibge;266.1253946774921;0.2108626198083067;80.79231692677071;83.6734693877551;0.12004801920768307;18.24729891956783;1850.26;1314.29
410910;4109104;Guaporema;2025;False;59;2210.0;estimativa_ibge;266.9683257918552;0.2108626198083067;80.79231692677071;83.6734693877551;0.12004801920768307;18.24729891956783;1850.26;1314.29
410910;4109104;Guaporema;2026;True;39;2208.0;estimativa_ibge;176.6304347826087;0.2108626198083067;80.79231692677071;83.6734693877551;0.12004801920768307;18.24729891956783;1850.26;1314.29
410920;4109203;Guaraci;2022;False;45;4748.0;censo_2022;94.77674810446503;0.21082561078348777;84.29752066115702;85.17906336088154;0.7713498622589532;8.539944903581267;1709.29;1341.33
410920;4109203;Guaraci;2023;False;42;4754.994847526125;interpolada_geometrica_2022_2024;88.32817142136606;0.21082561078348777;84.29752066115702;85.17906336088154;0.7713498622589532;8.539944903581267;1709.29;1341.33
410920;4109203;Guaraci;2024;False;54;4762.0;estimativa_ibge;113.3977320453591;0.21082561078348777;84.29752066115702;85.17906336088154;0.7713498622589532;8.539944903581267;1709.29;1341.33
410920;4109203;Guaraci;2025;False;64;4743.0;estimativa_ibge;134.9356947079907;0.21082561078348777;84.29752066115702;85.17906336088154;0.7713498622589532;8.539944903581267;1709.29;1341.33
410920;4109203;Guaraci;2026;True;20;4719.0;estimativa_ibge;42.38186056367874;0.21082561078348777;84.29752066115702;85.17906336088154;0.7713498622589532;8.539944903581267;1709.29;1341.33
410930;4109302;Guaraniaçu;2022;False;215;13735.0;censo_2022;156.53440116490717;0.20589734255551512;60.87535680304472;63.044719314938156;34.46241674595623;41.998097050428164;1490.34;1150.0
410930;4109302;Guaraniaçu;2023;False;355;13774.443364434006;interpolada_geometrica_2022_2024;257.7236630241043;0.20589734255551512;60.87535680304472;63.044719314938156;34.46241674595623;41.998097050428164;1490.34;1150.0
410930;4109302;Guaraniaçu;2024;False;399;13814.0;estimativa_ibge;288.8374113218474;0.20589734255551512;60.87535680304472;63.044719314938156;34.46241674595623;41.998097050428164;1490.34;1150.0
410930;4109302;Guaraniaçu;2025;False;406;13770.0;estimativa_ibge;294.8438634713145;0.20589734255551512;60.87535680304472;63.044719314938156;34.46241674595623;41.998097050428164;1490.34;1150.0
410930;4109302;Guaraniaçu;2026;True;181;13718.0;estimativa_ibge;131.94343198717013;0.20589734255551512;60.87535680304472;63.044719314938156;34.46241674595623;41.998097050428164;1490.34;1150.0
410940;4109401;Guarapuava;2022;False;1724;182093.0;censo_2022;94.67689587188964;0.14383858797427687;93.1158513699487;93.53809583385463;81.58701363693231;84.77886901038408;1703.75;1200.0
410940;4109401;Guarapuava;2023;False;2070;185371.97746693;interpolada_geometrica_2022_2024;111.66736355117558;0.14383858797427687;93.1158513699487;93.53809583385463;81.58701363693231;84.77886901038408;1703.75;1200.0
410940;4109401;Guarapuava;2024;False;2314;188710.0;estimativa_ibge;122.62201261194426;0.14383858797427687;93.1158513699487;93.53809583385463;81.58701363693231;84.77886901038408;1703.75;1200.0
410940;4109401;Guarapuava;2025;False;2080;189630.0;estimativa_ibge;109.68728576701999;0.14383858797427687;93.1158513699487;93.53809583385463;81.58701363693231;84.77886901038408;1703.75;1200.0
410940;4109401;Guarapuava;2026;True;989;190542.0;estimativa_ibge;51.90456697211114;0.14383858797427687;93.1158513699487;93.53809583385463;81.58701363693231;84.77886901038408;1703.75;1200.0
410950;4109500;Guaraqueçaba;2022;False;54;7430.0;censo_2022;72.67833109017496;0.17200538358008075;31.04384943733023;34.22584400465658;29.763290648040357;50.795498641831585;974.13;692.4
410950;4109500;Guaraqueçaba;2023;False;56;7451.967525425752;interpolada_geometrica_2022_2024;75.14793886169083;0.17200538358008075;31.04384943733023;34.22584400465658;29.763290648040357;50.795498641831585;974.13;692.4
410950;4109500;Guaraqueçaba;2024;False;87;7474.0;estimativa_ibge;116.40353224511641;0.17200538358008075;31.04384943733023;34.22584400465658;29.763290648040357;50.795498641831585;974.13;692.4
410950;4109500;Guaraqueçaba;2025;False;130;7446.0;estimativa_ibge;174.59038409884502;0.17200538358008075;31.04384943733023;34.22584400465658;29.763290648040357;50.795498641831585;974.13;692.4
410950;4109500;Guaraqueçaba;2026;True;88;7418.0;estimativa_ibge;118.63035858722027;0.17200538358008075;31.04384943733023;34.22584400465658;29.763290648040357;50.795498641831585;974.13;692.4
410960;4109609;Guaratuba;2022;False;471;42062.0;censo_2022;111.9775569397556;0.19323855261280967;85.07715346051175;91.10619180936258;70.6295982811381;90.49417279770819;1685.43;1166.67
410960;4109609;Guaratuba;2023;False;519;43177.702880074576;interpolada_geometrica_2022_2024;120.20092904004522;0.19323855261280967;85.07715346051175;91.10619180936258;70.6295982811381;90.49417279770819;1685.43;1166.67
410960;4109609;Guaratuba;2024;False;510;44323.0;estimativa_ibge;115.06441350991584;0.19323855261280967;85.07715346051175;91.10619180936258;70.6295982811381;90.49417279770819;1685.43;1166.67
410960;4109609;Guaratuba;2025;False;642;44913.0;estimativa_ibge;142.94302317814441;0.19323855261280967;85.07715346051175;91.10619180936258;70.6295982811381;90.49417279770819;1685.43;1166.67
410960;4109609;Guaratuba;2026;True;320;45529.0;estimativa_ibge;70.2848733774078;0.19323855261280967;85.07715346051175;91.10619180936258;70.6295982811381;90.49417279770819;1685.43;1166.67
410965;4109658;Honório Serpa;2022;False;74;4941.0;censo_2022;149.7672535923902;0.1827565270188221;49.859154929577464;50.76056338028169;3.323943661971831;5.971830985915493;1708.91;1212.0
410965;4109658;Honório Serpa;2023;False;58;4906.37870531821;interpolada_geometrica_2022_2024;118.21345942401796;0.1827565270188221;49.859154929577464;50.76056338028169;3.323943661971831;5.971830985915493;1708.91;1212.0
410965;4109658;Honório Serpa;2024;False;62;4872.0;estimativa_ibge;127.25779967159278;0.1827565270188221;49.859154929577464;50.76056338028169;3.323943661971831;5.971830985915493;1708.91;1212.0
410965;4109658;Honório Serpa;2025;False;75;4803.0;estimativa_ibge;156.1524047470331;0.1827565270188221;49.859154929577464;50.76056338028169;3.323943661971831;5.971830985915493;1708.91;1212.0
410965;4109658;Honório Serpa;2026;True;36;4740.0;estimativa_ibge;75.94936708860759;0.1827565270188221;49.859154929577464;50.76056338028169;3.323943661971831;5.971830985915493;1708.91;1212.0
410970;4109708;Ibaiti;2022;False;278;28830.0;censo_2022;96.42733263961152;0.18331599028789455;85.3247720081891;87.40926856504746;30.96035734226689;44.62125442024939;1437.92;1150.0
410970;4109708;Ibaiti;2023;False;236;29133.40350868741;interpolada_geometrica_2022_2024;81.00666986252608;0.18331599028789455;85.3247720081891;87.40926856504746;30.96035734226689;44.62125442024939;1437.92;1150.0
410970;4109708;Ibaiti;2024;False;272;29440.0;estimativa_ibge;92.3913043478261;0.18331599028789455;85.3247720081891;87.40926856504746;30.96035734226689;44.62125442024939;1437.92;1150.0
410970;4109708;Ibaiti;2025;False;356;29464.0;estimativa_ibge;120.82541406462123;0.18331599028789455;85.3247720081891;87.40926856504746;30.96035734226689;44.62125442024939;1437.92;1150.0
410970;4109708;Ibaiti;2026;True;188;29465.0;estimativa_ibge;63.80451382996775;0.18331599028789455;85.3247720081891;87.40926856504746;30.96035734226689;44.62125442024939;1437.92;1150.0
410975;4109757;Ibema;2022;False;128;6218.0;censo_2022;205.85397233837247;0.17143776133805083;87.87234042553192;88.2127659574468;0.46808510638297873;4.212765957446808;1329.26;1003.0
410975;4109757;Ibema;2023;False;149;6272.263227894697;interpolada_geometrica_2022_2024;237.55380567791042;0.17143776133805083;87.87234042553192;88.2127659574468;0.46808510638297873;4.212765957446808;1329.26;1003.0
410975;4109757;Ibema;2024;False;138;6327.0;estimativa_ibge;218.11284969179707;0.17143776133805083;87.87234042553192;88.2127659574468;0.46808510638297873;4.212765957446808;1329.26;1003.0
410975;4109757;Ibema;2025;False;153;6343.0;estimativa_ibge;241.21078354091125;0.17143776133805083;87.87234042553192;88.2127659574468;0.46808510638297873;4.212765957446808;1329.26;1003.0
410975;4109757;Ibema;2026;True;47;6352.0;estimativa_ibge;73.99244332493703;0.17143776133805083;87.87234042553192;88.2127659574468;0.46808510638297873;4.212765957446808;1329.26;1003.0
410980;4109807;Ibiporã;2022;False;836;51603.0;censo_2022;162.00608491754355;0.1837102494041044;98.50952837219205;98.90343873096987;95.92781858831044;97.11487277760034;1651.74;1212.0
410980;4109807;Ibiporã;2023;False;800;52323.470469761465;interpolada_geometrica_2022_2024;152.89505700168192;0.1837102494041044;98.50952837219205;98.90343873096987;95.92781858831044;97.11487277760034;1651.74;1212.0
410980;4109807;Ibiporã;2024;False;1009;53054.0;estimativa_ibge;190.1835865344743;0.1837102494041044;98.50952837219205;98.90343873096987;95.92781858831044;97.11487277760034;1651.74;1212.0
410980;4109807;Ibiporã;2025;False;1209;53276.0;estimativa_ibge;226.93145131015842;0.1837102494041044;98.50952837219205;98.90343873096987;95.92781858831044;97.11487277760034;1651.74;1212.0
410980;4109807;Ibiporã;2026;True;574;53486.0;estimativa_ibge;107.317802789515;0.1837102494041044;98.50952837219205;98.90343873096987;95.92781858831044;97.11487277760034;1651.74;1212.0
410990;4109906;Icaraíma;2022;False;102;8991.0;censo_2022;113.44678011344678;0.20453787120453787;81.28935532233884;83.62818590704647;0.6896551724137931;1.3793103448275863;1338.6;1150.0
410990;4109906;Icaraíma;2023;False;90;9064.697954151588;interpolada_geometrica_2022_2024;99.28626464468176;0.20453787120453787;81.28935532233884;83.62818590704647;0.6896551724137931;1.3793103448275863;1338.6;1150.0
410990;4109906;Icaraíma;2024;False;93;9139.0;estimativa_ibge;101.76168070904913;0.20453787120453787;81.28935532233884;83.62818590704647;0.6896551724137931;1.3793103448275863;1338.6;1150.0
410990;4109906;Icaraíma;2025;False;77;9149.0;estimativa_ibge;84.16220351951033;0.20453787120453787;81.28935532233884;83.62818590704647;0.6896551724137931;1.3793103448275863;1338.6;1150.0
410990;4109906;Icaraíma;2026;True;44;9158.0;estimativa_ibge;48.04542476523258;0.20453787120453787;81.28935532233884;83.62818590704647;0.6896551724137931;1.3793103448275863;1338.6;1150.0
411000;4110003;Iguaraçu;2022;False;68;5338.0;censo_2022;127.38853503184714;0.15998501311352567;94.2769545222279;94.53244762391415;9.044455799693408;34.133878385283595;1388.72;1150.0
411000;4110003;Iguaraçu;2023;False;95;5466.942655634866;interpolada_geometrica_2022_2024;173.7717148031212;0.15998501311352567;94.2769545222279;94.53244762391415;9.044455799693408;34.133878385283595;1388.72;1150.0
411000;4110003;Iguaraçu;2024;False;88;5599.0;estimativa_ibge;157.17092337917484;0.15998501311352567;94.2769545222279;94.53244762391415;9.044455799693408;34.133878385283595;1388.72;1150.0
411000;4110003;Iguaraçu;2025;False;81;5693.0;estimativa_ibge;142.2799929738275;0.15998501311352567;94.2769545222279;94.53244762391415;9.044455799693408;34.133878385283595;1388.72;1150.0
411000;4110003;Iguaraçu;2026;True;37;5777.0;estimativa_ibge;64.04708326120824;0.15998501311352567;94.2769545222279;94.53244762391415;9.044455799693408;34.133878385283595;1388.72;1150.0
411005;4110052;Iguatu;2022;False;52;2144.0;censo_2022;242.53731343283582;0.2178171641791045;80.79710144927536;85.14492753623189;2.657004830917874;3.3816425120772946;1480.17;1200.0
411005;4110052;Iguatu;2023;False;50;2152.9811889563734;interpolada_geometrica_2022_2024;232.23612104217582;0.2178171641791045;80.79710144927536;85.14492753623189;2.657004830917874;3.3816425120772946;1480.17;1200.0
411005;4110052;Iguatu;2024;False;54;2162.0;estimativa_ibge;249.7687326549491;0.2178171641791045;80.79710144927536;85.14492753623189;2.657004830917874;3.3816425120772946;1480.17;1200.0
411005;4110052;Iguatu;2025;False;80;2156.0;estimativa_ibge;371.0575139146568;0.2178171641791045;80.79710144927536;85.14492753623189;2.657004830917874;3.3816425120772946;1480.17;1200.0
411005;4110052;Iguatu;2026;True;19;2150.0;estimativa_ibge;88.37209302325581;0.2178171641791045;80.79710144927536;85.14492753623189;2.657004830917874;3.3816425120772946;1480.17;1200.0
411007;4110078;Imbaú;2022;False;243;14249.0;censo_2022;170.53828338830797;0.1407818092497719;80.55146284992634;83.624500105241;44.537992001683854;50.7472111134498;1176.57;925.0
411007;4110078;Imbaú;2023;False;166;14529.244130373747;interpolada_geometrica_2022_2024;114.25233034179173;0.1407818092497719;80.55146284992634;83.624500105241;44.537992001683854;50.7472111134498;1176.57;925.0
411007;4110078;Imbaú;2024;False;140;14815.0;estimativa_ibge;94.49881876476545;0.1407818092497719;80.55146284992634;83.624500105241;44.537992001683854;50.7472111134498;1176.57;925.0
411007;4110078;Imbaú;2025;False;190;15068.0;estimativa_ibge;126.0950358375365;0.1407818092497719;80.55146284992634;83.624500105241;44.537992001683854;50.7472111134498;1176.57;925.0
411007;4110078;Imbaú;2026;True;124;15235.0;estimativa_ibge;81.39153265507056;0.1407818092497719;80.55146284992634;83.624500105241;44.537992001683854;50.7472111134498;1176.57;925.0
411010;4110102;Imbituva;2022;False;160;29924.0;censo_2022;53.46878759524128;0.13527603261596044;86.7267791351561;91.77816560015513;58.1151832460733;65.26081054876866;1254.07;1000.0
411010;4110102;Imbituva;2023;False;181;30337.64110803607;interpolada_geometrica_2022_2024;59.66185681854326;0.13527603261596044;86.7267791351561;91.77816560015513;58.1151832460733;65.26081054876866;1254.07;1000.0
411010;4110102;Imbituva;2024;False;229;30757.0;estimativa_ibge;74.45459570179146;0.13527603261596044;86.7267791351561;91.77816560015513;58.1151832460733;65.26081054876866;1254.07;1000.0
411010;4110102;Imbituva;2025;False;289;30849.0;estimativa_ibge;93.68212908035916;0.13527603261596044;86.7267791351561;91.77816560015513;58.1151832460733;65.26081054876866;1254.07;1000.0
411010;4110102;Imbituva;2026;True;124;30940.0;estimativa_ibge;40.077569489334195;0.13527603261596044;86.7267791351561;91.77816560015513;58.1151832460733;65.26081054876866;1254.07;1000.0
411020;4110201;Inácio Martins;2022;False;106;9670.0;censo_2022;109.61737331954498;0.15170630816959668;70.24893746205221;71.97935640558592;39.404978749241046;43.68548876745598;1124.11;800.0
411020;4110201;Inácio Martins;2023;False;89;9651.482269579114;interpolada_geometrica_2022_2024;92.21381494998192;0.15170630816959668;70.24893746205221;71.97935640558592;39.404978749241046;43.68548876745598;1124.11;800.0
411020;4110201;Inácio Martins;2024;False;109;9633.0;estimativa_ibge;113.15270424582165;0.15170630816959668;70.24893746205221;71.97935640558592;39.404978749241046;43.68548876745598;1124.11;800.0
411020;4110201;Inácio Martins;2025;False;122;9555.0;estimativa_ibge;127.68184196755625;0.15170630816959668;70.24893746205221;71.97935640558592;39.404978749241046;43.68548876745598;1124.11;800.0
411020;4110201;Inácio Martins;2026;True;52;9477.0;estimativa_ibge;54.869684499314126;0.15170630816959668;70.24893746205221;71.97935640558592;39.404978749241046;43.68548876745598;1124.11;800.0
411030;4110300;Inajá;2022;False;40;2536.0;censo_2022;157.72870662460568;0.21608832807570977;94.27710843373494;95.28112449799197;2.610441767068273;6.526104417670683;1139.89;900.0
411030;4110300;Inajá;2023;False;43;2522.9665079029487;interpolada_geometrica_2022_2024;170.43428783262343;0.21608832807570977;94.27710843373494;95.28112449799197;2.610441767068273;6.526104417670683;1139.89;900.0
411030;4110300;Inajá;2024;False;39;2510.0;estimativa_ibge;155.37848605577688;0.21608832807570977;94.27710843373494;95.28112449799197;2.610441767068273;6.526104417670683;1139.89;900.0
411030;4110300;Inajá;2025;False;41;2481.0;estimativa_ibge;165.2559451833938;0.21608832807570977;94.27710843373494;95.28112449799197;2.610441767068273;6.526104417670683;1139.89;900.0
411030;4110300;Inajá;2026;True;16;2453.0;estimativa_ibge;65.22625356706074;0.21608832807570977;94.27710843373494;95.28112449799197;2.610441767068273;6.526104417670683;1139.89;900.0
411040;4110409;Indianópolis;2022;False;180;4448.0;censo_2022;404.67625899280574;0.20908273381294964;87.82243551289741;91.54169166166767;1.1997600479904018;43.73125374925015;1380.22;1200.0
411040;4110409;Indianópolis;2023;False;169;4489.308187237762;interpolada_geometrica_2022_2024;376.4499850565716;0.20908273381294964;87.82243551289741;91.54169166166767;1.1997600479904018;43.73125374925015;1380.22;1200.0
411040;4110409;Indianópolis;2024;False;232;4531.0;estimativa_ibge;512.0282498344736;0.20908273381294964;87.82243551289741;91.54169166166767;1.1997600479904018;43.73125374925015;1380.22;1200.0
411040;4110409;Indianópolis;2025;False;226;4544.0;estimativa_ibge;497.35915492957747;0.20908273381294964;87.82243551289741;91.54169166166767;1.1997600479904018;43.73125374925015;1380.22;1200.0
411040;4110409;Indianópolis;2026;True;83;4553.0;estimativa_ibge;182.2973863386778;0.20908273381294964;87.82243551289741;91.54169166166767;1.1997600479904018;43.73125374925015;1380.22;1200.0
411050;4110508;Ipiranga;2022;False;81;14142.0;censo_2022;57.276198557488335;0.14418045538113422;46.2962962962963;48.24989824989825;32.43793243793244;41.391941391941394;1507.37;1100.0
411050;4110508;Ipiranga;2023;False;103;14239.66277690592;interpolada_geometrica_2022_2024;72.33317362476225;0.14418045538113422;46.2962962962963;48.24989824989825;32.43793243793244;41.391941391941394;1507.37;1100.0
411050;4110508;Ipiranga;2024;False;97;14338.0;estimativa_ibge;67.65239224438555;0.14418045538113422;46.2962962962963;48.24989824989825;32.43793243793244;41.391941391941394;1507.37;1100.0
411050;4110508;Ipiranga;2025;False;125;14317.0;estimativa_ibge;87.30879374170567;0.14418045538113422;46.2962962962963;48.24989824989825;32.43793243793244;41.391941391941394;1507.37;1100.0
411050;4110508;Ipiranga;2026;True;77;14321.0;estimativa_ibge;53.76719502828015;0.14418045538113422;46.2962962962963;48.24989824989825;32.43793243793244;41.391941391941394;1507.37;1100.0
411060;4110607;Iporã;2022;False;88;15746.0;censo_2022;55.88720945001905;0.20894195351200304;90.15795868772783;93.71636868599201;39.80211768790141;44.61031070994619;1543.14;1206.0
411060;4110607;Iporã;2023;False;336;15903.215146629942;interpolada_geometrica_2022_2024;211.2780320847272;0.20894195351200304;90.15795868772783;93.71636868599201;39.80211768790141;44.61031070994619;1543.14;1206.0
411060;4110607;Iporã;2024;False;321;16062.0;estimativa_ibge;199.8505790063504;0.20894195351200304;90.15795868772783;93.71636868599201;39.80211768790141;44.61031070994619;1543.14;1206.0
411060;4110607;Iporã;2025;False;462;16102.0;estimativa_ibge;286.9208793938641;0.20894195351200304;90.15795868772783;93.71636868599201;39.80211768790141;44.61031070994619;1543.14;1206.0
411060;4110607;Iporã;2026;True;143;16149.0;estimativa_ibge;88.55037463620037;0.20894195351200304;90.15795868772783;93.71636868599201;39.80211768790141;44.61031070994619;1543.14;1206.0
411065;4110656;Iracema do Oeste;2022;False;65;2343.0;censo_2022;277.4221084080239;0.19675629534784464;82.90993071593533;86.02771362586606;2.3094688221709005;2.540415704387991;1353.34;1170.67
411065;4110656;Iracema do Oeste;2023;False;52;2343.4999466609765;interpolada_geometrica_2022_2024;221.89034001937873;0.19675629534784464;82.90993071593533;86.02771362586606;2.3094688221709005;2.540415704387991;1353.34;1170.67
411065;4110656;Iracema do Oeste;2024;False;73;2344.0;estimativa_ibge;311.4334470989761;0.19675629534784464;82.90993071593533;86.02771362586606;2.3094688221709005;2.540415704387991;1353.34;1170.67
411065;4110656;Iracema do Oeste;2025;False;88;2328.0;estimativa_ibge;378.00687285223364;0.19675629534784464;82.90993071593533;86.02771362586606;2.3094688221709005;2.540415704387991;1353.34;1170.67
411065;4110656;Iracema do Oeste;2026;True;47;2314.0;estimativa_ibge;203.1114952463267;0.19675629534784464;82.90993071593533;86.02771362586606;2.3094688221709005;2.540415704387991;1353.34;1170.67
411070;4110706;Irati;2022;False;573;59250.0;censo_2022;96.70886075949366;0.16928270042194093;83.70840811818307;85.72414745271297;74.81706475217452;78.53099544387685;1765.52;1220.0
411070;4110706;Irati;2023;False;588;60018.02229330787;interpolada_geometrica_2022_2024;97.97057242680307;0.16928270042194093;83.70840811818307;85.72414745271297;74.81706475217452;78.53099544387685;1765.52;1220.0
411070;4110706;Irati;2024;False;616;60796.0;estimativa_ibge;101.32245542469899;0.16928270042194093;83.70840811818307;85.72414745271297;74.81706475217452;78.53099544387685;1765.52;1220.0
411070;4110706;Irati;2025;False;716;61004.0;estimativa_ibge;117.36935282932266;0.16928270042194093;83.70840811818307;85.72414745271297;74.81706475217452;78.53099544387685;1765.52;1220.0
411070;4110706;Irati;2026;True;406;61192.0;estimativa_ibge;66.3485422931102;0.16928270042194093;83.70840811818307;85.72414745271297;74.81706475217452;78.53099544387685;1765.52;1220.0
411080;4110805;Iretama;2022;False;70;10684.0;censo_2022;65.51853238487458;0.19290527892175216;70.87967644084934;80.88978766430738;3.58948432760364;3.7411526794742165;1310.73;1030.57
411080;4110805;Iretama;2023;False;69;10763.206399581864;interpolada_geometrica_2022_2024;64.1072905585835;0.19290527892175216;70.87967644084934;80.88978766430738;3.58948432760364;3.7411526794742165;1310.73;1030.57
411080;4110805;Iretama;2024;False;67;10843.0;estimativa_ibge;61.79101724614959;0.19290527892175216;70.87967644084934;80.88978766430738;3.58948432760364;3.7411526794742165;1310.73;1030.57
411080;4110805;Iretama;2025;False;70;10832.0;estimativa_ibge;64.62333825701624;0.19290527892175216;70.87967644084934;80.88978766430738;3.58948432760364;3.7411526794742165;1310.73;1030.57
411080;4110805;Iretama;2026;True;39;10836.0;estimativa_ibge;35.991140642303435;0.19290527892175216;70.87967644084934;80.88978766430738;3.58948432760364;3.7411526794742165;1310.73;1030.57
411090;4110904;Itaguajé;2022;False;60;4481.0;censo_2022;133.89868332961393;0.1999553671055568;83.84982121573302;98.51013110846246;6.4958283671036945;37.00834326579261;1391.9;1159.0
411090;4110904;Itaguajé;2023;False;47;4506.427853633075;interpolada_geometrica_2022_2024;104.29546755554664;0.1999553671055568;83.84982121573302;98.51013110846246;6.4958283671036945;37.00834326579261;1391.9;1159.0
411090;4110904;Itaguajé;2024;False;39;4532.0;estimativa_ibge;86.05472197705207;0.1999553671055568;83.84982121573302;98.51013110846246;6.4958283671036945;37.00834326579261;1391.9;1159.0
411090;4110904;Itaguajé;2025;False;57;4530.0;estimativa_ibge;125.82781456953643;0.1999553671055568;83.84982121573302;98.51013110846246;6.4958283671036945;37.00834326579261;1391.9;1159.0
411090;4110904;Itaguajé;2026;True;33;4525.0;estimativa_ibge;72.92817679558011;0.1999553671055568;83.84982121573302;98.51013110846246;6.4958283671036945;37.00834326579261;1391.9;1159.0
411095;4110953;Itaipulândia;2022;False;22;11485.0;censo_2022;19.15542011319112;0.15324336090552895;84.22330097087378;91.86893203883496;34.66019417475728;67.35436893203884;1555.62;1212.0
411095;4110953;Itaipulândia;2023;False;25;11731.847254375587;interpolada_geometrica_2022_2024;21.309517127130885;0.15324336090552895;84.22330097087378;91.86893203883496;34.66019417475728;67.35436893203884;1555.62;1212.0
411095;4110953;Itaipulândia;2024;False;59;11984.0;estimativa_ibge;49.23230974632844;0.15324336090552895;84.22330097087378;91.86893203883496;34.66019417475728;67.35436893203884;1555.62;1212.0
411095;4110953;Itaipulândia;2025;False;61;12116.0;estimativa_ibge;50.34664905909541;0.15324336090552895;84.22330097087378;91.86893203883496;34.66019417475728;67.35436893203884;1555.62;1212.0
411095;4110953;Itaipulândia;2026;True;21;12267.0;estimativa_ibge;17.119100024455857;0.15324336090552895;84.22330097087378;91.86893203883496;34.66019417475728;67.35436893203884;1555.62;1212.0
411100;4111001;Itambaracá;2022;False;146;5908.0;censo_2022;247.12254570074478;0.22935003385240352;88.36996336996337;88.69047619047619;71.10805860805861;74.45054945054945;1287.62;962.4
411100;4111001;Itambaracá;2023;False;175;5890.975471006478;interpolada_geometrica_2022_2024;297.0645538439173;0.22935003385240352;88.36996336996337;88.69047619047619;71.10805860805861;74.45054945054945;1287.62;962.4
411100;4111001;Itambaracá;2024;False;194;5874.0;estimativa_ibge;330.2689819543752;0.22935003385240352;88.36996336996337;88.69047619047619;71.10805860805861;74.45054945054945;1287.62;962.4
411100;4111001;Itambaracá;2025;False;218;5819.0;estimativa_ibge;374.6348169788624;0.22935003385240352;88.36996336996337;88.69047619047619;71.10805860805861;74.45054945054945;1287.62;962.4
411100;4111001;Itambaracá;2026;True;120;5766.0;estimativa_ibge;208.1165452653486;0.22935003385240352;88.36996336996337;88.69047619047619;71.10805860805861;74.45054945054945;1287.62;962.4
411110;4111100;Itambé;2022;False;66;6111.0;censo_2022;108.00196367206676;0.20504009163802978;93.23050556983719;95.02999143101971;66.83804627249357;84.8757497857755;1536.99;1284.0
411110;4111100;Itambé;2023;False;53;6162.780622413879;interpolada_geometrica_2022_2024;86.00014059763919;0.20504009163802978;93.23050556983719;95.02999143101971;66.83804627249357;84.8757497857755;1536.99;1284.0
411110;4111100;Itambé;2024;False;63;6215.0;estimativa_ibge;101.36765888978279;0.20504009163802978;93.23050556983719;95.02999143101971;66.83804627249357;84.8757497857755;1536.99;1284.0
411110;4111100;Itambé;2025;False;45;6228.0;estimativa_ibge;72.25433526011561;0.20504009163802978;93.23050556983719;95.02999143101971;66.83804627249357;84.8757497857755;1536.99;1284.0
411110;4111100;Itambé;2026;True;27;6236.0;estimativa_ibge;43.29698524695318;0.20504009163802978;93.23050556983719;95.02999143101971;66.83804627249357;84.8757497857755;1536.99;1284.0
411120;4111209;Itapejara d'Oeste;2022;False;67;12344.0;censo_2022;54.27738172391445;0.18041153596889176;75.06128816581234;75.75217294406062;2.1840873634945397;43.74860708714063;1613.14;1212.0
411120;4111209;Itapejara d'Oeste;2023;False;81;12553.226836156511;interpolada_geometrica_2022_2024;64.52524204111347;0.18041153596889176;75.06128816581234;75.75217294406062;2.1840873634945397;43.74860708714063;1613.14;1212.0
411120;4111209;Itapejara d'Oeste;2024;False;105;12766.0;estimativa_ibge;82.24972583424723;0.18041153596889176;75.06128816581234;75.75217294406062;2.1840873634945397;43.74860708714063;1613.14;1212.0
411120;4111209;Itapejara d'Oeste;2025;False;80;12869.0;estimativa_ibge;62.16489237703007;0.18041153596889176;75.06128816581234;75.75217294406062;2.1840873634945397;43.74860708714063;1613.14;1212.0
411120;4111209;Itapejara d'Oeste;2026;True;76;12980.0;estimativa_ibge;58.55161787365178;0.18041153596889176;75.06128816581234;75.75217294406062;2.1840873634945397;43.74860708714063;1613.14;1212.0
411125;4111258;Itaperuçu;2022;False;808;31217.0;censo_2022;258.83332799436204;0.09876029086715572;81.55967665240134;85.6490727532097;58.56395625297194;84.25106990014265;1035.18;900.0
411125;4111258;Itaperuçu;2023;False;544;32042.583073154387;interpolada_geometrica_2022_2024;169.77407806294147;0.09876029086715572;81.55967665240134;85.6490727532097;58.56395625297194;84.25106990014265;1035.18;900.0
411125;4111258;Itaperuçu;2024;False;675;32890.0;estimativa_ibge;205.22955305564;0.09876029086715572;81.55967665240134;85.6490727532097;58.56395625297194;84.25106990014265;1035.18;900.0
411125;4111258;Itaperuçu;2025;False;591;33310.0;estimativa_ibge;177.4241969378565;0.09876029086715572;81.55967665240134;85.6490727532097;58.56395625297194;84.25106990014265;1035.18;900.0
411125;4111258;Itaperuçu;2026;True;298;33763.0;estimativa_ibge;88.26229896632408;0.09876029086715572;81.55967665240134;85.6490727532097;58.56395625297194;84.25106990014265;1035.18;900.0
411130;4111308;Itaúna do Sul;2022;False;51;3572.0;censo_2022;142.77715565509519;0.20604703247480402;83.47296268088347;85.91012947448591;0.7616146230007617;7.387661843107388;1251.41;1102.4
411130;4111308;Itaúna do Sul;2023;False;63;3595.9199101203576;interpolada_geometrica_2022_2024;175.19856274521794;0.20604703247480402;83.47296268088347;85.91012947448591;0.7616146230007617;7.387661843107388;1251.41;1102.4
411130;4111308;Itaúna do Sul;2024;False;53;3620.0;estimativa_ibge;146.40883977900552;0.20604703247480402;83.47296268088347;85.91012947448591;0.7616146230007617;7.387661843107388;1251.41;1102.4
411130;4111308;Itaúna do Sul;2025;False;51;3607.0;estimativa_ibge;141.39173828666483;0.20604703247480402;83.47296268088347;85.91012947448591;0.7616146230007617;7.387661843107388;1251.41;1102.4
411130;4111308;Itaúna do Sul;2026;True;32;3606.0;estimativa_ibge;88.74098724348309;0.20604703247480402;83.47296268088347;85.91012947448591;0.7616146230007617;7.387661843107388;1251.41;1102.4
411140;4111407;Ivaí;2022;False;232;13229.0;censo_2022;175.3722881548114;0.15677677829012018;69.02268760907505;75.71989528795811;36.80191972076789;51.91972076788831;1289.23;931.0
411140;4111407;Ivaí;2023;False;256;13350.442576933545;interpolada_geometrica_2022_2024;191.7539426313165;0.15677677829012018;69.02268760907505;75.71989528795811;36.80191972076789;51.91972076788831;1289.23;931.0
411140;4111407;Ivaí;2024;False;142;13473.0;estimativa_ibge;105.39597713946412;0.15677677829012018;69.02268760907505;75.71989528795811;36.80191972076789;51.91972076788831;1289.23;931.0
411140;4111407;Ivaí;2025;False;161;13476.0;estimativa_ibge;119.47165330958742;0.15677677829012018;69.02268760907505;75.71989528795811;36.80191972076789;51.91972076788831;1289.23;931.0
411140;4111407;Ivaí;2026;True;91;13501.0;estimativa_ibge;67.4024146359529;0.15677677829012018;69.02268760907505;75.71989528795811;36.80191972076789;51.91972076788831;1289.23;931.0
411150;4111506;Ivaiporã;2022;False;524;32720.0;censo_2022;160.14669926650367;0.20794621026894866;90.9717868338558;91.61442006269593;13.753918495297805;19.71003134796238;1764.64;1212.0
411150;4111506;Ivaiporã;2023;False;716;33122.03013101703;interpolada_geometrica_2022_2024;216.17032445408708;0.20794621026894866;90.9717868338558;91.61442006269593;13.753918495297805;19.71003134796238;1764.64;1212.0
411150;4111506;Ivaiporã;2024;False;711;33529.0;estimativa_ibge;212.05523576605327;0.20794621026894866;90.9717868338558;91.61442006269593;13.753918495297805;19.71003134796238;1764.64;1212.0
411150;4111506;Ivaiporã;2025;False;707;33566.0;estimativa_ibge;210.62980396830127;0.20794621026894866;90.9717868338558;91.61442006269593;13.753918495297805;19.71003134796238;1764.64;1212.0
411150;4111506;Ivaiporã;2026;True;298;33619.0;estimativa_ibge;88.64035218180196;0.20794621026894866;90.9717868338558;91.61442006269593;13.753918495297805;19.71003134796238;1764.64;1212.0
411155;4111555;Ivaté;2022;False;64;6831.0;censo_2022;93.69052847313716;0.20128824476650564;83.68849283223557;87.87291747384735;43.20030995738086;45.1762882603642;1318.3;1132.5
411155;4111555;Ivaté;2023;False;82;6831.999926814988;interpolada_geometrica_2022_2024;120.023420489449;0.20128824476650564;83.68849283223557;87.87291747384735;43.20030995738086;45.1762882603642;1318.3;1132.5
411155;4111555;Ivaté;2024;False;68;6833.0;estimativa_ibge;99.5170496121762;0.20128824476650564;83.68849283223557;87.87291747384735;43.20030995738086;45.1762882603642;1318.3;1132.5
411155;4111555;Ivaté;2025;False;93;6788.0;estimativa_ibge;137.00648202710664;0.20128824476650564;83.68849283223557;87.87291747384735;43.20030995738086;45.1762882603642;1318.3;1132.5
411155;4111555;Ivaté;2026;True;24;6746.0;estimativa_ibge;35.57663800770827;0.20128824476650564;83.68849283223557;87.87291747384735;43.20030995738086;45.1762882603642;1318.3;1132.5
411160;4111605;Ivatuba;2022;False;10;2708.0;censo_2022;36.92762186115214;0.2378138847858198;77.7673545966229;95.49718574108817;32.551594746716695;63.789868667917446;1780.15;1241.67
411160;4111605;Ivatuba;2023;False;27;2706.499584333979;interpolada_geometrica_2022_2024;99.75985274959581;0.2378138847858198;77.7673545966229;95.49718574108817;32.551594746716695;63.789868667917446;1780.15;1241.67
411160;4111605;Ivatuba;2024;False;20;2705.0;estimativa_ibge;73.93715341959334;0.2378138847858198;77.7673545966229;95.49718574108817;32.551594746716695;63.789868667917446;1780.15;1241.67
411160;4111605;Ivatuba;2025;False;20;2685.0;estimativa_ibge;74.487895716946;0.2378138847858198;77.7673545966229;95.49718574108817;32.551594746716695;63.789868667917446;1780.15;1241.67
411160;4111605;Ivatuba;2026;True;11;2666.0;estimativa_ibge;41.26031507876969;0.2378138847858198;77.7673545966229;95.49718574108817;32.551594746716695;63.789868667917446;1780.15;1241.67
411170;4111704;Jaboti;2022;False;78;5427.0;censo_2022;143.72581536760643;0.19900497512437812;77.2238514173998;79.42326490713587;13.636363636363637;15.542521994134898;1482.44;1071.5
411170;4111704;Jaboti;2023;False;58;5500.995546262513;interpolada_geometrica_2022_2024;105.43546074929358;0.19900497512437812;77.2238514173998;79.42326490713587;13.636363636363637;15.542521994134898;1482.44;1071.5
411170;4111704;Jaboti;2024;False;80;5576.0;estimativa_ibge;143.47202295552367;0.19900497512437812;77.2238514173998;79.42326490713587;13.636363636363637;15.542521994134898;1482.44;1071.5
411170;4111704;Jaboti;2025;False;107;5655.0;estimativa_ibge;189.2130857648099;0.19900497512437812;77.2238514173998;79.42326490713587;13.636363636363637;15.542521994134898;1482.44;1071.5
411170;4111704;Jaboti;2026;True;46;5687.0;estimativa_ibge;80.88623175663794;0.19900497512437812;77.2238514173998;79.42326490713587;13.636363636363637;15.542521994134898;1482.44;1071.5
411180;4111803;Jacarezinho;2022;False;561;40375.0;censo_2022;138.94736842105263;0.17837770897832816;92.75281680344972;93.41354847683962;86.59757963555433;94.37334817081653;1591.93;1189.33
411180;4111803;Jacarezinho;2023;False;573;40884.287935587185;interpolada_geometrica_2022_2024;140.1516398922628;0.17837770897832816;92.75281680344972;93.41354847683962;86.59757963555433;94.37334817081653;1591.93;1189.33
411180;4111803;Jacarezinho;2024;False;559;41400.0;estimativa_ibge;135.024154589372;0.17837770897832816;92.75281680344972;93.41354847683962;86.59757963555433;94.37334817081653;1591.93;1189.33
411180;4111803;Jacarezinho;2025;False;527;41493.0;estimativa_ibge;127.00937507531391;0.17837770897832816;92.75281680344972;93.41354847683962;86.59757963555433;94.37334817081653;1591.93;1189.33
411180;4111803;Jacarezinho;2026;True;333;41571.0;estimativa_ibge;80.10391859709894;0.17837770897832816;92.75281680344972;93.41354847683962;86.59757963555433;94.37334817081653;1591.93;1189.33
411190;4111902;Jaguapitã;2022;False;219;15122.0;censo_2022;144.8221134770533;0.15613014151567253;92.8441699963676;93.69778423537959;91.39120958953869;93.57065019978205;1517.31;1218.0
411190;4111902;Jaguapitã;2023;False;319;15417.610644973494;interpolada_geometrica_2022_2024;206.9062498370988;0.15613014151567253;92.8441699963676;93.69778423537959;91.39120958953869;93.57065019978205;1517.31;1218.0
411190;4111902;Jaguapitã;2024;False;264;15719.0;estimativa_ibge;167.94961511546535;0.15613014151567253;92.8441699963676;93.69778423537959;91.39120958953869;93.57065019978205;1517.31;1218.0
411190;4111902;Jaguapitã;2025;False;258;15908.0;estimativa_ibge;162.18254966054815;0.15613014151567253;92.8441699963676;93.69778423537959;91.39120958953869;93.57065019978205;1517.31;1218.0
411190;4111902;Jaguapitã;2026;True;78;16085.0;estimativa_ibge;48.49238420889027;0.15613014151567253;92.8441699963676;93.69778423537959;91.39120958953869;93.57065019978205;1517.31;1218.0
411200;4112009;Jaguariaíva;2022;False;566;35141.0;censo_2022;161.0654221564554;0.13807233715602857;91.10345367687368;91.52635288589553;81.54123267287963;85.19069621740152;1418.37;1047.5
411200;4112009;Jaguariaíva;2023;False;579;35681.83811128569;interpolada_geometrica_2022_2024;162.26742529187982;0.13807233715602857;91.10345367687368;91.52635288589553;81.54123267287963;85.19069621740152;1418.37;1047.5
411200;4112009;Jaguariaíva;2024;False;655;36231.0;estimativa_ibge;180.7844111396318;0.13807233715602857;91.10345367687368;91.52635288589553;81.54123267287963;85.19069621740152;1418.37;1047.5
411200;4112009;Jaguariaíva;2025;False;567;36384.0;estimativa_ibge;155.8377308707124;0.13807233715602857;91.10345367687368;91.52635288589553;81.54123267287963;85.19069621740152;1418.37;1047.5
411200;4112009;Jaguariaíva;2026;True;382;36575.0;estimativa_ibge;104.44292549555708;0.13807233715602857;91.10345367687368;91.52635288589553;81.54123267287963;85.19069621740152;1418.37;1047.5
411210;4112108;Jandaia do Sul;2022;False;585;21408.0;censo_2022;273.262331838565;0.2068852765321375;92.06562997428676;93.86555650789764;56.814007591526874;59.703685563854535;1763.44;1308.0
411210;4112108;Jandaia do Sul;2023;False;555;21628.36581898873;interpolada_geometrica_2022_2024;256.60745922502156;0.2068852765321375;92.06562997428676;93.86555650789764;56.814007591526874;59.703685563854535;1763.44;1308.0
411210;4112108;Jandaia do Sul;2024;False;488;21851.0;estimativa_ibge;223.33074001189877;0.2068852765321375;92.06562997428676;93.86555650789764;56.814007591526874;59.703685563854535;1763.44;1308.0
411210;4112108;Jandaia do Sul;2025;False;494;21930.0;estimativa_ibge;225.26219790241677;0.2068852765321375;92.06562997428676;93.86555650789764;56.814007591526874;59.703685563854535;1763.44;1308.0
411210;4112108;Jandaia do Sul;2026;True;240;22000.0;estimativa_ibge;109.0909090909091;0.2068852765321375;92.06562997428676;93.86555650789764;56.814007591526874;59.703685563854535;1763.44;1308.0
411220;4112207;Janiópolis;2022;False;57;5870.0;censo_2022;97.10391822827938;0.23321976149914822;79.29991356957649;81.76318063958513;1.08038029386344;1.4261019878997407;1208.61;1004.0
411220;4112207;Janiópolis;2023;False;78;5852.473835909051;interpolada_geometrica_2022_2024;133.2769734422648;0.23321976149914822;79.29991356957649;81.76318063958513;1.08038029386344;1.4261019878997407;1208.61;1004.0
411220;4112207;Janiópolis;2024;False;60;5835.0;estimativa_ibge;102.82776349614394;0.23321976149914822;79.29991356957649;81.76318063958513;1.08038029386344;1.4261019878997407;1208.61;1004.0
411220;4112207;Janiópolis;2025;False;69;5807.0;estimativa_ibge;118.82211124504909;0.23321976149914822;79.29991356957649;81.76318063958513;1.08038029386344;1.4261019878997407;1208.61;1004.0
411220;4112207;Janiópolis;2026;True;22;5766.0;estimativa_ibge;38.15469996531391;0.23321976149914822;79.29991356957649;81.76318063958513;1.08038029386344;1.4261019878997407;1208.61;1004.0
411230;4112306;Japira;2022;False;94;4972.0;censo_2022;189.05872888173775;0.2015285599356396;61.8657937806874;65.63011456628477;6.710310965630114;12.438625204582651;1339.86;1100.0
411230;4112306;Japira;2023;False;122;5015.807013831373;interpolada_geometrica_2022_2024;243.23104868982807;0.2015285599356396;61.8657937806874;65.63011456628477;6.710310965630114;12.438625204582651;1339.86;1100.0
411230;4112306;Japira;2024;False;128;5060.0;estimativa_ibge;252.96442687747034;0.2015285599356396;61.8657937806874;65.63011456628477;6.710310965630114;12.438625204582651;1339.86;1100.0
411230;4112306;Japira;2025;False;95;5054.0;estimativa_ibge;187.96992481203006;0.2015285599356396;61.8657937806874;65.63011456628477;6.710310965630114;12.438625204582651;1339.86;1100.0
411230;4112306;Japira;2026;True;64;5062.0;estimativa_ibge;126.43224022125641;0.2015285599356396;61.8657937806874;65.63011456628477;6.710310965630114;12.438625204582651;1339.86;1100.0
411240;4112405;Japurá;2022;False;322;9144.0;censo_2022;352.14348206474193;0.2268153980752406;92.59792626728111;95.1036866359447;63.91129032258065;72.6094470046083;1684.55;1275.0
411240;4112405;Japurá;2023;False;298;9248.403970415653;interpolada_geometrica_2022_2024;322.21775881899214;0.2268153980752406;92.59792626728111;95.1036866359447;63.91129032258065;72.6094470046083;1684.55;1275.0
411240;4112405;Japurá;2024;False;352;9354.0;estimativa_ibge;376.3096001710498;0.2268153980752406;92.59792626728111;95.1036866359447;63.91129032258065;72.6094470046083;1684.55;1275.0
411240;4112405;Japurá;2025;False;358;9393.0;estimativa_ibge;381.1348876823166;0.2268153980752406;92.59792626728111;95.1036866359447;63.91129032258065;72.6094470046083;1684.55;1275.0
411240;4112405;Japurá;2026;True;175;9430.0;estimativa_ibge;185.5779427359491;0.2268153980752406;92.59792626728111;95.1036866359447;63.91129032258065;72.6094470046083;1684.55;1275.0
411250;4112504;Jardim Alegre;2022;False;463;12004.0;censo_2022;385.7047650783072;0.22159280239920026;67.89231779382797;76.44998905668636;18.297220398336616;54.49770190413657;1312.61;1133.33
411250;4112504;Jardim Alegre;2023;False;549;12066.835542096362;interpolada_geometrica_2022_2024;454.96600834971076;0.22159280239920026;67.89231779382797;76.44998905668636;18.297220398336616;54.49770190413657;1312.61;1133.33
411250;4112504;Jardim Alegre;2024;False;536;12130.0;estimativa_ibge;441.8796372629844;0.22159280239920026;67.89231779382797;76.44998905668636;18.297220398336616;54.49770190413657;1312.61;1133.33
411250;4112504;Jardim Alegre;2025;False;574;12138.0;estimativa_ibge;472.8950403690888;0.22159280239920026;67.89231779382797;76.44998905668636;18.297220398336616;54.49770190413657;1312.61;1133.33
411250;4112504;Jardim Alegre;2026;True;256;12118.0;estimativa_ibge;211.25598283545142;0.22159280239920026;67.89231779382797;76.44998905668636;18.297220398336616;54.49770190413657;1312.61;1133.33
411260;4112603;Jardim Olinda;2022;False;16;1343.0;censo_2022;119.13626209977662;0.1526433358153388;74.79838709677419;75.0;2.4193548387096775;12.096774193548388;1120.71;920.0
411260;4112603;Jardim Olinda;2023;False;13;1347.9907269710723;interpolada_geometrica_2022_2024;96.43983255887025;0.1526433358153388;74.79838709677419;75.0;2.4193548387096775;12.096774193548388;1120.71;920.0
411260;4112603;Jardim Olinda;2024;False;14;1353.0;estimativa_ibge;103.47376201034737;0.1526433358153388;74.79838709677419;75.0;2.4193548387096775;12.096774193548388;1120.71;920.0
411260;4112603;Jardim Olinda;2025;False;14;1349.0;estimativa_ibge;103.78057820607857;0.1526433358153388;74.79838709677419;75.0;2.4193548387096775;12.096774193548388;1120.71;920.0
411260;4112603;Jardim Olinda;2026;True;5;1345.0;estimativa_ibge;37.174721189591075;0.1526433358153388;74.79838709677419;75.0;2.4193548387096775;12.096774193548388;1120.71;920.0
411270;4112702;Jataizinho;2022;False;171;11813.0;censo_2022;144.7557775332261;0.17616185558283248;94.69483568075117;96.26760563380282;90.49295774647888;92.93427230046949;1263.41;1000.0
411270;4112702;Jataizinho;2023;False;173;11891.737593808568;interpolada_geometrica_2022_2024;145.47916032899383;0.17616185558283248;94.69483568075117;96.26760563380282;90.49295774647888;92.93427230046949;1263.41;1000.0
411270;4112702;Jataizinho;2024;False;192;11971.0;estimativa_ibge;160.3876033748225;0.17616185558283248;94.69483568075117;96.26760563380282;90.49295774647888;92.93427230046949;1263.41;1000.0
411270;4112702;Jataizinho;2025;False;273;11996.0;estimativa_ibge;227.57585861953984;0.17616185558283248;94.69483568075117;96.26760563380282;90.49295774647888;92.93427230046949;1263.41;1000.0
411270;4112702;Jataizinho;2026;True;109;11992.0;estimativa_ibge;90.8939292861908;0.17616185558283248;94.69483568075117;96.26760563380282;90.49295774647888;92.93427230046949;1263.41;1000.0
411275;4112751;Jesuítas;2022;False;300;10506.0;censo_2022;285.5511136493432;0.2212069293736912;81.86378035902851;89.41393875395987;1.399155227032735;1.4519535374868004;1610.56;1212.0
411275;4112751;Jesuítas;2023;False;266;10681.533597756457;interpolada_geometrica_2022_2024;249.02791117547997;0.2212069293736912;81.86378035902851;89.41393875395987;1.399155227032735;1.4519535374868004;1610.56;1212.0
411275;4112751;Jesuítas;2024;False;267;10860.0;estimativa_ibge;245.85635359116023;0.2212069293736912;81.86378035902851;89.41393875395987;1.399155227032735;1.4519535374868004;1610.56;1212.0
411275;4112751;Jesuítas;2025;False;264;10954.0;estimativa_ibge;241.0078510133285;0.2212069293736912;81.86378035902851;89.41393875395987;1.399155227032735;1.4519535374868004;1610.56;1212.0
411275;4112751;Jesuítas;2026;True;156;11047.0;estimativa_ibge;141.21480945052954;0.2212069293736912;81.86378035902851;89.41393875395987;1.399155227032735;1.4519535374868004;1610.56;1212.0
411280;4112801;Joaquim Távora;2022;False;271;11945.0;censo_2022;226.8731686898284;0.1729593972373378;89.90615701533531;91.14213778896773;80.1556420233463;88.14373998626688;1481.83;1200.0
411280;4112801;Joaquim Távora;2023;False;255;12111.341791890773;interpolada_geometrica_2022_2024;210.54644842963387;0.1729593972373378;89.90615701533531;91.14213778896773;80.1556420233463;88.14373998626688;1481.83;1200.0
411280;4112801;Joaquim Távora;2024;False;232;12280.0;estimativa_ibge;188.92508143322473;0.1729593972373378;89.90615701533531;91.14213778896773;80.1556420233463;88.14373998626688;1481.83;1200.0
411280;4112801;Joaquim Távora;2025;False;232;12341.0;estimativa_ibge;187.99124868325097;0.1729593972373378;89.90615701533531;91.14213778896773;80.1556420233463;88.14373998626688;1481.83;1200.0
411280;4112801;Joaquim Távora;2026;True;122;12415.0;estimativa_ibge;98.2682239226742;0.1729593972373378;89.90615701533531;91.14213778896773;80.1556420233463;88.14373998626688;1481.83;1200.0
411290;4112900;Jundiaí do Sul;2022;False;21;3333.0;censo_2022;63.006300630063;0.22772277227722773;73.70103916866506;75.3796962430056;2.0783373301358914;3.677058353317346;1278.67;960.0
411290;4112900;Jundiaí do Sul;2023;False;33;3349.4593593593577;interpolada_geometrica_2022_2024;98.52336290568346;0.22772277227722773;73.70103916866506;75.3796962430056;2.0783373301358914;3.677058353317346;1278.67;960.0
411290;4112900;Jundiaí do Sul;2024;False;63;3366.0;estimativa_ibge;187.1657754010695;0.22772277227722773;73.70103916866506;75.3796962430056;2.0783373301358914;3.677058353317346;1278.67;960.0
411290;4112900;Jundiaí do Sul;2025;False;78;3372.0;estimativa_ibge;231.31672597864767;0.22772277227722773;73.70103916866506;75.3796962430056;2.0783373301358914;3.677058353317346;1278.67;960.0
411290;4112900;Jundiaí do Sul;2026;True;44;3366.0;estimativa_ibge;130.718954248366;0.22772277227722773;73.70103916866506;75.3796962430056;2.0783373301358914;3.677058353317346;1278.67;960.0
411295;4112959;Juranda;2022;False;66;7771.0;censo_2022;84.93115429159697;0.17706858834126882;87.33788395904436;88.05460750853243;1.2969283276450512;1.7747440273037542;1524.76;1200.0
411295;4112959;Juranda;2023;False;51;7834.242656441017;interpolada_geometrica_2022_2024;65.09882605955502;0.17706858834126882;87.33788395904436;88.05460750853243;1.2969283276450512;1.7747440273037542;1524.76;1200.0
411295;4112959;Juranda;2024;False;86;7898.0;estimativa_ibge;108.88832615852115;0.17706858834126882;87.33788395904436;88.05460750853243;1.2969283276450512;1.7747440273037542;1524.76;1200.0
411295;4112959;Juranda;2025;False;74;7899.0;estimativa_ibge;93.68274465122168;0.17706858834126882;87.33788395904436;88.05460750853243;1.2969283276450512;1.7747440273037542;1524.76;1200.0
411295;4112959;Juranda;2026;True;37;7906.0;estimativa_ibge;46.79989881102959;0.17706858834126882;87.33788395904436;88.05460750853243;1.2969283276450512;1.7747440273037542;1524.76;1200.0
411300;4113007;Jussara;2022;False;98;6690.0;censo_2022;146.48729446935727;0.1860986547085202;95.55288461538461;95.75320512820512;92.38782051282051;98.83814102564102;1489.41;1225.0
411300;4113007;Jussara;2023;False;121;6742.295603131029;interpolada_geometrica_2022_2024;179.46409816829933;0.1860986547085202;95.55288461538461;95.75320512820512;92.38782051282051;98.83814102564102;1489.41;1225.0
411300;4113007;Jussara;2024;False;120;6795.0;estimativa_ibge;176.60044150110375;0.1860986547085202;95.55288461538461;95.75320512820512;92.38782051282051;98.83814102564102;1489.41;1225.0
411300;4113007;Jussara;2025;False;152;6786.0;estimativa_ibge;223.99056881815503;0.1860986547085202;95.55288461538461;95.75320512820512;92.38782051282051;98.83814102564102;1489.41;1225.0
411300;4113007;Jussara;2026;True;61;6791.0;estimativa_ibge;89.8247680753939;0.1860986547085202;95.55288461538461;95.75320512820512;92.38782051282051;98.83814102564102;1489.41;1225.0
411310;4113106;Kaloré;2022;False;83;4582.0;censo_2022;181.14360541248362;0.24356176342208644;88.12785388127854;88.29908675799086;0.8561643835616438;1.36986301369863;1400.13;1192.4
411310;4113106;Kaloré;2023;False;80;4619.3477894611915;interpolada_geometrica_2022_2024;173.18462182586893;0.24356176342208644;88.12785388127854;88.29908675799086;0.8561643835616438;1.36986301369863;1400.13;1192.4
411310;4113106;Kaloré;2024;False;70;4657.0;estimativa_ibge;150.3113592441486;0.24356176342208644;88.12785388127854;88.29908675799086;0.8561643835616438;1.36986301369863;1400.13;1192.4
411310;4113106;Kaloré;2025;False;78;4666.0;estimativa_ibge;167.1667381054436;0.24356176342208644;88.12785388127854;88.29908675799086;0.8561643835616438;1.36986301369863;1400.13;1192.4
411310;4113106;Kaloré;2026;True;40;4671.0;estimativa_ibge;85.63476771569256;0.24356176342208644;88.12785388127854;88.29908675799086;0.8561643835616438;1.36986301369863;1400.13;1192.4
411320;4113205;Lapa;2022;False;635;45003.0;censo_2022;141.10170433082237;0.1723662866919983;73.4630163304515;78.42819404418827;56.568203650336216;69.74663784822286;1508.11;1147.33
411320;4113205;Lapa;2023;False;645;45427.993253059285;interpolada_geometrica_2022_2024;141.98293911135144;0.1723662866919983;73.4630163304515;78.42819404418827;56.568203650336216;69.74663784822286;1508.11;1147.33
411320;4113205;Lapa;2024;False;615;45857.0;estimativa_ibge;134.11256732887017;0.1723662866919983;73.4630163304515;78.42819404418827;56.568203650336216;69.74663784822286;1508.11;1147.33
411320;4113205;Lapa;2025;False;689;45878.0;estimativa_ibge;150.1809145995902;0.1723662866919983;73.4630163304515;78.42819404418827;56.568203650336216;69.74663784822286;1508.11;1147.33
411320;4113205;Lapa;2026;True;336;45877.0;estimativa_ibge;73.23931381738126;0.1723662866919983;73.4630163304515;78.42819404418827;56.568203650336216;69.74663784822286;1508.11;1147.33
411325;4113254;Laranjal;2022;False;84;5600.0;censo_2022;150.0;0.14535714285714285;48.83474576271186;51.7478813559322;0.5296610169491526;8.580508474576272;1001.65;800.0
411325;4113254;Laranjal;2023;False;100;5587.486017879597;interpolada_geometrica_2022_2024;178.97136508262645;0.14535714285714285;48.83474576271186;51.7478813559322;0.5296610169491526;8.580508474576272;1001.65;800.0
411325;4113254;Laranjal;2024;False;115;5575.0;estimativa_ibge;206.2780269058296;0.14535714285714285;48.83474576271186;51.7478813559322;0.5296610169491526;8.580508474576272;1001.65;800.0
411325;4113254;Laranjal;2025;False;126;5525.0;estimativa_ibge;228.05429864253392;0.14535714285714285;48.83474576271186;51.7478813559322;0.5296610169491526;8.580508474576272;1001.65;800.0
411325;4113254;Laranjal;2026;True;53;5478.0;estimativa_ibge;96.75063891931362;0.14535714285714285;48.83474576271186;51.7478813559322;0.5296610169491526;8.580508474576272;1001.65;800.0
411330;4113304;Laranjeiras do Sul;2022;False;571;32227.0;censo_2022;177.18062494181896;0.16293790920656592;84.76519686367085;86.67060112975297;44.75170727594638;57.45721271393643;1801.68;1200.0
411330;4113304;Laranjeiras do Sul;2023;False;649;32662.063330414385;interpolada_geometrica_2022_2024;198.70147009226503;0.16293790920656592;84.76519686367085;86.67060112975297;44.75170727594638;57.45721271393643;1801.68;1200.0
411330;4113304;Laranjeiras do Sul;2024;False;734;33103.0;estimativa_ibge;221.73216928979247;0.16293790920656592;84.76519686367085;86.67060112975297;44.75170727594638;57.45721271393643;1801.68;1200.0
411330;4113304;Laranjeiras do Sul;2025;False;757;33179.0;estimativa_ibge;228.1563639651587;0.16293790920656592;84.76519686367085;86.67060112975297;44.75170727594638;57.45721271393643;1801.68;1200.0
411330;4113304;Laranjeiras do Sul;2026;True;418;33267.0;estimativa_ibge;125.6500435867376;0.16293790920656592;84.76519686367085;86.67060112975297;44.75170727594638;57.45721271393643;1801.68;1200.0
411340;4113403;Leópolis;2022;False;98;3752.0;censo_2022;261.19402985074623;0.24307036247334754;78.7128712871287;84.2998585572843;0.7072135785007072;4.314002828854314;1313.79;1100.0
411340;4113403;Leópolis;2023;False;92;3751.4999666799945;interpolada_geometrica_2022_2024;245.23524141576425;0.24307036247334754;78.7128712871287;84.2998585572843;0.7072135785007072;4.314002828854314;1313.79;1100.0
411340;4113403;Leópolis;2024;False;101;3751.0;estimativa_ibge;269.2615302585977;0.24307036247334754;78.7128712871287;84.2998585572843;0.7072135785007072;4.314002828854314;1313.79;1100.0
411340;4113403;Leópolis;2025;False;146;3725.0;estimativa_ibge;391.9463087248322;0.24307036247334754;78.7128712871287;84.2998585572843;0.7072135785007072;4.314002828854314;1313.79;1100.0
411340;4113403;Leópolis;2026;True;66;3701.0;estimativa_ibge;178.3301810321535;0.24307036247334754;78.7128712871287;84.2998585572843;0.7072135785007072;4.314002828854314;1313.79;1100.0
411342;4113429;Lidianópolis;2022;False;191;3938.0;censo_2022;485.0177755205688;0.23641442356526154;72.81616688396349;73.07692307692308;0.7170795306388527;42.633637548891784;1256.59;1070.67
411342;4113429;Lidianópolis;2023;False;212;3963.41796937946;interpolada_geometrica_2022_2024;534.8918575781504;0.23641442356526154;72.81616688396349;73.07692307692308;0.7170795306388527;42.633637548891784;1256.59;1070.67
411342;4113429;Lidianópolis;2024;False;183;3989.0;estimativa_ibge;458.7615943845575;0.23641442356526154;72.81616688396349;73.07692307692308;0.7170795306388527;42.633637548891784;1256.59;1070.67
411342;4113429;Lidianópolis;2025;False;185;3987.0;estimativa_ibge;464.0080260847755;0.23641442356526154;72.81616688396349;73.07692307692308;0.7170795306388527;42.633637548891784;1256.59;1070.67
411342;4113429;Lidianópolis;2026;True;118;3985.0;estimativa_ibge;296.11041405269765;0.23641442356526154;72.81616688396349;73.07692307692308;0.7170795306388527;42.633637548891784;1256.59;1070.67
411345;4113452;Lindoeste;2022;False;105;5175.0;censo_2022;202.89855072463766;0.20057971014492754;63.079381992541286;68.62013851891317;2.876931273308471;12.679808204581779;1258.41;1120.0
411345;4113452;Lindoeste;2023;False;106;5200.437481597101;interpolada_geometrica_2022_2024;203.82900549252722;0.20057971014492754;63.079381992541286;68.62013851891317;2.876931273308471;12.679808204581779;1258.41;1120.0
411345;4113452;Lindoeste;2024;False;102;5226.0;estimativa_ibge;195.1779563719862;0.20057971014492754;63.079381992541286;68.62013851891317;2.876931273308471;12.679808204581779;1258.41;1120.0
411345;4113452;Lindoeste;2025;False;122;5217.0;estimativa_ibge;233.85087214874451;0.20057971014492754;63.079381992541286;68.62013851891317;2.876931273308471;12.679808204581779;1258.41;1120.0
411345;4113452;Lindoeste;2026;True;51;5208.0;estimativa_ibge;97.92626728110598;0.20057971014492754;63.079381992541286;68.62013851891317;2.876931273308471;12.679808204581779;1258.41;1120.0
411350;4113502;Loanda;2022;False;201;23225.0;censo_2022;86.54467168998923;0.16831001076426264;93.00642148277875;95.01459427904261;73.36835960303561;78.9492119089317;1760.13;1250.0
411350;4113502;Loanda;2023;False;352;23517.16235007957;interpolada_geometrica_2022_2024;149.67792234457616;0.16831001076426264;93.00642148277875;95.01459427904261;73.36835960303561;78.9492119089317;1760.13;1250.0
411350;4113502;Loanda;2024;False;416;23813.0;estimativa_ibge;174.69449460378786;0.16831001076426264;93.00642148277875;95.01459427904261;73.36835960303561;78.9492119089317;1760.13;1250.0
411350;4113502;Loanda;2025;False;383;23966.0;estimativa_ibge;159.80973045147292;0.16831001076426264;93.00642148277875;95.01459427904261;73.36835960303561;78.9492119089317;1760.13;1250.0
411350;4113502;Loanda;2026;True;212;24090.0;estimativa_ibge;88.00332088003321;0.16831001076426264;93.00642148277875;95.01459427904261;73.36835960303561;78.9492119089317;1760.13;1250.0
411360;4113601;Lobato;2022;False;43;4601.0;censo_2022;93.45794392523364;0.19430558574222995;93.02191464821223;93.42560553633218;93.19492502883506;96.07843137254902;1604.37;1212.0
411360;4113601;Lobato;2023;False;47;4646.772320654413;interpolada_geometrica_2022_2024;101.145476379572;0.19430558574222995;93.02191464821223;93.42560553633218;93.19492502883506;96.07843137254902;1604.37;1212.0
411360;4113601;Lobato;2024;False;44;4693.0;estimativa_ibge;93.75665885361177;0.19430558574222995;93.02191464821223;93.42560553633218;93.19492502883506;96.07843137254902;1604.37;1212.0
411360;4113601;Lobato;2025;False;70;4707.0;estimativa_ibge;148.71468026343743;0.19430558574222995;93.02191464821223;93.42560553633218;93.19492502883506;96.07843137254902;1604.37;1212.0
411360;4113601;Lobato;2026;True;46;4719.0;estimativa_ibge;97.47827929646111;0.19430558574222995;93.02191464821223;93.42560553633218;93.19492502883506;96.07843137254902;1604.37;1212.0
411370;4113700;Londrina;2022;False;5778;555965.0;censo_2022;103.92740550214491;0.1833712553847814;95.01143858744192;97.81114629451855;92.78294384823693;95.5850395693933;2332.51;1500.0
411370;4113700;Londrina;2023;False;6944;566540.9092642826;interpolada_geometrica_2022_2024;122.56837743663682;0.1833712553847814;95.01143858744192;97.81114629451855;92.78294384823693;95.5850395693933;2332.51;1500.0
411370;4113700;Londrina;2024;False;7394;577318.0;estimativa_ibge;128.07499506337928;0.1833712553847814;95.01143858744192;97.81114629451855;92.78294384823693;95.5850395693933;2332.51;1500.0
411370;4113700;Londrina;2025;False;7645;581382.0;estimativa_ibge;131.49701917156017;0.1833712553847814;95.01143858744192;97.81114629451855;92.78294384823693;95.5850395693933;2332.51;1500.0
411370;4113700;Londrina;2026;True;3118;584465.0;estimativa_ibge;53.34793358028282;0.1833712553847814;95.01143858744192;97.81114629451855;92.78294384823693;95.5850395693933;2332.51;1500.0
411373;4113734;Luiziana;2022;False;45;6690.0;censo_2022;67.2645739910314;0.17085201793721974;79.9265605875153;81.80334557323542;0.9383924928600571;58.91472868217054;1271.33;942.4
411373;4113734;Luiziana;2023;False;50;6692.999327655726;interpolada_geometrica_2022_2024;74.70492308791682;0.17085201793721974;79.9265605875153;81.80334557323542;0.9383924928600571;58.91472868217054;1271.33;942.4
411373;4113734;Luiziana;2024;False;60;6696.0;estimativa_ibge;89.60573476702508;0.17085201793721974;79.9265605875153;81.80334557323542;0.9383924928600571;58.91472868217054;1271.33;942.4
411373;4113734;Luiziana;2025;False;53;6659.0;estimativa_ibge;79.59153025979876;0.17085201793721974;79.9265605875153;81.80334557323542;0.9383924928600571;58.91472868217054;1271.33;942.4
411373;4113734;Luiziana;2026;True;32;6619.0;estimativa_ibge;48.345671551593895;0.17085201793721974;79.9265605875153;81.80334557323542;0.9383924928600571;58.91472868217054;1271.33;942.4
411375;4113759;Lunardelli;2022;False;252;4872.0;censo_2022;517.2413793103448;0.24322660098522167;73.39304531085352;79.87355110642783;29.926238145416228;38.61959957850369;1265.28;1006.0
411375;4113759;Lunardelli;2023;False;214;4886.976979687955;interpolada_geometrica_2022_2024;437.8985227257289;0.24322660098522167;73.39304531085352;79.87355110642783;29.926238145416228;38.61959957850369;1265.28;1006.0
411375;4113759;Lunardelli;2024;False;186;4902.0;estimativa_ibge;379.43696450428394;0.24322660098522167;73.39304531085352;79.87355110642783;29.926238145416228;38.61959957850369;1265.28;1006.0
411375;4113759;Lunardelli;2025;False;211;4864.0;estimativa_ibge;433.7993421052631;0.24322660098522167;73.39304531085352;79.87355110642783;29.926238145416228;38.61959957850369;1265.28;1006.0
411375;4113759;Lunardelli;2026;True;120;4846.0;estimativa_ibge;247.62690879075524;0.24322660098522167;73.39304531085352;79.87355110642783;29.926238145416228;38.61959957850369;1265.28;1006.0
411380;4113809;Lupionópolis;2022;False;76;4813.0;censo_2022;157.9056721379597;0.1905256596717224;94.48903156768326;97.37827715355806;0.5350454788657036;26.217228464419474;1332.01;1133.33
411380;4113809;Lupionópolis;2023;False;96;4861.753078880087;interpolada_geometrica_2022_2024;197.4596373827232;0.1905256596717224;94.48903156768326;97.37827715355806;0.5350454788657036;26.217228464419474;1332.01;1133.33
411380;4113809;Lupionópolis;2024;False;99;4911.0;estimativa_ibge;201.58827122785584;0.1905256596717224;94.48903156768326;97.37827715355806;0.5350454788657036;26.217228464419474;1332.01;1133.33
411380;4113809;Lupionópolis;2025;False;88;4929.0;estimativa_ibge;178.53519983769525;0.1905256596717224;94.48903156768326;97.37827715355806;0.5350454788657036;26.217228464419474;1332.01;1133.33
411380;4113809;Lupionópolis;2026;True;54;4942.0;estimativa_ibge;109.2675030352084;0.1905256596717224;94.48903156768326;97.37827715355806;0.5350454788657036;26.217228464419474;1332.01;1133.33
411390;4113908;Mallet;2022;False;252;13428.0;censo_2022;187.6675603217158;0.17709264224009533;66.34185952090947;70.88915956151035;27.24319935038571;59.72391392610638;1481.24;1150.0
411390;4113908;Mallet;2023;False;232;13541.024333483785;interpolada_geometrica_2022_2024;171.3312038191367;0.17709264224009533;66.34185952090947;70.88915956151035;27.24319935038571;59.72391392610638;1481.24;1150.0
411390;4113908;Mallet;2024;False;228;13655.0;estimativa_ibge;166.9718051995606;0.17709264224009533;66.34185952090947;70.88915956151035;27.24319935038571;59.72391392610638;1481.24;1150.0
411390;4113908;Mallet;2025;False;274;13681.0;estimativa_ibge;200.27775747386886;0.17709264224009533;66.34185952090947;70.88915956151035;27.24319935038571;59.72391392610638;1481.24;1150.0
411390;4113908;Mallet;2026;True;188;13698.0;estimativa_ibge;137.2463133304132;0.17709264224009533;66.34185952090947;70.88915956151035;27.24319935038571;59.72391392610638;1481.24;1150.0
411400;4114005;Mamborê;2022;False;79;13452.0;censo_2022;58.72732679155516;0.19788878977103777;83.36201950659782;84.62421113023522;64.84987569324919;71.25645438898451;1688.63;1203.0
411400;4114005;Mamborê;2023;False;90;13511.866784423239;interpolada_geometrica_2022_2024;66.60811672873646;0.19788878977103777;83.36201950659782;84.62421113023522;64.84987569324919;71.25645438898451;1688.63;1203.0
411400;4114005;Mamborê;2024;False;114;13572.0;estimativa_ibge;83.99646330680812;0.19788878977103777;83.36201950659782;84.62421113023522;64.84987569324919;71.25645438898451;1688.63;1203.0
411400;4114005;Mamborê;2025;False;83;13551.0;estimativa_ibge;61.250092244114825;0.19788878977103777;83.36201950659782;84.62421113023522;64.84987569324919;71.25645438898451;1688.63;1203.0
411400;4114005;Mamborê;2026;True;52;13519.0;estimativa_ibge;38.46438346031511;0.19788878977103777;83.36201950659782;84.62421113023522;64.84987569324919;71.25645438898451;1688.63;1203.0
411410;4114104;Mandaguaçu;2022;False;126;31457.0;censo_2022;40.054677814159014;0.13942842610547732;92.09618954999559;96.14534523914773;37.8834762620458;88.34762620457961;1651.0;1256.0
411410;4114104;Mandaguaçu;2023;False;133;32584.300882480202;interpolada_geometrica_2022_2024;40.81720227163472;0.13942842610547732;92.09618954999559;96.14534523914773;37.8834762620458;88.34762620457961;1651.0;1256.0
411410;4114104;Mandaguaçu;2024;False;144;33752.0;estimativa_ibge;42.664138421426884;0.13942842610547732;92.09618954999559;96.14534523914773;37.8834762620458;88.34762620457961;1651.0;1256.0
411410;4114104;Mandaguaçu;2025;False;176;34521.0;estimativa_ibge;50.98345934358796;0.13942842610547732;92.09618954999559;96.14534523914773;37.8834762620458;88.34762620457961;1651.0;1256.0
411410;4114104;Mandaguaçu;2026;True;82;35253.0;estimativa_ibge;23.260431736306128;0.13942842610547732;92.09618954999559;96.14534523914773;37.8834762620458;88.34762620457961;1651.0;1256.0
411420;4114203;Mandaguari;2022;False;646;36716.0;censo_2022;175.9450920579584;0.19065257653339143;95.35189651392238;95.88540524738727;68.7422348900095;78.77658408243806;1604.93;1233.33
411420;4114203;Mandaguari;2023;False;680;37377.0491077078;interpolada_geometrica_2022_2024;181.92982491487598;0.19065257653339143;95.35189651392238;95.88540524738727;68.7422348900095;78.77658408243806;1604.93;1233.33
411420;4114203;Mandaguari;2024;False;541;38050.0;estimativa_ibge;142.18134034165573;0.19065257653339143;95.35189651392238;95.88540524738727;68.7422348900095;78.77658408243806;1604.93;1233.33
411420;4114203;Mandaguari;2025;False;534;38313.0;estimativa_ibge;139.37827891316263;0.19065257653339143;95.35189651392238;95.88540524738727;68.7422348900095;78.77658408243806;1604.93;1233.33
411420;4114203;Mandaguari;2026;True;261;38564.0;estimativa_ibge;67.67970127580126;0.19065257653339143;95.35189651392238;95.88540524738727;68.7422348900095;78.77658408243806;1604.93;1233.33
411430;4114302;Mandirituba;2022;False;395;27439.0;censo_2022;143.95568351616313;0.1698677065490725;65.68053415511042;74.93579866461222;20.554699537750384;54.9768875192604;1269.58;1000.0
411430;4114302;Mandirituba;2023;False;375;28092.224529218045;interpolada_geometrica_2022_2024;133.48889462633034;0.1698677065490725;65.68053415511042;74.93579866461222;20.554699537750384;54.9768875192604;1269.58;1000.0
411430;4114302;Mandirituba;2024;False;417;28761.0;estimativa_ibge;144.98800458954835;0.1698677065490725;65.68053415511042;74.93579866461222;20.554699537750384;54.9768875192604;1269.58;1000.0
411430;4114302;Mandirituba;2025;False;460;29104.0;estimativa_ibge;158.05387575590984;0.1698677065490725;65.68053415511042;74.93579866461222;20.554699537750384;54.9768875192604;1269.58;1000.0
411430;4114302;Mandirituba;2026;True;213;29437.0;estimativa_ibge;72.35791690729354;0.1698677065490725;65.68053415511042;74.93579866461222;20.554699537750384;54.9768875192604;1269.58;1000.0
411435;4114351;Manfrinópolis;2022;False;22;2770.0;censo_2022;79.42238267148015;0.19530685920577617;54.50145208131655;67.0861568247822;0.1936108422071636;4.259438528557599;1680.04;1212.0
411435;4114351;Manfrinópolis;2023;False;32;2765.49633881515;interpolada_geometrica_2022_2024;115.71159777311472;0.19530685920577617;54.50145208131655;67.0861568247822;0.1936108422071636;4.259438528557599;1680.04;1212.0
411435;4114351;Manfrinópolis;2024;False;21;2761.0;estimativa_ibge;76.05939876856212;0.19530685920577617;54.50145208131655;67.0861568247822;0.1936108422071636;4.259438528557599;1680.04;1212.0
411435;4114351;Manfrinópolis;2025;False;21;2790.0;estimativa_ibge;75.26881720430109;0.19530685920577617;54.50145208131655;67.0861568247822;0.1936108422071636;4.259438528557599;1680.04;1212.0
411435;4114351;Manfrinópolis;2026;True;7;2770.0;estimativa_ibge;25.270758122743683;0.19530685920577617;54.50145208131655;67.0861568247822;0.1936108422071636;4.259438528557599;1680.04;1212.0
411440;4114401;Mangueirinha;2022;False;246;16603.0;censo_2022;148.16599409745228;0.157682346563874;70.42610754142713;74.56881974974637;46.34764964491038;48.47818735204599;1500.51;1141.33
411440;4114401;Mangueirinha;2023;False;274;16683.305787523048;interpolada_geometrica_2022_2024;164.23603540547495;0.157682346563874;70.42610754142713;74.56881974974637;46.34764964491038;48.47818735204599;1500.51;1141.33
411440;4114401;Mangueirinha;2024;False;233;16764.0;estimativa_ibge;138.98830827964684;0.157682346563874;70.42610754142713;74.56881974974637;46.34764964491038;48.47818735204599;1500.51;1141.33
411440;4114401;Mangueirinha;2025;False;258;16737.0;estimativa_ibge;154.1494891557627;0.157682346563874;70.42610754142713;74.56881974974637;46.34764964491038;48.47818735204599;1500.51;1141.33
411440;4114401;Mangueirinha;2026;True;114;16709.0;estimativa_ibge;68.22670417140463;0.157682346563874;70.42610754142713;74.56881974974637;46.34764964491038;48.47818735204599;1500.51;1141.33
411450;4114500;Manoel Ribas;2022;False;244;14240.0;censo_2022;171.34831460674158;0.16355337078651686;62.07734359182021;64.00080988054262;13.970439360194371;39.66389957481272;1828.41;1242.4
411450;4114500;Manoel Ribas;2023;False;277;14407.020510848175;interpolada_geometrica_2022_2024;192.26737394551844;0.16355337078651686;62.07734359182021;64.00080988054262;13.970439360194371;39.66389957481272;1828.41;1242.4
411450;4114500;Manoel Ribas;2024;False;260;14576.0;estimativa_ibge;178.3754116355653;0.16355337078651686;62.07734359182021;64.00080988054262;13.970439360194371;39.66389957481272;1828.41;1242.4
411450;4114500;Manoel Ribas;2025;False;345;14675.0;estimativa_ibge;235.09369676320273;0.16355337078651686;62.07734359182021;64.00080988054262;13.970439360194371;39.66389957481272;1828.41;1242.4
411450;4114500;Manoel Ribas;2026;True;191;14740.0;estimativa_ibge;129.57937584803258;0.16355337078651686;62.07734359182021;64.00080988054262;13.970439360194371;39.66389957481272;1828.41;1242.4
411460;4114609;Marechal Cândido Rondon;2022;False;381;55836.0;censo_2022;68.23554695895122;0.16822480120352462;95.62387151952865;98.40349710158699;29.06965694193671;71.62881307611897;2069.05;1500.0
411460;4114609;Marechal Cândido Rondon;2023;False;397;56976.35509577635;interpolada_geometrica_2022_2024;69.67802684686468;0.16822480120352462;95.62387151952865;98.40349710158699;29.06965694193671;71.62881307611897;2069.05;1500.0
411460;4114609;Marechal Cândido Rondon;2024;False;397;58140.0;estimativa_ibge;68.28345373237013;0.16822480120352462;95.62387151952865;98.40349710158699;29.06965694193671;71.62881307611897;2069.05;1500.0
411460;4114609;Marechal Cândido Rondon;2025;False;464;58734.0;estimativa_ibge;79.00023836278817;0.16822480120352462;95.62387151952865;98.40349710158699;29.06965694193671;71.62881307611897;2069.05;1500.0
411460;4114609;Marechal Cândido Rondon;2026;True;254;59291.0;estimativa_ibge;42.83955406385455;0.16822480120352462;95.62387151952865;98.40349710158699;29.06965694193671;71.62881307611897;2069.05;1500.0
411470;4114708;Maria Helena;2022;False;65;5865.0;censo_2022;110.82693947144074;0.2081841432225064;79.58735733099209;87.40122914837576;0.6584723441615452;20.4126426690079;1434.22;1200.0
411470;4114708;Maria Helena;2023;False;65;5899.896185527336;interpolada_geometrica_2022_2024;110.17143006591779;0.2081841432225064;79.58735733099209;87.40122914837576;0.6584723441615452;20.4126426690079;1434.22;1200.0
411470;4114708;Maria Helena;2024;False;69;5935.0;estimativa_ibge;116.25947767481046;0.2081841432225064;79.58735733099209;87.40122914837576;0.6584723441615452;20.4126426690079;1434.22;1200.0
411470;4114708;Maria Helena;2025;False;91;5926.0;estimativa_ibge;153.56058049274384;0.2081841432225064;79.58735733099209;87.40122914837576;0.6584723441615452;20.4126426690079;1434.22;1200.0
411470;4114708;Maria Helena;2026;True;39;5921.0;estimativa_ibge;65.86725215335248;0.2081841432225064;79.58735733099209;87.40122914837576;0.6584723441615452;20.4126426690079;1434.22;1200.0
411480;4114807;Marialva;2022;False;253;41851.0;censo_2022;60.45255788392153;0.17770184702874484;89.0213546443076;91.20922311017948;71.14502816716887;85.00589545394996;1696.15;1300.0
411480;4114807;Marialva;2023;False;234;42959.811428822635;interpolada_geometrica_2022_2024;54.46951283473384;0.17770184702874484;89.0213546443076;91.20922311017948;71.14502816716887;85.00589545394996;1696.15;1300.0
411480;4114807;Marialva;2024;False;254;44098.0;estimativa_ibge;57.5989840809107;0.17770184702874484;89.0213546443076;91.20922311017948;71.14502816716887;85.00589545394996;1696.15;1300.0
411480;4114807;Marialva;2025;False;351;44749.0;estimativa_ibge;78.43750698339628;0.17770184702874484;89.0213546443076;91.20922311017948;71.14502816716887;85.00589545394996;1696.15;1300.0
411480;4114807;Marialva;2026;True;190;45360.0;estimativa_ibge;41.88712522045855;0.17770184702874484;89.0213546443076;91.20922311017948;71.14502816716887;85.00589545394996;1696.15;1300.0
411490;4114906;Marilândia do Sul;2022;False;139;8677.0;censo_2022;160.19361530482885;0.19050363028696554;80.08285532186106;81.26195028680688;24.69725940089229;32.855321861058;1533.15;1187.5
411490;4114906;Marilândia do Sul;2023;False;116;8725.365207256371;interpolada_geometrica_2022_2024;132.94572461394472;0.19050363028696554;80.08285532186106;81.26195028680688;24.69725940089229;32.855321861058;1533.15;1187.5
411490;4114906;Marilândia do Sul;2024;False;128;8774.0;estimativa_ibge;145.88557100524275;0.19050363028696554;80.08285532186106;81.26195028680688;24.69725940089229;32.855321861058;1533.15;1187.5
411490;4114906;Marilândia do Sul;2025;False;143;8761.0;estimativa_ibge;163.22337632690332;0.19050363028696554;80.08285532186106;81.26195028680688;24.69725940089229;32.855321861058;1533.15;1187.5
411490;4114906;Marilândia do Sul;2026;True;41;8750.0;estimativa_ibge;46.85714285714286;0.19050363028696554;80.08285532186106;81.26195028680688;24.69725940089229;32.855321861058;1533.15;1187.5
411500;4115002;Marilena;2022;False;158;7253.0;censo_2022;217.840893423411;0.1886116089893837;80.64759036144578;85.5421686746988;24.77409638554217;34.90210843373494;1287.26;1163.0
411500;4115002;Marilena;2023;False;145;7330.585038044372;interpolada_geometrica_2022_2024;197.80140227209287;0.1886116089893837;80.64759036144578;85.5421686746988;24.77409638554217;34.90210843373494;1287.26;1163.0
411500;4115002;Marilena;2024;False;182;7409.0;estimativa_ibge;245.64718585504116;0.1886116089893837;80.64759036144578;85.5421686746988;24.77409638554217;34.90210843373494;1287.26;1163.0
411500;4115002;Marilena;2025;False;172;7450.0;estimativa_ibge;230.8724832214765;0.1886116089893837;80.64759036144578;85.5421686746988;24.77409638554217;34.90210843373494;1287.26;1163.0
411500;4115002;Marilena;2026;True;129;7474.0;estimativa_ibge;172.5983409151726;0.1886116089893837;80.64759036144578;85.5421686746988;24.77409638554217;34.90210843373494;1287.26;1163.0
411510;4115101;Mariluz;2022;False;166;9847.0;censo_2022;168.57926271961006;0.1717274296740124;88.81632653061224;89.55102040816327;61.85034013605442;66.0952380952381;1300.28;1046.67
411510;4115101;Mariluz;2023;False;109;9890.404339560642;interpolada_geometrica_2022_2024;110.20782999134903;0.1717274296740124;88.81632653061224;89.55102040816327;61.85034013605442;66.0952380952381;1300.28;1046.67
411510;4115101;Mariluz;2024;False;125;9934.0;estimativa_ibge;125.83048117576003;0.1717274296740124;88.81632653061224;89.55102040816327;61.85034013605442;66.0952380952381;1300.28;1046.67
411510;4115101;Mariluz;2025;False;134;9910.0;estimativa_ibge;135.21695257315844;0.1717274296740124;88.81632653061224;89.55102040816327;61.85034013605442;66.0952380952381;1300.28;1046.67
411510;4115101;Mariluz;2026;True;57;9886.0;estimativa_ibge;57.65729314181671;0.1717274296740124;88.81632653061224;89.55102040816327;61.85034013605442;66.0952380952381;1300.28;1046.67
411520;4115200;Maringá;2022;False;2561;409657.0;censo_2022;62.51571436592076;0.18308975557600626;86.45386763099216;97.57853779461657;95.05485027185546;97.70248599193698;2646.96;1766.67
411520;4115200;Maringá;2023;False;2785;417740.2516289279;interpolada_geometrica_2022_2024;66.66822239753597;0.18308975557600626;86.45386763099216;97.57853779461657;95.05485027185546;97.70248599193698;2646.96;1766.67
411520;4115200;Maringá;2024;False;2551;425983.0;estimativa_ibge;59.88501888573018;0.18308975557600626;86.45386763099216;97.57853779461657;95.05485027185546;97.70248599193698;2646.96;1766.67
411520;4115200;Maringá;2025;False;3588;429660.0;estimativa_ibge;83.50788995950288;0.18308975557600626;86.45386763099216;97.57853779461657;95.05485027185546;97.70248599193698;2646.96;1766.67
411520;4115200;Maringá;2026;True;1665;432635.0;estimativa_ibge;38.485097137309744;0.18308975557600626;86.45386763099216;97.57853779461657;95.05485027185546;97.70248599193698;2646.96;1766.67
411530;4115309;Mariópolis;2022;False;82;6371.0;censo_2022;128.70820907235913;0.21048501020247998;76.70666115018618;83.20231692180388;6.330161357054199;73.6036408771204;2076.62;1250.0
411530;4115309;Mariópolis;2023;False;79;6422.789503011912;interpolada_geometrica_2022_2024;122.99951596257924;0.21048501020247998;76.70666115018618;83.20231692180388;6.330161357054199;73.6036408771204;2076.62;1250.0
411530;4115309;Mariópolis;2024;False;81;6475.0;estimativa_ibge;125.09652509652508;0.21048501020247998;76.70666115018618;83.20231692180388;6.330161357054199;73.6036408771204;2076.62;1250.0
411530;4115309;Mariópolis;2025;False;95;6506.0;estimativa_ibge;146.01905932984937;0.21048501020247998;76.70666115018618;83.20231692180388;6.330161357054199;73.6036408771204;2076.62;1250.0
411530;4115309;Mariópolis;2026;True;57;6535.0;estimativa_ibge;87.22264728385616;0.21048501020247998;76.70666115018618;83.20231692180388;6.330161357054199;73.6036408771204;2076.62;1250.0
411535;4115358;Maripá;2022;False;28;6555.0;censo_2022;42.715484363081615;0.19038901601830663;78.38070628768303;86.17571059431525;1.4642549526270456;66.83893195521102;1580.45;1212.0
411535;4115358;Maripá;2023;False;36;6660.156529692076;interpolada_geometrica_2022_2024;54.05278365381664;0.19038901601830663;78.38070628768303;86.17571059431525;1.4642549526270456;66.83893195521102;1580.45;1212.0
411535;4115358;Maripá;2024;False;27;6767.0;estimativa_ibge;39.89951233929363;0.19038901601830663;78.38070628768303;86.17571059431525;1.4642549526270456;66.83893195521102;1580.45;1212.0
411535;4115358;Maripá;2025;False;29;6824.0;estimativa_ibge;42.497069167643616;0.19038901601830663;78.38070628768303;86.17571059431525;1.4642549526270456;66.83893195521102;1580.45;1212.0
411535;4115358;Maripá;2026;True;5;6878.0;estimativa_ibge;7.269555103227683;0.19038901601830663;78.38070628768303;86.17571059431525;1.4642549526270456;66.83893195521102;1580.45;1212.0
411540;4115408;Marmeleiro;2022;False;130;15901.0;censo_2022;81.75586441104333;0.18061757122193572;71.63648671518024;76.3750211541716;41.208326281942796;46.38686749026908;2013.84;1250.0
411540;4115408;Marmeleiro;2023;False;137;16141.678537252561;interpolada_geometrica_2022_2024;84.87345333003917;0.18061757122193572;71.63648671518024;76.3750211541716;41.208326281942796;46.38686749026908;2013.84;1250.0
411540;4115408;Marmeleiro;2024;False;143;16386.0;estimativa_ibge;87.26962040766507;0.18061757122193572;71.63648671518024;76.3750211541716;41.208326281942796;46.38686749026908;2013.84;1250.0
411540;4115408;Marmeleiro;2025;False;192;16605.0;estimativa_ibge;115.62782294489612;0.18061757122193572;71.63648671518024;76.3750211541716;41.208326281942796;46.38686749026908;2013.84;1250.0
411540;4115408;Marmeleiro;2026;True;71;16728.0;estimativa_ibge;42.44380679100909;0.18061757122193572;71.63648671518024;76.3750211541716;41.208326281942796;46.38686749026908;2013.84;1250.0
411545;4115457;Marquinho;2022;False;72;4504.0;censo_2022;159.85790408525756;0.1867229129662522;43.93463230672533;48.52294154619736;0.6913890634820867;3.771213073538655;1563.73;1100.0
411545;4115457;Marquinho;2023;False;109;4512.491994452733;interpolada_geometrica_2022_2024;241.55167506999496;0.1867229129662522;43.93463230672533;48.52294154619736;0.6913890634820867;3.771213073538655;1563.73;1100.0
411545;4115457;Marquinho;2024;False;121;4521.0;estimativa_ibge;267.639902676399;0.1867229129662522;43.93463230672533;48.52294154619736;0.6913890634820867;3.771213073538655;1563.73;1100.0
411545;4115457;Marquinho;2025;False;94;4491.0;estimativa_ibge;209.30750389668225;0.1867229129662522;43.93463230672533;48.52294154619736;0.6913890634820867;3.771213073538655;1563.73;1100.0
411545;4115457;Marquinho;2026;True;63;4465.0;estimativa_ibge;141.09742441209409;0.1867229129662522;43.93463230672533;48.52294154619736;0.6913890634820867;3.771213073538655;1563.73;1100.0
411550;4115507;Marumbi;2022;False;45;4699.0;censo_2022;95.76505639497766;0.2049372206852522;87.07709373266778;93.12257348863007;0.49916805324459235;1.3311148086522462;1424.62;1204.0
411550;4115507;Marumbi;2023;False;48;4738.335361706682;interpolada_geometrica_2022_2024;101.30139877374798;0.2049372206852522;87.07709373266778;93.12257348863007;0.49916805324459235;1.3311148086522462;1424.62;1204.0
411550;4115507;Marumbi;2024;False;45;4778.0;estimativa_ibge;94.18166596902469;0.2049372206852522;87.07709373266778;93.12257348863007;0.49916805324459235;1.3311148086522462;1424.62;1204.0
411550;4115507;Marumbi;2025;False;31;4780.0;estimativa_ibge;64.85355648535564;0.2049372206852522;87.07709373266778;93.12257348863007;0.49916805324459235;1.3311148086522462;1424.62;1204.0
411550;4115507;Marumbi;2026;True;12;4786.0;estimativa_ibge;25.073129962390304;0.2049372206852522;87.07709373266778;93.12257348863007;0.49916805324459235;1.3311148086522462;1424.62;1204.0
411560;4115606;Matelândia;2022;False;572;18450.0;censo_2022;310.0271002710027;0.15880758807588075;88.07875711429011;94.06245193047224;62.6211352099677;82.94108598677127;1633.1;1300.0
411560;4115606;Matelândia;2023;False;438;18733.817016294357;interpolada_geometrica_2022_2024;233.80179256530315;0.15880758807588075;88.07875711429011;94.06245193047224;62.6211352099677;82.94108598677127;1633.1;1300.0
411560;4115606;Matelândia;2024;False;424;19022.0;estimativa_ibge;222.89980023131113;0.15880758807588075;88.07875711429011;94.06245193047224;62.6211352099677;82.94108598677127;1633.1;1300.0
411560;4115606;Matelândia;2025;False;543;19223.0;estimativa_ibge;282.4741195442959;0.15880758807588075;88.07875711429011;94.06245193047224;62.6211352099677;82.94108598677127;1633.1;1300.0
411560;4115606;Matelândia;2026;True;293;19368.0;estimativa_ibge;151.28046261875258;0.15880758807588075;88.07875711429011;94.06245193047224;62.6211352099677;82.94108598677127;1633.1;1300.0
411570;4115705;Matinhos;2022;False;252;39259.0;censo_2022;64.18910313558675;0.20260322473827658;93.50433044636908;95.16988674217188;82.75816122584943;94.5236508994004;1729.34;1200.0
411570;4115705;Matinhos;2023;False;291;40323.07954509427;interpolada_geometrica_2022_2024;72.16710709671064;0.20260322473827658;93.50433044636908;95.16988674217188;82.75816122584943;94.5236508994004;1729.34;1200.0
411570;4115705;Matinhos;2024;False;364;41416.0;estimativa_ibge;87.8887386517288;0.20260322473827658;93.50433044636908;95.16988674217188;82.75816122584943;94.5236508994004;1729.34;1200.0
411570;4115705;Matinhos;2025;False;418;42063.0;estimativa_ibge;99.37474740270547;0.20260322473827658;93.50433044636908;95.16988674217188;82.75816122584943;94.5236508994004;1729.34;1200.0
411570;4115705;Matinhos;2026;True;245;42671.0;estimativa_ibge;57.416043683063435;0.20260322473827658;93.50433044636908;95.16988674217188;82.75816122584943;94.5236508994004;1729.34;1200.0
411573;4115739;Mato Rico;2022;False;48;3267.0;censo_2022;146.92378328741964;0.20508111417202327;45.5437448896157;51.7579721995094;1.062959934587081;8.013082583810302;1179.56;900.0
411573;4115739;Mato Rico;2023;False;73;3251.9654057200546;interpolada_geometrica_2022_2024;224.4796327525392;0.20508111417202327;45.5437448896157;51.7579721995094;1.062959934587081;8.013082583810302;1179.56;900.0
411573;4115739;Mato Rico;2024;False;94;3237.0;estimativa_ibge;290.39233858510966;0.20508111417202327;45.5437448896157;51.7579721995094;1.062959934587081;8.013082583810302;1179.56;900.0
411573;4115739;Mato Rico;2025;False;111;3249.0;estimativa_ibge;341.64358264081255;0.20508111417202327;45.5437448896157;51.7579721995094;1.062959934587081;8.013082583810302;1179.56;900.0
411573;4115739;Mato Rico;2026;True;45;3216.0;estimativa_ibge;139.92537313432837;0.20508111417202327;45.5437448896157;51.7579721995094;1.062959934587081;8.013082583810302;1179.56;900.0
411575;4115754;Mauá da Serra;2022;False;107;9383.0;censo_2022;114.03602259405307;0.1249067462432058;90.88155104513784;92.79006361708574;6.785822478036959;61.61769160860345;1055.56;820.0
411575;4115754;Mauá da Serra;2023;False;83;9504.71062158128;interpolada_geometrica_2022_2024;87.32512046346915;0.1249067462432058;90.88155104513784;92.79006361708574;6.785822478036959;61.61769160860345;1055.56;820.0
411575;4115754;Mauá da Serra;2024;False;135;9628.0;estimativa_ibge;140.21603656003325;0.1249067462432058;90.88155104513784;92.79006361708574;6.785822478036959;61.61769160860345;1055.56;820.0
411575;4115754;Mauá da Serra;2025;False;141;9689.0;estimativa_ibge;145.52585406130663;0.1249067462432058;90.88155104513784;92.79006361708574;6.785822478036959;61.61769160860345;1055.56;820.0
411575;4115754;Mauá da Serra;2026;True;45;9740.0;estimativa_ibge;46.20123203285421;0.1249067462432058;90.88155104513784;92.79006361708574;6.785822478036959;61.61769160860345;1055.56;820.0
411580;4115804;Medianeira;2022;False;352;54369.0;censo_2022;64.74277621438688;0.14522981846272692;91.32613921137421;94.97775277451031;38.444228507134454;78.79609267120135;2049.11;1500.0
411580;4115804;Medianeira;2023;False;385;55727.52712977672;interpolada_geometrica_2022_2024;69.08614464507329;0.14522981846272692;91.32613921137421;94.97775277451031;38.444228507134454;78.79609267120135;2049.11;1500.0
411580;4115804;Medianeira;2024;False;463;57120.0;estimativa_ibge;81.05742296918768;0.14522981846272692;91.32613921137421;94.97775277451031;38.444228507134454;78.79609267120135;2049.11;1500.0
411580;4115804;Medianeira;2025;False;521;57910.0;estimativa_ibge;89.96719046796754;0.14522981846272692;91.32613921137421;94.97775277451031;38.444228507134454;78.79609267120135;2049.11;1500.0
411580;4115804;Medianeira;2026;True;219;58681.0;estimativa_ibge;37.320427395579486;0.14522981846272692;91.32613921137421;94.97775277451031;38.444228507134454;78.79609267120135;2049.11;1500.0
411585;4115853;Mercedes;2022;False;20;5931.0;censo_2022;33.721126285617935;0.18344292699376158;88.50628199162401;97.11493718008376;3.1177291763610984;44.85807352256864;1778.11;1278.67
411585;4115853;Mercedes;2023;False;30;6032.629277520707;interpolada_geometrica_2022_2024;49.72956006394846;0.18344292699376158;88.50628199162401;97.11493718008376;3.1177291763610984;44.85807352256864;1778.11;1278.67
411585;4115853;Mercedes;2024;False;34;6136.0;estimativa_ibge;55.410691003911346;0.18344292699376158;88.50628199162401;97.11493718008376;3.1177291763610984;44.85807352256864;1778.11;1278.67
411585;4115853;Mercedes;2025;False;28;6194.0;estimativa_ibge;45.20503713270907;0.18344292699376158;88.50628199162401;97.11493718008376;3.1177291763610984;44.85807352256864;1778.11;1278.67
411585;4115853;Mercedes;2026;True;16;6248.0;estimativa_ibge;25.60819462227913;0.18344292699376158;88.50628199162401;97.11493718008376;3.1177291763610984;44.85807352256864;1778.11;1278.67
411590;4115903;Mirador;2022;False;29;2238.0;censo_2022;129.579982126899;0.17247542448614836;83.61858190709046;85.94132029339853;0.12224938875305623;3.7897310513447433;1213.96;975.0
411590;4115903;Mirador;2023;False;53;2247.977757897084;interpolada_geometrica_2022_2024;235.76745727938126;0.17247542448614836;83.61858190709046;85.94132029339853;0.12224938875305623;3.7897310513447433;1213.96;975.0
411590;4115903;Mirador;2024;False;81;2258.0;estimativa_ibge;358.7245349867139;0.17247542448614836;83.61858190709046;85.94132029339853;0.12224938875305623;3.7897310513447433;1213.96;975.0
411590;4115903;Mirador;2025;False;66;2248.0;estimativa_ibge;293.5943060498221;0.17247542448614836;83.61858190709046;85.94132029339853;0.12224938875305623;3.7897310513447433;1213.96;975.0
411590;4115903;Mirador;2026;True;45;2243.0;estimativa_ibge;200.62416406598308;0.17247542448614836;83.61858190709046;85.94132029339853;0.12224938875305623;3.7897310513447433;1213.96;975.0
411600;4116000;Miraselva;2022;False;20;1966.0;censo_2022;101.7293997965412;0.2288911495422177;86.95073235685753;99.86684420772303;1.8641810918774966;3.195739014647137;1212.39;1125.0
411600;4116000;Miraselva;2023;False;26;1986.8890255874887;interpolada_geometrica_2022_2024;130.85783687547547;0.2288911495422177;86.95073235685753;99.86684420772303;1.8641810918774966;3.195739014647137;1212.39;1125.0
411600;4116000;Miraselva;2024;False;57;2008.0;estimativa_ibge;283.8645418326693;0.2288911495422177;86.95073235685753;99.86684420772303;1.8641810918774966;3.195739014647137;1212.39;1125.0
411600;4116000;Miraselva;2025;False;28;2017.0;estimativa_ibge;138.82002974714922;0.2288911495422177;86.95073235685753;99.86684420772303;1.8641810918774966;3.195739014647137;1212.39;1125.0
411600;4116000;Miraselva;2026;True;21;2024.0;estimativa_ibge;103.75494071146245;0.2288911495422177;86.95073235685753;99.86684420772303;1.8641810918774966;3.195739014647137;1212.39;1125.0
411605;4116059;Missal;2022;False;365;11064.0;censo_2022;329.8987707881417;0.21267172812725957;80.59520929107187;96.419066053714;1.9840309702395353;62.78732155819018;1858.61;1433.33
411605;4116059;Missal;2023;False;489;11181.872115169266;interpolada_geometrica_2022_2024;437.31496386604647;0.21267172812725957;80.59520929107187;96.419066053714;1.9840309702395353;62.78732155819018;1858.61;1433.33
411605;4116059;Missal;2024;False;584;11301.0;estimativa_ibge;516.7684275727812;0.21267172812725957;80.59520929107187;96.419066053714;1.9840309702395353;62.78732155819018;1858.61;1433.33
411605;4116059;Missal;2025;False;381;11423.0;estimativa_ibge;333.53759957979514;0.21267172812725957;80.59520929107187;96.419066053714;1.9840309702395353;62.78732155819018;1858.61;1433.33
411605;4116059;Missal;2026;True;226;11459.0;estimativa_ibge;197.2248887337464;0.21267172812725957;80.59520929107187;96.419066053714;1.9840309702395353;62.78732155819018;1858.61;1433.33
411610;4116109;Moreira Sales;2022;False;118;11175.0;censo_2022;105.59284116331096;0.23284116331096197;90.18909899888766;91.65739710789767;28.654060066740822;30.27808676307008;1204.28;970.67
411610;4116109;Moreira Sales;2023;False;105;11155.98382035399;interpolada_geometrica_2022_2024;94.11989268792992;0.23284116331096197;90.18909899888766;91.65739710789767;28.654060066740822;30.27808676307008;1204.28;970.67
411610;4116109;Moreira Sales;2024;False;122;11137.0;estimativa_ibge;109.5447607075514;0.23284116331096197;90.18909899888766;91.65739710789767;28.654060066740822;30.27808676307008;1204.28;970.67
411610;4116109;Moreira Sales;2025;False;120;11043.0;estimativa_ibge;108.66612333604999;0.23284116331096197;90.18909899888766;91.65739710789767;28.654060066740822;30.27808676307008;1204.28;970.67
411610;4116109;Moreira Sales;2026;True;60;10955.0;estimativa_ibge;54.76951163852123;0.23284116331096197;90.18909899888766;91.65739710789767;28.654060066740822;30.27808676307008;1204.28;970.67
411620;4116208;Morretes;2022;False;165;18309.0;censo_2022;90.11961330493199;0.1835709214047736;68.49232621125489;71.44146855251279;36.367739993981345;61.70628949744207;1394.05;1000.0
411620;4116208;Morretes;2023;False;237;18606.08964828451;interpolada_geometrica_2022_2024;127.37765133892684;0.1835709214047736;68.49232621125489;71.44146855251279;36.367739993981345;61.70628949744207;1394.05;1000.0
411620;4116208;Morretes;2024;False;265;18908.0;estimativa_ibge;140.15231647979692;0.1835709214047736;68.49232621125489;71.44146855251279;36.367739993981345;61.70628949744207;1394.05;1000.0
411620;4116208;Morretes;2025;False;232;19089.0;estimativa_ibge;121.53596312012154;0.1835709214047736;68.49232621125489;71.44146855251279;36.367739993981345;61.70628949744207;1394.05;1000.0
411620;4116208;Morretes;2026;True;110;19248.0;estimativa_ibge;57.148794679966755;0.1835709214047736;68.49232621125489;71.44146855251279;36.367739993981345;61.70628949744207;1394.05;1000.0
411630;4116307;Munhoz de Melo;2022;False;62;3951.0;censo_2022;156.92229815236647;0.21513540875727663;86.74863387978142;88.86612021857924;10.997267759562842;77.25409836065573;1704.22;1212.0
411630;4116307;Munhoz de Melo;2023;False;87;3997.7237273228375;interpolada_geometrica_2022_2024;217.6238428018172;0.21513540875727663;86.74863387978142;88.86612021857924;10.997267759562842;77.25409836065573;1704.22;1212.0
411630;4116307;Munhoz de Melo;2024;False;69;4045.0;estimativa_ibge;170.58096415327566;0.21513540875727663;86.74863387978142;88.86612021857924;10.997267759562842;77.25409836065573;1704.22;1212.0
411630;4116307;Munhoz de Melo;2025;False;62;4057.0;estimativa_ibge;152.82228247473503;0.21513540875727663;86.74863387978142;88.86612021857924;10.997267759562842;77.25409836065573;1704.22;1212.0
411630;4116307;Munhoz de Melo;2026;True;32;4075.0;estimativa_ibge;78.52760736196319;0.21513540875727663;86.74863387978142;88.86612021857924;10.997267759562842;77.25409836065573;1704.22;1212.0
411640;4116406;Nossa Senhora das Graças;2022;False;39;3669.0;censo_2022;106.2959934587081;0.19651131098391933;84.3841642228739;91.05571847507332;0.5865102639296188;3.592375366568915;1612.61;1250.0
411640;4116406;Nossa Senhora das Graças;2023;False;52;3676.9912972428965;interpolada_geometrica_2022_2024;141.4199702865518;0.19651131098391933;84.3841642228739;91.05571847507332;0.5865102639296188;3.592375366568915;1612.61;1250.0
411640;4116406;Nossa Senhora das Graças;2024;False;42;3685.0;estimativa_ibge;113.97557666214384;0.19651131098391933;84.3841642228739;91.05571847507332;0.5865102639296188;3.592375366568915;1612.61;1250.0
411640;4116406;Nossa Senhora das Graças;2025;False;61;3669.0;estimativa_ibge;166.25783592259472;0.19651131098391933;84.3841642228739;91.05571847507332;0.5865102639296188;3.592375366568915;1612.61;1250.0
411640;4116406;Nossa Senhora das Graças;2026;True;39;3653.0;estimativa_ibge;106.76156583629894;0.19651131098391933;84.3841642228739;91.05571847507332;0.5865102639296188;3.592375366568915;1612.61;1250.0
411650;4116505;Nova Aliança do Ivaí;2022;False;9;1323.0;censo_2022;68.02721088435374;0.1836734693877551;76.66666666666667;79.58333333333333;2.9166666666666665;10.416666666666666;1455.89;1071.0
411650;4116505;Nova Aliança do Ivaí;2023;False;14;1324.998490565178;interpolada_geometrica_2022_2024;105.66049772651668;0.1836734693877551;76.66666666666667;79.58333333333333;2.9166666666666665;10.416666666666666;1455.89;1071.0
411650;4116505;Nova Aliança do Ivaí;2024;False;16;1327.0;estimativa_ibge;120.57272042200452;0.1836734693877551;76.66666666666667;79.58333333333333;2.9166666666666665;10.416666666666666;1455.89;1071.0
411650;4116505;Nova Aliança do Ivaí;2025;False;15;1322.0;estimativa_ibge;113.464447806354;0.1836734693877551;76.66666666666667;79.58333333333333;2.9166666666666665;10.416666666666666;1455.89;1071.0
411650;4116505;Nova Aliança do Ivaí;2026;True;10;1316.0;estimativa_ibge;75.98784194528875;0.1836734693877551;76.66666666666667;79.58333333333333;2.9166666666666665;10.416666666666666;1455.89;1071.0
411660;4116604;Nova América da Colina;2022;False;83;3280.0;censo_2022;253.0487804878049;0.19634146341463415;86.34020618556701;87.54295532646049;18.127147766323024;23.79725085910653;1149.02;950.0
411660;4116604;Nova América da Colina;2023;False;103;3289.48628208114;interpolada_geometrica_2022_2024;313.1188008324376;0.19634146341463415;86.34020618556701;87.54295532646049;18.127147766323024;23.79725085910653;1149.02;950.0
411660;4116604;Nova América da Colina;2024;False;74;3299.0;estimativa_ibge;224.31039709002727;0.19634146341463415;86.34020618556701;87.54295532646049;18.127147766323024;23.79725085910653;1149.02;950.0
411660;4116604;Nova América da Colina;2025;False;67;3286.0;estimativa_ibge;203.89531345100426;0.19634146341463415;86.34020618556701;87.54295532646049;18.127147766323024;23.79725085910653;1149.02;950.0
411660;4116604;Nova América da Colina;2026;True;57;3274.0;estimativa_ibge;174.0989615149664;0.19634146341463415;86.34020618556701;87.54295532646049;18.127147766323024;23.79725085910653;1149.02;950.0
411670;4116703;Nova Aurora;2022;False;114;13765.0;censo_2022;82.8187431892481;0.1915728296403923;81.25382887482132;82.11149683479681;50.19399632428017;52.82826220134776;1730.42;1269.6
411670;4116703;Nova Aurora;2023;False;142;13990.158505177846;interpolada_geometrica_2022_2024;101.49992221134944;0.1915728296403923;81.25382887482132;82.11149683479681;50.19399632428017;52.82826220134776;1730.42;1269.6
411670;4116703;Nova Aurora;2024;False;152;14219.0;estimativa_ibge;106.89921935438497;0.1915728296403923;81.25382887482132;82.11149683479681;50.19399632428017;52.82826220134776;1730.42;1269.6
411670;4116703;Nova Aurora;2025;False;196;14331.0;estimativa_ibge;136.76645035238295;0.1915728296403923;81.25382887482132;82.11149683479681;50.19399632428017;52.82826220134776;1730.42;1269.6
411670;4116703;Nova Aurora;2026;True;83;14448.0;estimativa_ibge;57.44739756367663;0.1915728296403923;81.25382887482132;82.11149683479681;50.19399632428017;52.82826220134776;1730.42;1269.6
411680;4116802;Nova Cantu;2022;False;130;6790.0;censo_2022;191.4580265095729;0.191899852724595;68.21400472069237;72.30527143981118;16.050354051927616;21.04642014162077;1355.91;1000.0
411680;4116802;Nova Cantu;2023;False;120;6794.4985098239595;interpolada_geometrica_2022_2024;176.61347607405557;0.191899852724595;68.21400472069237;72.30527143981118;16.050354051927616;21.04642014162077;1355.91;1000.0
411680;4116802;Nova Cantu;2024;False;110;6799.0;estimativa_ibge;161.7884983085748;0.191899852724595;68.21400472069237;72.30527143981118;16.050354051927616;21.04642014162077;1355.91;1000.0
411680;4116802;Nova Cantu;2025;False;125;6739.0;estimativa_ibge;185.48746104763316;0.191899852724595;68.21400472069237;72.30527143981118;16.050354051927616;21.04642014162077;1355.91;1000.0
411680;4116802;Nova Cantu;2026;True;89;6700.0;estimativa_ibge;132.8358208955224;0.191899852724595;68.21400472069237;72.30527143981118;16.050354051927616;21.04642014162077;1355.91;1000.0
411690;4116901;Nova Esperança;2022;False;283;26585.0;censo_2022;106.45100620650744;0.20041376716193343;87.96676343978376;88.70757833616979;62.49874862348583;70.14716187806587;1663.04;1250.0
411690;4116901;Nova Esperança;2023;False;290;26862.05632486091;interpolada_geometrica_2022_2024;107.95897249742721;0.20041376716193343;87.96676343978376;88.70757833616979;62.49874862348583;70.14716187806587;1663.04;1250.0
411690;4116901;Nova Esperança;2024;False;276;27142.0;estimativa_ibge;101.68742170805393;0.20041376716193343;87.96676343978376;88.70757833616979;62.49874862348583;70.14716187806587;1663.04;1250.0
411690;4116901;Nova Esperança;2025;False;300;27142.0;estimativa_ibge;110.52980620440646;0.20041376716193343;87.96676343978376;88.70757833616979;62.49874862348583;70.14716187806587;1663.04;1250.0
411690;4116901;Nova Esperança;2026;True;162;27140.0;estimativa_ibge;59.69049373618276;0.20041376716193343;87.96676343978376;88.70757833616979;62.49874862348583;70.14716187806587;1663.04;1250.0
411695;4116950;Nova Esperança do Sudoeste;2022;False;76;5597.0;censo_2022;135.78702876541004;0.1724137931034483;47.39659367396594;83.64963503649635;0.7299270072992701;2.8223844282238444;2953.34;1496.0
411695;4116950;Nova Esperança do Sudoeste;2023;False;75;5670.023633107714;interpolada_geometrica_2022_2024;132.27458094190138;0.1724137931034483;47.39659367396594;83.64963503649635;0.7299270072992701;2.8223844282238444;2953.34;1496.0
411695;4116950;Nova Esperança do Sudoeste;2024;False;94;5744.0;estimativa_ibge;163.64902506963787;0.1724137931034483;47.39659367396594;83.64963503649635;0.7299270072992701;2.8223844282238444;2953.34;1496.0
411695;4116950;Nova Esperança do Sudoeste;2025;False;70;5783.0;estimativa_ibge;121.04444060176378;0.1724137931034483;47.39659367396594;83.64963503649635;0.7299270072992701;2.8223844282238444;2953.34;1496.0
411695;4116950;Nova Esperança do Sudoeste;2026;True;42;5814.0;estimativa_ibge;72.23942208462333;0.1724137931034483;47.39659367396594;83.64963503649635;0.7299270072992701;2.8223844282238444;2953.34;1496.0
411700;4117008;Nova Fátima;2022;False;259;7225.0;censo_2022;358.47750865051904;0.21397923875432526;89.31577021587998;89.49871935601902;0.6220270764727406;0.8415660446395902;1230.27;928.0
411700;4117008;Nova Fátima;2023;False;222;7212.990018016107;interpolada_geometrica_2022_2024;307.77804966526196;0.21397923875432526;89.31577021587998;89.49871935601902;0.6220270764727406;0.8415660446395902;1230.27;928.0
411700;4117008;Nova Fátima;2024;False;219;7201.0;estimativa_ibge;304.12442716289405;0.21397923875432526;89.31577021587998;89.49871935601902;0.6220270764727406;0.8415660446395902;1230.27;928.0
411700;4117008;Nova Fátima;2025;False;238;7140.0;estimativa_ibge;333.3333333333333;0.21397923875432526;89.31577021587998;89.49871935601902;0.6220270764727406;0.8415660446395902;1230.27;928.0
411700;4117008;Nova Fátima;2026;True;117;7083.0;estimativa_ibge;165.18424396442185;0.21397923875432526;89.31577021587998;89.49871935601902;0.6220270764727406;0.8415660446395902;1230.27;928.0
411705;4117057;Nova Laranjeiras;2022;False;168;12074.0;censo_2022;139.14195792612225;0.15280768593672353;44.27823485415109;47.31987035651957;20.069808027923212;21.864871603091498;1149.47;700.0
411705;4117057;Nova Laranjeiras;2023;False;198;12180.034400608234;interpolada_geometrica_2022_2024;162.56111722485159;0.15280768593672353;44.27823485415109;47.31987035651957;20.069808027923212;21.864871603091498;1149.47;700.0
411705;4117057;Nova Laranjeiras;2024;False;197;12287.0;estimativa_ibge;160.3320582729714;0.15280768593672353;44.27823485415109;47.31987035651957;20.069808027923212;21.864871603091498;1149.47;700.0
411705;4117057;Nova Laranjeiras;2025;False;200;12298.0;estimativa_ibge;162.6280696048138;0.15280768593672353;44.27823485415109;47.31987035651957;20.069808027923212;21.864871603091498;1149.47;700.0
411705;4117057;Nova Laranjeiras;2026;True;112;12318.0;estimativa_ibge;90.92385127455756;0.15280768593672353;44.27823485415109;47.31987035651957;20.069808027923212;21.864871603091498;1149.47;700.0
411710;4117107;Nova Londrina;2022;False;155;12923.0;censo_2022;119.9411901261317;0.17805463127756713;91.85606060606061;94.02356902356902;87.79461279461279;97.41161616161617;1559.23;1212.0
411710;4117107;Nova Londrina;2023;False;201;13003.747729020277;interpolada_geometrica_2022_2024;154.5708238798198;0.17805463127756713;91.85606060606061;94.02356902356902;87.79461279461279;97.41161616161617;1559.23;1212.0
411710;4117107;Nova Londrina;2024;False;210;13085.0;estimativa_ibge;160.48910966755827;0.17805463127756713;91.85606060606061;94.02356902356902;87.79461279461279;97.41161616161617;1559.23;1212.0
411710;4117107;Nova Londrina;2025;False;214;13074.0;estimativa_ibge;163.6836469328438;0.17805463127756713;91.85606060606061;94.02356902356902;87.79461279461279;97.41161616161617;1559.23;1212.0
411710;4117107;Nova Londrina;2026;True;75;13065.0;estimativa_ibge;57.4052812858783;0.17805463127756713;91.85606060606061;94.02356902356902;87.79461279461279;97.41161616161617;1559.23;1212.0
411720;4117206;Nova Olímpia;2022;False;46;5833.0;censo_2022;78.86164923709926;0.20898337047831306;91.55614500442087;93.41290893015031;37.79840848806366;79.22192749778957;1373.96;1133.33
411720;4117206;Nova Olímpia;2023;False;58;5896.158071151078;interpolada_geometrica_2022_2024;98.36914020976535;0.20898337047831306;91.55614500442087;93.41290893015031;37.79840848806366;79.22192749778957;1373.96;1133.33
411720;4117206;Nova Olímpia;2024;False;50;5960.0;estimativa_ibge;83.89261744966443;0.20898337047831306;91.55614500442087;93.41290893015031;37.79840848806366;79.22192749778957;1373.96;1133.33
411720;4117206;Nova Olímpia;2025;False;75;5982.0;estimativa_ibge;125.37612838515547;0.20898337047831306;91.55614500442087;93.41290893015031;37.79840848806366;79.22192749778957;1373.96;1133.33
411720;4117206;Nova Olímpia;2026;True;18;6002.0;estimativa_ibge;29.990003332222592;0.20898337047831306;91.55614500442087;93.41290893015031;37.79840848806366;79.22192749778957;1373.96;1133.33
411721;4117214;Nova Santa Bárbara;2022;False;62;4184.0;censo_2022;148.18355640535373;0.1943116634799235;87.9375;88.1875;0.625;8.9375;1183.28;900.0
411721;4117214;Nova Santa Bárbara;2023;False;91;4231.727779524576;interpolada_geometrica_2022_2024;215.04218782764806;0.1943116634799235;87.9375;88.1875;0.625;8.9375;1183.28;900.0
411721;4117214;Nova Santa Bárbara;2024;False;64;4280.0;estimativa_ibge;149.53271028037383;0.1943116634799235;87.9375;88.1875;0.625;8.9375;1183.28;900.0
411721;4117214;Nova Santa Bárbara;2025;False;76;4308.0;estimativa_ibge;176.4159702878366;0.1943116634799235;87.9375;88.1875;0.625;8.9375;1183.28;900.0
411721;4117214;Nova Santa Bárbara;2026;True;40;4325.0;estimativa_ibge;92.48554913294798;0.1943116634799235;87.9375;88.1875;0.625;8.9375;1183.28;900.0
411722;4117222;Nova Santa Rosa;2022;False;105;8322.0;censo_2022;126.17159336697908;0.19130016822879115;85.59922680412372;96.16623711340206;2.3518041237113403;88.36984536082474;1713.57;1261.0
411722;4117222;Nova Santa Rosa;2023;False;116;8427.827122099741;interpolada_geometrica_2022_2024;137.63927323072488;0.19130016822879115;85.59922680412372;96.16623711340206;2.3518041237113403;88.36984536082474;1713.57;1261.0
411722;4117222;Nova Santa Rosa;2024;False;119;8535.0;estimativa_ibge;139.42589338019917;0.19130016822879115;85.59922680412372;96.16623711340206;2.3518041237113403;88.36984536082474;1713.57;1261.0
411722;4117222;Nova Santa Rosa;2025;False;129;8581.0;estimativa_ibge;150.3321291224799;0.19130016822879115;85.59922680412372;96.16623711340206;2.3518041237113403;88.36984536082474;1713.57;1261.0
411722;4117222;Nova Santa Rosa;2026;True;58;8624.0;estimativa_ibge;67.25417439703155;0.19130016822879115;85.59922680412372;96.16623711340206;2.3518041237113403;88.36984536082474;1713.57;1261.0
411725;4117255;Nova Prata do Iguaçu;2022;False;56;12699.0;censo_2022;44.0979604693283;0.16765099614142845;75.79180509413068;83.27796234772978;7.818383167220377;35.76965669988926;2106.68;1300.0
411725;4117255;Nova Prata do Iguaçu;2023;False;55;12945.115063219793;interpolada_geometrica_2022_2024;42.487069239166765;0.16765099614142845;75.79180509413068;83.27796234772978;7.818383167220377;35.76965669988926;2106.68;1300.0
411725;4117255;Nova Prata do Iguaçu;2024;False;77;13196.0;estimativa_ibge;58.35101545923007;0.16765099614142845;75.79180509413068;83.27796234772978;7.818383167220377;35.76965669988926;2106.68;1300.0
411725;4117255;Nova Prata do Iguaçu;2025;False;76;13340.0;estimativa_ibge;56.971514242878555;0.16765099614142845;75.79180509413068;83.27796234772978;7.818383167220377;35.76965669988926;2106.68;1300.0
411725;4117255;Nova Prata do Iguaçu;2026;True;23;13482.0;estimativa_ibge;17.0597834149236;0.16765099614142845;75.79180509413068;83.27796234772978;7.818383167220377;35.76965669988926;2106.68;1300.0
411727;4117271;Nova Tebas;2022;False;205;6848.0;censo_2022;299.35747663551405;0.21407710280373832;62.78431372549019;70.66666666666667;0.5098039215686274;13.176470588235293;1473.55;1000.0
411727;4117271;Nova Tebas;2023;False;234;6858.991179466555;interpolada_geometrica_2022_2024;341.15804187139787;0.21407710280373832;62.78431372549019;70.66666666666667;0.5098039215686274;13.176470588235293;1473.55;1000.0
411727;4117271;Nova Tebas;2024;False;238;6870.0;estimativa_ibge;346.43377001455605;0.21407710280373832;62.78431372549019;70.66666666666667;0.5098039215686274;13.176470588235293;1473.55;1000.0
411727;4117271;Nova Tebas;2025;False;243;6852.0;estimativa_ibge;354.6409807355517;0.21407710280373832;62.78431372549019;70.66666666666667;0.5098039215686274;13.176470588235293;1473.55;1000.0
411727;4117271;Nova Tebas;2026;True;174;6818.0;estimativa_ibge;255.2068055148137;0.21407710280373832;62.78431372549019;70.66666666666667;0.5098039215686274;13.176470588235293;1473.55;1000.0
411729;4117297;Novo Itacolomi;2022;False;52;3125.0;censo_2022;166.39999999999998;0.21408;70.57808455565143;71.00949094046592;1.7256255392579811;45.6427955133736;1568.06;1212.0
411729;4117297;Novo Itacolomi;2023;False;102;3167.2148648299817;interpolada_geometrica_2022_2024;322.04951148925426;0.21408;70.57808455565143;71.00949094046592;1.7256255392579811;45.6427955133736;1568.06;1212.0
411729;4117297;Novo Itacolomi;2024;False;83;3210.0;estimativa_ibge;258.56697819314644;0.21408;70.57808455565143;71.00949094046592;1.7256255392579811;45.6427955133736;1568.06;1212.0
411729;4117297;Novo Itacolomi;2025;False;61;3227.0;estimativa_ibge;189.03005887821504;0.21408;70.57808455565143;71.00949094046592;1.7256255392579811;45.6427955133736;1568.06;1212.0
411729;4117297;Novo Itacolomi;2026;True;8;3246.0;estimativa_ibge;24.645717806531117;0.21408;70.57808455565143;71.00949094046592;1.7256255392579811;45.6427955133736;1568.06;1212.0
411730;4117305;Ortigueira;2022;False;287;24192.0;censo_2022;118.63425925925927;0.1605489417989418;56.758920402561756;64.84446477584629;41.20539798719122;44.27035681610247;1156.6;833.33
411730;4117305;Ortigueira;2023;False;208;24408.530967676033;interpolada_geometrica_2022_2024;85.21610754676398;0.1605489417989418;56.758920402561756;64.84446477584629;41.20539798719122;44.27035681610247;1156.6;833.33
411730;4117305;Ortigueira;2024;False;259;24627.0;estimativa_ibge;105.1691233199334;0.1605489417989418;56.758920402561756;64.84446477584629;41.20539798719122;44.27035681610247;1156.6;833.33
411730;4117305;Ortigueira;2025;False;253;24706.0;estimativa_ibge;102.40427426536063;0.1605489417989418;56.758920402561756;64.84446477584629;41.20539798719122;44.27035681610247;1156.6;833.33
411730;4117305;Ortigueira;2026;True;146;24808.0;estimativa_ibge;58.85198323121574;0.1605489417989418;56.758920402561756;64.84446477584629;41.20539798719122;44.27035681610247;1156.6;833.33
411740;4117404;Ourizona;2022;False;21;3187.0;censo_2022;65.89268904926263;0.2262315657358017;93.22742474916387;97.07357859531773;1.4214046822742474;28.59531772575251;1624.55;1200.0
411740;4117404;Ourizona;2023;False;23;3196.4858829658547;interpolada_geometrica_2022_2024;71.95401713665471;0.2262315657358017;93.22742474916387;97.07357859531773;1.4214046822742474;28.59531772575251;1624.55;1200.0
411740;4117404;Ourizona;2024;False;39;3206.0;estimativa_ibge;121.64691203992514;0.2262315657358017;93.22742474916387;97.07357859531773;1.4214046822742474;28.59531772575251;1624.55;1200.0
411740;4117404;Ourizona;2025;False;28;3193.0;estimativa_ibge;87.69182586908863;0.2262315657358017;93.22742474916387;97.07357859531773;1.4214046822742474;28.59531772575251;1624.55;1200.0
411740;4117404;Ourizona;2026;True;19;3181.0;estimativa_ibge;59.72964476579692;0.2262315657358017;93.22742474916387;97.07357859531773;1.4214046822742474;28.59531772575251;1624.55;1200.0
411745;4117453;Ouro Verde do Oeste;2022;False;25;6785.0;censo_2022;36.84598378776713;0.16285924834193072;78.33130822195221;83.75860672336978;8.788983394086674;27.744025921425678;1323.87;1112.0
411745;4117453;Ouro Verde do Oeste;2023;False;40;6906.904878453156;interpolada_geometrica_2022_2024;57.91306048644795;0.16285924834193072;78.33130822195221;83.75860672336978;8.788983394086674;27.744025921425678;1323.87;1112.0
411745;4117453;Ouro Verde do Oeste;2024;False;41;7031.0;estimativa_ibge;58.31318446878111;0.16285924834193072;78.33130822195221;83.75860672336978;8.788983394086674;27.744025921425678;1323.87;1112.0
411745;4117453;Ouro Verde do Oeste;2025;False;40;7102.0;estimativa_ibge;56.32216277105041;0.16285924834193072;78.33130822195221;83.75860672336978;8.788983394086674;27.744025921425678;1323.87;1112.0
411745;4117453;Ouro Verde do Oeste;2026;True;16;7169.0;estimativa_ibge;22.318314967219973;0.16285924834193072;78.33130822195221;83.75860672336978;8.788983394086674;27.744025921425678;1323.87;1112.0
411750;4117503;Paiçandu;2022;False;434;45962.0;censo_2022;94.42583003350593;0.14187807319089682;98.45335911068149;98.6285645239246;81.02948284195263;88.17665538907684;1423.93;1212.0
411750;4117503;Paiçandu;2023;False;496;47071.11783248832;interpolada_geometrica_2022_2024;105.37247102673703;0.14187807319089682;98.45335911068149;98.6285645239246;81.02948284195263;88.17665538907684;1423.93;1212.0
411750;4117503;Paiçandu;2024;False;608;48207.0;estimativa_ibge;126.12276225444438;0.14187807319089682;98.45335911068149;98.6285645239246;81.02948284195263;88.17665538907684;1423.93;1212.0
411750;4117503;Paiçandu;2025;False;623;48695.0;estimativa_ibge;127.939213471609;0.14187807319089682;98.45335911068149;98.6285645239246;81.02948284195263;88.17665538907684;1423.93;1212.0
411750;4117503;Paiçandu;2026;True;419;49694.0;estimativa_ibge;84.31601400571498;0.14187807319089682;98.45335911068149;98.6285645239246;81.02948284195263;88.17665538907684;1423.93;1212.0
411760;4117602;Palmas;2022;False;612;48247.0;censo_2022;126.84726511492943;0.12295064978133355;93.69711833231146;95.8859595340282;74.38381361128143;83.75229920294298;1515.41;1050.0
411760;4117602;Palmas;2023;False;521;49062.11447746622;interpolada_geometrica_2022_2024;106.19191723570955;0.12295064978133355;93.69711833231146;95.8859595340282;74.38381361128143;83.75229920294298;1515.41;1050.0
411760;4117602;Palmas;2024;False;530;49891.0;estimativa_ibge;106.23158485498386;0.12295064978133355;93.69711833231146;95.8859595340282;74.38381361128143;83.75229920294298;1515.41;1050.0
411760;4117602;Palmas;2025;False;698;50238.0;estimativa_ibge;138.93865201640193;0.12295064978133355;93.69711833231146;95.8859595340282;74.38381361128143;83.75229920294298;1515.41;1050.0
411760;4117602;Palmas;2026;True;462;50564.0;estimativa_ibge;91.36935369037259;0.12295064978133355;93.69711833231146;95.8859595340282;74.38381361128143;83.75229920294298;1515.41;1050.0
411770;4117701;Palmeira;2022;False;392;33855.0;censo_2022;115.78791906660759;0.1598877566090681;77.94951903313327;81.41083614239908;61.11156786976897;77.99884896818219;1563.68;1212.0
411770;4117701;Palmeira;2023;False;546;34327.206848212976;interpolada_geometrica_2022_2024;159.05750864446577;0.1598877566090681;77.94951903313327;81.41083614239908;61.11156786976897;77.99884896818219;1563.68;1212.0
411770;4117701;Palmeira;2024;False;544;34806.0;estimativa_ibge;156.2948916853416;0.1598877566090681;77.94951903313327;81.41083614239908;61.11156786976897;77.99884896818219;1563.68;1212.0
411770;4117701;Palmeira;2025;False;512;34948.0;estimativa_ibge;146.503376445004;0.1598877566090681;77.94951903313327;81.41083614239908;61.11156786976897;77.99884896818219;1563.68;1212.0
411770;4117701;Palmeira;2026;True;301;35054.0;estimativa_ibge;85.86751868545673;0.1598877566090681;77.94951903313327;81.41083614239908;61.11156786976897;77.99884896818219;1563.68;1212.0
411780;4117800;Palmital;2022;False;192;13033.0;censo_2022;147.31834573774265;0.17540090539399986;63.45829823083403;64.5324347093513;33.86689132266218;40.248525695029485;1265.43;808.0
411780;4117800;Palmital;2023;False;186;12999.958115317142;interpolada_geometrica_2022_2024;143.0773840577581;0.17540090539399986;63.45829823083403;64.5324347093513;33.86689132266218;40.248525695029485;1265.43;808.0
411780;4117800;Palmital;2024;False;184;12967.0;estimativa_ibge;141.8986658440657;0.17540090539399986;63.45829823083403;64.5324347093513;33.86689132266218;40.248525695029485;1265.43;808.0
411780;4117800;Palmital;2025;False;112;12879.0;estimativa_ibge;86.96327354608277;0.17540090539399986;63.45829823083403;64.5324347093513;33.86689132266218;40.248525695029485;1265.43;808.0
411780;4117800;Palmital;2026;True;46;12766.0;estimativa_ibge;36.03321322262259;0.17540090539399986;63.45829823083403;64.5324347093513;33.86689132266218;40.248525695029485;1265.43;808.0
411790;4117909;Palotina;2022;False;921;35011.0;censo_2022;263.0601810859444;0.15872154465739338;91.27824300837415;92.22626007268131;59.48807078527413;75.1382524885448;2272.86;1525.0
411790;4117909;Palotina;2023;False;683;35807.93002953396;interpolada_geometrica_2022_2024;190.73987226758695;0.15872154465739338;91.27824300837415;92.22626007268131;59.48807078527413;75.1382524885448;2272.86;1525.0
411790;4117909;Palotina;2024;False;718;36623.0;estimativa_ibge;196.0516615241788;0.15872154465739338;91.27824300837415;92.22626007268131;59.48807078527413;75.1382524885448;2272.86;1525.0
411790;4117909;Palotina;2025;False;607;37039.0;estimativa_ibge;163.8813142903426;0.15872154465739338;91.27824300837415;92.22626007268131;59.48807078527413;75.1382524885448;2272.86;1525.0
411790;4117909;Palotina;2026;True;361;37431.0;estimativa_ibge;96.44412385455905;0.15872154465739338;91.27824300837415;92.22626007268131;59.48807078527413;75.1382524885448;2272.86;1525.0
411800;4118006;Paraíso do Norte;2022;False;109;13245.0;censo_2022;82.29520573801435;0.16043790109475273;95.93877551020408;96.28571428571429;73.24489795918367;79.46938775510205;1575.83;1250.0
411800;4118006;Paraíso do Norte;2023;False;62;13438.092498565413;interpolada_geometrica_2022_2024;46.13750054676199;0.16043790109475273;95.93877551020408;96.28571428571429;73.24489795918367;79.46938775510205;1575.83;1250.0
411800;4118006;Paraíso do Norte;2024;False;89;13634.0;estimativa_ibge;65.27798151679625;0.16043790109475273;95.93877551020408;96.28571428571429;73.24489795918367;79.46938775510205;1575.83;1250.0
411800;4118006;Paraíso do Norte;2025;False;121;13728.0;estimativa_ibge;88.14102564102564;0.16043790109475273;95.93877551020408;96.28571428571429;73.24489795918367;79.46938775510205;1575.83;1250.0
411800;4118006;Paraíso do Norte;2026;True;30;13819.0;estimativa_ibge;21.709240900209856;0.16043790109475273;95.93877551020408;96.28571428571429;73.24489795918367;79.46938775510205;1575.83;1250.0
411810;4118105;Paranacity;2022;False;119;9557.0;censo_2022;124.51606152558334;0.1697185309197447;94.16141957641672;95.62106468231254;60.93302804808243;64.59645105895821;1362.04;1083.33
411810;4118105;Paranacity;2023;False;100;9576.979116610832;interpolada_geometrica_2022_2024;104.4170596827914;0.1697185309197447;94.16141957641672;95.62106468231254;60.93302804808243;64.59645105895821;1362.04;1083.33
411810;4118105;Paranacity;2024;False;94;9597.0;estimativa_ibge;97.9472751901636;0.1697185309197447;94.16141957641672;95.62106468231254;60.93302804808243;64.59645105895821;1362.04;1083.33
411810;4118105;Paranacity;2025;False;139;9549.0;estimativa_ibge;145.56498062624357;0.1697185309197447;94.16141957641672;95.62106468231254;60.93302804808243;64.59645105895821;1362.04;1083.33
411810;4118105;Paranacity;2026;True;98;9506.0;estimativa_ibge;103.09278350515464;0.1697185309197447;94.16141957641672;95.62106468231254;60.93302804808243;64.59645105895821;1362.04;1083.33
411820;4118204;Paranaguá;2022;False;1200;145829.0;censo_2022;82.2881594195942;0.13670120483580084;82.44525621926083;89.4308279422869;80.945286830881;91.38384930919777;1570.84;1125.0
411820;4118204;Paranaguá;2023;False;1367;147810.5373476465;interpolada_geometrica_2022_2024;92.48325758973814;0.13670120483580084;82.44525621926083;89.4308279422869;80.945286830881;91.38384930919777;1570.84;1125.0
411820;4118204;Paranaguá;2024;False;1488;149819.0;estimativa_ibge;99.31984594744324;0.13670120483580084;82.44525621926083;89.4308279422869;80.945286830881;91.38384930919777;1570.84;1125.0
411820;4118204;Paranaguá;2025;False;1597;150104.0;estimativa_ibge;106.3929009220274;0.13670120483580084;82.44525621926083;89.4308279422869;80.945286830881;91.38384930919777;1570.84;1125.0
411820;4118204;Paranaguá;2026;True;783;150436.0;estimativa_ibge;52.048711744529236;0.13670120483580084;82.44525621926083;89.4308279422869;80.945286830881;91.38384930919777;1570.84;1125.0
411830;4118303;Paranapoema;2022;False;33;2398.0;censo_2022;137.61467889908258;0.17264386989157632;87.56875687568757;93.3993399339934;2.5302530253025304;71.17711771177117;1089.81;887.43
411830;4118303;Paranapoema;2023;False;20;2387.979061884756;interpolada_geometrica_2022_2024;83.75282815174533;0.17264386989157632;87.56875687568757;93.3993399339934;2.5302530253025304;71.17711771177117;1089.81;887.43
411830;4118303;Paranapoema;2024;False;27;2378.0;estimativa_ibge;113.5407905803196;0.17264386989157632;87.56875687568757;93.3993399339934;2.5302530253025304;71.17711771177117;1089.81;887.43
411830;4118303;Paranapoema;2025;False;24;2352.0;estimativa_ibge;102.0408163265306;0.17264386989157632;87.56875687568757;93.3993399339934;2.5302530253025304;71.17711771177117;1089.81;887.43
411830;4118303;Paranapoema;2026;True;5;2328.0;estimativa_ibge;21.47766323024055;0.17264386989157632;87.56875687568757;93.3993399339934;2.5302530253025304;71.17711771177117;1089.81;887.43
411840;4118402;Paranavaí;2022;False;745;92001.0;censo_2022;80.97738068064479;0.18130237714807448;95.68410316188256;96.66035261547428;79.72023896255281;88.36951770362815;1810.85;1300.0
411840;4118402;Paranavaí;2023;False;670;93746.44273251119;interpolada_geometrica_2022_2024;71.46937851409743;0.18130237714807448;95.68410316188256;96.66035261547428;79.72023896255281;88.36951770362815;1810.85;1300.0
411840;4118402;Paranavaí;2024;False;722;95525.0;estimativa_ibge;75.58230829625752;0.18130237714807448;95.68410316188256;96.66035261547428;79.72023896255281;88.36951770362815;1810.85;1300.0
411840;4118402;Paranavaí;2025;False;782;96209.0;estimativa_ibge;81.28137700215157;0.18130237714807448;95.68410316188256;96.66035261547428;79.72023896255281;88.36951770362815;1810.85;1300.0
411840;4118402;Paranavaí;2026;True;341;96870.0;estimativa_ibge;35.20181686796738;0.18130237714807448;95.68410316188256;96.66035261547428;79.72023896255281;88.36951770362815;1810.85;1300.0
411845;4118451;Pato Bragado;2022;False;69;5733.0;censo_2022;120.35583464154892;0.18437118437118438;91.91871455576559;98.29867674858222;1.6540642722117203;21.975425330812854;1801.41;1450.0
411845;4118451;Pato Bragado;2023;False;204;5835.0910018610675;interpolada_geometrica_2022_2024;349.6089434336764;0.18437118437118438;91.91871455576559;98.29867674858222;1.6540642722117203;21.975425330812854;1801.41;1450.0
411845;4118451;Pato Bragado;2024;False;179;5939.0;estimativa_ibge;301.39754167368244;0.18437118437118438;91.91871455576559;98.29867674858222;1.6540642722117203;21.975425330812854;1801.41;1450.0
411845;4118451;Pato Bragado;2025;False;200;6004.0;estimativa_ibge;333.11125916055965;0.18437118437118438;91.91871455576559;98.29867674858222;1.6540642722117203;21.975425330812854;1801.41;1450.0
411845;4118451;Pato Bragado;2026;True;115;6060.0;estimativa_ibge;189.76897689768978;0.18437118437118438;91.91871455576559;98.29867674858222;1.6540642722117203;21.975425330812854;1801.41;1450.0
411850;4118501;Pato Branco;2022;False;1257;91836.0;censo_2022;136.87442832875996;0.15026786880961715;94.91229092604465;95.90011072906347;79.20624745031762;95.04633137129203;2309.92;1604.0
411850;4118501;Pato Branco;2023;False;1320;94188.85959602654;interpolada_geometrica_2022_2024;140.14396242415972;0.15026786880961715;94.91229092604465;95.90011072906347;79.20624745031762;95.04633137129203;2309.92;1604.0
411850;4118501;Pato Branco;2024;False;1362;96602.0;estimativa_ibge;140.9908697542494;0.15026786880961715;94.91229092604465;95.90011072906347;79.20624745031762;95.04633137129203;2309.92;1604.0
411850;4118501;Pato Branco;2025;False;1398;97821.0;estimativa_ibge;142.91409819977306;0.15026786880961715;94.91229092604465;95.90011072906347;79.20624745031762;95.04633137129203;2309.92;1604.0
411850;4118501;Pato Branco;2026;True;775;99041.0;estimativa_ibge;78.25042154259347;0.15026786880961715;94.91229092604465;95.90011072906347;79.20624745031762;95.04633137129203;2309.92;1604.0
411860;4118600;Paula Freitas;2022;False;123;5666.0;censo_2022;217.08436286621958;0.1839039887045535;60.89494163424124;66.09922178988327;1.9941634241245136;40.175097276264594;1665.15;1212.0
411860;4118600;Paula Freitas;2023;False;151;5721.7259633785325;interpolada_geometrica_2022_2024;263.906382386126;0.1839039887045535;60.89494163424124;66.09922178988327;1.9941634241245136;40.175097276264594;1665.15;1212.0
411860;4118600;Paula Freitas;2024;False;154;5778.0;estimativa_ibge;266.5282104534441;0.1839039887045535;60.89494163424124;66.09922178988327;1.9941634241245136;40.175097276264594;1665.15;1212.0
411860;4118600;Paula Freitas;2025;False;144;5706.0;estimativa_ibge;252.36593059936908;0.1839039887045535;60.89494163424124;66.09922178988327;1.9941634241245136;40.175097276264594;1665.15;1212.0
411860;4118600;Paula Freitas;2026;True;96;5720.0;estimativa_ibge;167.83216783216784;0.1839039887045535;60.89494163424124;66.09922178988327;1.9941634241245136;40.175097276264594;1665.15;1212.0
411870;4118709;Paulo Frontin;2022;False;67;6343.0;censo_2022;105.62825161595458;0.19233801040517107;60.88657105606258;68.75271621034332;4.085180356366797;59.58279009126467;1462.14;1125.0
411870;4118709;Paulo Frontin;2023;False;70;6355.986705461238;interpolada_geometrica_2022_2024;110.13238894891659;0.19233801040517107;60.88657105606258;68.75271621034332;4.085180356366797;59.58279009126467;1462.14;1125.0
411870;4118709;Paulo Frontin;2024;False;84;6369.0;estimativa_ibge;131.88883655204899;0.19233801040517107;60.88657105606258;68.75271621034332;4.085180356366797;59.58279009126467;1462.14;1125.0
411870;4118709;Paulo Frontin;2025;False;83;6414.0;estimativa_ibge;129.40442781415652;0.19233801040517107;60.88657105606258;68.75271621034332;4.085180356366797;59.58279009126467;1462.14;1125.0
411870;4118709;Paulo Frontin;2026;True;40;6385.0;estimativa_ibge;62.64682850430697;0.19233801040517107;60.88657105606258;68.75271621034332;4.085180356366797;59.58279009126467;1462.14;1125.0
411880;4118808;Peabiru;2022;False;81;13346.0;censo_2022;60.6923422748389;0.1852989659823168;87.81218781218782;89.0909090909091;3.6963036963036964;90.5094905094905;1549.52;1200.0
411880;4118808;Peabiru;2023;False;117;13420.790438718577;interpolada_geometrica_2022_2024;87.17817369568526;0.1852989659823168;87.81218781218782;89.0909090909091;3.6963036963036964;90.5094905094905;1549.52;1200.0
411880;4118808;Peabiru;2024;False;100;13496.0;estimativa_ibge;74.09602845287492;0.1852989659823168;87.81218781218782;89.0909090909091;3.6963036963036964;90.5094905094905;1549.52;1200.0
411880;4118808;Peabiru;2025;False;141;13494.0;estimativa_ibge;104.49088483770564;0.1852989659823168;87.81218781218782;89.0909090909091;3.6963036963036964;90.5094905094905;1549.52;1200.0
411880;4118808;Peabiru;2026;True;62;13476.0;estimativa_ibge;46.007717423567826;0.1852989659823168;87.81218781218782;89.0909090909091;3.6963036963036964;90.5094905094905;1549.52;1200.0
411885;4118857;Perobal;2022;False;79;7189.0;censo_2022;109.8901098901099;0.1786062039226596;81.39446760136416;82.64494126563092;27.62410003789314;97.8021978021978;1393.26;1185.71
411885;4118857;Perobal;2023;False;96;7340.8953132434735;interpolada_geometrica_2022_2024;130.77423924954968;0.1786062039226596;81.39446760136416;82.64494126563092;27.62410003789314;97.8021978021978;1393.26;1185.71
411885;4118857;Perobal;2024;False;106;7496.0;estimativa_ibge;141.40875133404484;0.1786062039226596;81.39446760136416;82.64494126563092;27.62410003789314;97.8021978021978;1393.26;1185.71
411885;4118857;Perobal;2025;False;90;7599.0;estimativa_ibge;118.43663639952625;0.1786062039226596;81.39446760136416;82.64494126563092;27.62410003789314;97.8021978021978;1393.26;1185.71
411885;4118857;Perobal;2026;True;29;7691.0;estimativa_ibge;37.706410089715256;0.1786062039226596;81.39446760136416;82.64494126563092;27.62410003789314;97.8021978021978;1393.26;1185.71
411890;4118907;Pérola;2022;False;159;11878.0;censo_2022;133.86091934669136;0.21173598248863446;89.81705973109985;97.04650650209389;1.8955256777606349;24.333259863345823;1485.86;1200.0
411890;4118907;Pérola;2023;False;149;12074.868529304988;interpolada_geometrica_2022_2024;123.39678865934304;0.21173598248863446;89.81705973109985;97.04650650209389;1.8955256777606349;24.333259863345823;1485.86;1200.0
411890;4118907;Pérola;2024;False;171;12275.0;estimativa_ibge;139.30753564154787;0.21173598248863446;89.81705973109985;97.04650650209389;1.8955256777606349;24.333259863345823;1485.86;1200.0
411890;4118907;Pérola;2025;False;230;12389.0;estimativa_ibge;185.64855920574706;0.21173598248863446;89.81705973109985;97.04650650209389;1.8955256777606349;24.333259863345823;1485.86;1200.0
411890;4118907;Pérola;2026;True;139;12493.0;estimativa_ibge;111.26230689185944;0.21173598248863446;89.81705973109985;97.04650650209389;1.8955256777606349;24.333259863345823;1485.86;1200.0
411900;4119004;Pérola d'Oeste;2022;False;196;6221.0;censo_2022;315.0618871564057;0.24095804533033274;81.61734055856607;87.16131721550646;2.5844101709045435;84.99374739474781;2376.5;1500.0
411900;4119004;Pérola d'Oeste;2023;False;72;6227.996066151616;interpolada_geometrica_2022_2024;115.60700943809364;0.24095804533033274;81.61734055856607;87.16131721550646;2.5844101709045435;84.99374739474781;2376.5;1500.0
411900;4119004;Pérola d'Oeste;2024;False;88;6235.0;estimativa_ibge;141.13873295910184;0.24095804533033274;81.61734055856607;87.16131721550646;2.5844101709045435;84.99374739474781;2376.5;1500.0
411900;4119004;Pérola d'Oeste;2025;False;90;6218.0;estimativa_ibge;144.74107430041815;0.24095804533033274;81.61734055856607;87.16131721550646;2.5844101709045435;84.99374739474781;2376.5;1500.0
411900;4119004;Pérola d'Oeste;2026;True;47;6184.0;estimativa_ibge;76.0025873221216;0.24095804533033274;81.61734055856607;87.16131721550646;2.5844101709045435;84.99374739474781;2376.5;1500.0
411910;4119103;Piên;2022;False;266;13655.0;censo_2022;194.80043939948735;0.140241669718052;77.43306417339566;90.18274543136421;3.081172970675733;14.747131321716957;1421.44;1200.0
411910;4119103;Piên;2023;False;272;13914.533589021228;interpolada_geometrica_2022_2024;195.47906385781556;0.140241669718052;77.43306417339566;90.18274543136421;3.081172970675733;14.747131321716957;1421.44;1200.0
411910;4119103;Piên;2024;False;302;14179.0;estimativa_ibge;212.99104309189644;0.140241669718052;77.43306417339566;90.18274543136421;3.081172970675733;14.747131321716957;1421.44;1200.0
411910;4119103;Piên;2025;False;301;14409.0;estimativa_ibge;208.89721701714208;0.140241669718052;77.43306417339566;90.18274543136421;3.081172970675733;14.747131321716957;1421.44;1200.0
411910;4119103;Piên;2026;True;161;14557.0;estimativa_ibge;110.59971147901352;0.140241669718052;77.43306417339566;90.18274543136421;3.081172970675733;14.747131321716957;1421.44;1200.0
411915;4119152;Pinhais;2022;False;1393;127019.0;censo_2022;109.66863225186783;0.14339586990922618;98.22148601817746;99.23497744164251;97.81826900023975;99.08022928881236;2122.76;1404.0
411915;4119152;Pinhais;2023;False;1417;129092.08256512093;interpolada_geometrica_2022_2024;109.76660782315521;0.14339586990922618;98.22148601817746;99.23497744164251;97.81826900023975;99.08022928881236;2122.76;1404.0
411915;4119152;Pinhais;2024;False;1574;131199.0;estimativa_ibge;119.97042660386131;0.14339586990922618;98.22148601817746;99.23497744164251;97.81826900023975;99.08022928881236;2122.76;1404.0
411915;4119152;Pinhais;2025;False;1594;131255.0;estimativa_ibge;121.44299264789913;0.14339586990922618;98.22148601817746;99.23497744164251;97.81826900023975;99.08022928881236;2122.76;1404.0
411915;4119152;Pinhais;2026;True;930;131857.0;estimativa_ibge;70.5309539880325;0.14339586990922618;98.22148601817746;99.23497744164251;97.81826900023975;99.08022928881236;2122.76;1404.0
411920;4119202;Pinhalão;2022;False;182;6566.0;censo_2022;277.1855010660981;0.20453853183064272;70.20661157024793;71.77685950413223;4.462809917355372;10.330578512396695;1351.43;1021.5
411920;4119202;Pinhalão;2023;False;52;6636.125526238937;interpolada_geometrica_2022_2024;78.35897587288603;0.20453853183064272;70.20661157024793;71.77685950413223;4.462809917355372;10.330578512396695;1351.43;1021.5
411920;4119202;Pinhalão;2024;False;57;6707.0;estimativa_ibge;84.985835694051;0.20453853183064272;70.20661157024793;71.77685950413223;4.462809917355372;10.330578512396695;1351.43;1021.5
411920;4119202;Pinhalão;2025;False;77;6676.0;estimativa_ibge;115.33852606351108;0.20453853183064272;70.20661157024793;71.77685950413223;4.462809917355372;10.330578512396695;1351.43;1021.5
411920;4119202;Pinhalão;2026;True;43;6698.0;estimativa_ibge;64.1982681397432;0.20453853183064272;70.20661157024793;71.77685950413223;4.462809917355372;10.330578512396695;1351.43;1021.5
411925;4119251;Pinhal de São Bento;2022;False;25;2761.0;censo_2022;90.54690329590728;0.19304599782687432;73.01255230125523;81.69456066945607;0.20920502092050208;4.2887029288702925;1639.07;1200.0
411925;4119251;Pinhal de São Bento;2023;False;55;2789.849279083012;interpolada_geometrica_2022_2024;197.14326652828285;0.19304599782687432;73.01255230125523;81.69456066945607;0.20920502092050208;4.2887029288702925;1639.07;1200.0
411925;4119251;Pinhal de São Bento;2024;False;54;2819.0;estimativa_ibge;191.5572898190848;0.19304599782687432;73.01255230125523;81.69456066945607;0.20920502092050208;4.2887029288702925;1639.07;1200.0
411925;4119251;Pinhal de São Bento;2025;False;64;2805.0;estimativa_ibge;228.16399286987522;0.19304599782687432;73.01255230125523;81.69456066945607;0.20920502092050208;4.2887029288702925;1639.07;1200.0
411925;4119251;Pinhal de São Bento;2026;True;29;2813.0;estimativa_ibge;103.09278350515464;0.19304599782687432;73.01255230125523;81.69456066945607;0.20920502092050208;4.2887029288702925;1639.07;1200.0
411930;4119301;Pinhão;2022;False;1021;29886.0;censo_2022;341.63153315933886;0.1390283075687613;62.67869135565576;63.244747193706225;32.792861939940515;43.519140362659506;1121.81;800.0
411930;4119301;Pinhão;2023;False;555;30177.57763638427;interpolada_geometrica_2022_2024;183.91138171768029;0.1390283075687613;62.67869135565576;63.244747193706225;32.792861939940515;43.519140362659506;1121.81;800.0
411930;4119301;Pinhão;2024;False;245;30472.0;estimativa_ibge;80.40168023103176;0.1390283075687613;62.67869135565576;63.244747193706225;32.792861939940515;43.519140362659506;1121.81;800.0
411930;4119301;Pinhão;2025;False;239;30451.0;estimativa_ibge;78.48674920363864;0.1390283075687613;62.67869135565576;63.244747193706225;32.792861939940515;43.519140362659506;1121.81;800.0
411930;4119301;Pinhão;2026;True;135;30431.0;estimativa_ibge;44.36265650159377;0.1390283075687613;62.67869135565576;63.244747193706225;32.792861939940515;43.519140362659506;1121.81;800.0
411940;4119400;Piraí do Sul;2022;False;200;23651.0;censo_2022;84.56302059109551;0.15969726438628387;72.83236994219654;77.2519267822736;61.76541425818883;70.65269749518305;1409.0;1000.0
411940;4119400;Piraí do Sul;2023;False;195;23824.860964966825;interpolada_geometrica_2022_2024;81.8472772146444;0.15969726438628387;72.83236994219654;77.2519267822736;61.76541425818883;70.65269749518305;1409.0;1000.0
411940;4119400;Piraí do Sul;2024;False;185;24000.0;estimativa_ibge;77.08333333333333;0.15969726438628387;72.83236994219654;77.2519267822736;61.76541425818883;70.65269749518305;1409.0;1000.0
411940;4119400;Piraí do Sul;2025;False;264;23977.0;estimativa_ibge;110.10551778788005;0.15969726438628387;72.83236994219654;77.2519267822736;61.76541425818883;70.65269749518305;1409.0;1000.0
411940;4119400;Piraí do Sul;2026;True;182;23991.0;estimativa_ibge;75.86178150139637;0.15969726438628387;72.83236994219654;77.2519267822736;61.76541425818883;70.65269749518305;1409.0;1000.0
411950;4119509;Piraquara;2022;False;1131;118730.0;censo_2022;95.25814874084055;0.1005811505095595;95.31484159326936;97.66267911134481;89.96450637570659;95.8643354804785;1420.03;1100.0
411950;4119509;Piraquara;2023;False;1350;121792.50313545576;interpolada_geometrica_2022_2024;110.84426095574624;0.1005811505095595;95.31484159326936;97.66267911134481;89.96450637570659;95.8643354804785;1420.03;1100.0
411950;4119509;Piraquara;2024;False;1335;124934.0;estimativa_ibge;106.85642018986024;0.1005811505095595;95.31484159326936;97.66267911134481;89.96450637570659;95.8643354804785;1420.03;1100.0
411950;4119509;Piraquara;2025;False;1343;127433.0;estimativa_ibge;105.3887140693541;0.1005811505095595;95.31484159326936;97.66267911134481;89.96450637570659;95.8643354804785;1420.03;1100.0
411950;4119509;Piraquara;2026;True;669;129035.0;estimativa_ibge;51.84639826403689;0.1005811505095595;95.31484159326936;97.66267911134481;89.96450637570659;95.8643354804785;1420.03;1100.0
411960;4119608;Pitanga;2022;False;842;33567.0;censo_2022;250.84160038132688;0.1635236988709149;67.14599073848403;69.31513526687789;46.07197985214071;52.3519376066293;1584.1;1100.0
411960;4119608;Pitanga;2023;False;1027;34036.713575197005;interpolada_geometrica_2022_2024;301.7330088967192;0.1635236988709149;67.14599073848403;69.31513526687789;46.07197985214071;52.3519376066293;1584.1;1100.0
411960;4119608;Pitanga;2024;False;1204;34513.0;estimativa_ibge;348.8540549937705;0.1635236988709149;67.14599073848403;69.31513526687789;46.07197985214071;52.3519376066293;1584.1;1100.0
411960;4119608;Pitanga;2025;False;1189;34527.0;estimativa_ibge;344.36817563066586;0.1635236988709149;67.14599073848403;69.31513526687789;46.07197985214071;52.3519376066293;1584.1;1100.0
411960;4119608;Pitanga;2026;True;594;34583.0;estimativa_ibge;171.7606916693173;0.1635236988709149;67.14599073848403;69.31513526687789;46.07197985214071;52.3519376066293;1584.1;1100.0
411965;4119657;Pitangueiras;2022;False;42;3046.0;censo_2022;137.88575180564675;0.18220617202889033;80.98271155595997;84.98635122838944;2.820746132848044;21.929026387625115;1609.52;1212.0
411965;4119657;Pitangueiras;2023;False;33;3083.271963353217;interpolada_geometrica_2022_2024;107.02915731154252;0.18220617202889033;80.98271155595997;84.98635122838944;2.820746132848044;21.929026387625115;1609.52;1212.0
411965;4119657;Pitangueiras;2024;False;48;3121.0;estimativa_ibge;153.7968599807754;0.18220617202889033;80.98271155595997;84.98635122838944;2.820746132848044;21.929026387625115;1609.52;1212.0
411965;4119657;Pitangueiras;2025;False;47;3141.0;estimativa_ibge;149.63387456224132;0.18220617202889033;80.98271155595997;84.98635122838944;2.820746132848044;21.929026387625115;1609.52;1212.0
411965;4119657;Pitangueiras;2026;True;27;3155.0;estimativa_ibge;85.57844690966719;0.18220617202889033;80.98271155595997;84.98635122838944;2.820746132848044;21.929026387625115;1609.52;1212.0
411970;4119707;Planaltina do Paraná;2022;False;84;4070.0;censo_2022;206.38820638820638;0.18894348894348895;69.8639455782313;78.77551020408163;0.8843537414965986;71.7687074829932;1178.56;960.57
411970;4119707;Planaltina do Paraná;2023;False;81;4096.414285689376;interpolada_geometrica_2022_2024;197.7339066582439;0.18894348894348895;69.8639455782313;78.77551020408163;0.8843537414965986;71.7687074829932;1178.56;960.57
411970;4119707;Planaltina do Paraná;2024;False;87;4123.0;estimativa_ibge;211.01139946640794;0.18894348894348895;69.8639455782313;78.77551020408163;0.8843537414965986;71.7687074829932;1178.56;960.57
411970;4119707;Planaltina do Paraná;2025;False;91;4125.0;estimativa_ibge;220.60606060606062;0.18894348894348895;69.8639455782313;78.77551020408163;0.8843537414965986;71.7687074829932;1178.56;960.57
411970;4119707;Planaltina do Paraná;2026;True;32;4123.0;estimativa_ibge;77.61338830948338;0.18894348894348895;69.8639455782313;78.77551020408163;0.8843537414965986;71.7687074829932;1178.56;960.57
411980;4119806;Planalto;2022;False;759;14374.0;censo_2022;528.036732990121;0.21434534576318354;76.55808698926755;81.84899265675014;0.7531538316701186;2.22180380342685;2090.83;1400.0
411980;4119806;Planalto;2023;False;772;14517.780891031522;interpolada_geometrica_2022_2024;531.7617105496539;0.21434534576318354;76.55808698926755;81.84899265675014;0.7531538316701186;2.22180380342685;2090.83;1400.0
411980;4119806;Planalto;2024;False;734;14663.0;estimativa_ibge;500.57969037713974;0.21434534576318354;76.55808698926755;81.84899265675014;0.7531538316701186;2.22180380342685;2090.83;1400.0
411980;4119806;Planalto;2025;False;757;14722.0;estimativa_ibge;514.1964407009917;0.21434534576318354;76.55808698926755;81.84899265675014;0.7531538316701186;2.22180380342685;2090.83;1400.0
411980;4119806;Planalto;2026;True;505;14766.0;estimativa_ibge;342.0018962481376;0.21434534576318354;76.55808698926755;81.84899265675014;0.7531538316701186;2.22180380342685;2090.83;1400.0
411990;4119905;Ponta Grossa;2022;False;2703;358371.0;censo_2022;75.42462978310186;0.14692037023085014;97.7904490377762;98.14839472715452;91.540889616442;94.51880977183899;1891.65;1250.0
411990;4119905;Ponta Grossa;2023;False;3014;365397.6142532953;interpolada_geometrica_2022_2024;82.48548656124179;0.14692037023085014;97.7904490377762;98.14839472715452;91.540889616442;94.51880977183899;1891.65;1250.0
411990;4119905;Ponta Grossa;2024;False;3061;372562.0;estimativa_ibge;82.1608215545332;0.14692037023085014;97.7904490377762;98.14839472715452;91.540889616442;94.51880977183899;1891.65;1250.0
411990;4119905;Ponta Grossa;2025;False;3301;375632.0;estimativa_ibge;87.87856199684798;0.14692037023085014;97.7904490377762;98.14839472715452;91.540889616442;94.51880977183899;1891.65;1250.0
411990;4119905;Ponta Grossa;2026;True;1945;378527.0;estimativa_ibge;51.38338876751196;0.14692037023085014;97.7904490377762;98.14839472715452;91.540889616442;94.51880977183899;1891.65;1250.0
411995;4119954;Pontal do Paraná;2022;False;220;30425.0;censo_2022;72.3089564502876;0.2163023829087921;94.33125905719888;95.77188645469269;65.36527150285568;86.3183019350439;1644.82;1212.0
411995;4119954;Pontal do Paraná;2023;False;342;31409.569401696674;interpolada_geometrica_2022_2024;108.88401417611472;0.2163023829087921;94.33125905719888;95.77188645469269;65.36527150285568;86.3183019350439;1644.82;1212.0
411995;4119954;Pontal do Paraná;2024;False;356;32426.0;estimativa_ibge;109.78844137420589;0.2163023829087921;94.33125905719888;95.77188645469269;65.36527150285568;86.3183019350439;1644.82;1212.0
411995;4119954;Pontal do Paraná;2025;False;373;33131.0;estimativa_ibge;112.58338112341914;0.2163023829087921;94.33125905719888;95.77188645469269;65.36527150285568;86.3183019350439;1644.82;1212.0
411995;4119954;Pontal do Paraná;2026;True;245;33730.0;estimativa_ibge;72.6356359324044;0.2163023829087921;94.33125905719888;95.77188645469269;65.36527150285568;86.3183019350439;1644.82;1212.0
412000;4120002;Porecatu;2022;False;249;11624.0;censo_2022;214.21197522367515;0.22341706813489332;93.92265193370166;97.60589318600368;93.3011049723757;96.36279926335175;1614.47;1200.0
412000;4120002;Porecatu;2023;False;246;11530.624961380021;interpolada_geometrica_2022_2024;213.34489745693537;0.22341706813489332;93.92265193370166;97.60589318600368;93.3011049723757;96.36279926335175;1614.47;1200.0
412000;4120002;Porecatu;2024;False;178;11438.0;estimativa_ibge;155.62161216995977;0.22341706813489332;93.92265193370166;97.60589318600368;93.3011049723757;96.36279926335175;1614.47;1200.0
412000;4120002;Porecatu;2025;False;217;11271.0;estimativa_ibge;192.529500487978;0.22341706813489332;93.92265193370166;97.60589318600368;93.3011049723757;96.36279926335175;1614.47;1200.0
412000;4120002;Porecatu;2026;True;93;11113.0;estimativa_ibge;83.68577341851886;0.22341706813489332;93.92265193370166;97.60589318600368;93.3011049723757;96.36279926335175;1614.47;1200.0
412010;4120101;Porto Amazonas;2022;False;35;4098.0;censo_2022;85.40751586139581;0.16788677403611518;91.162474507138;91.91026512576478;82.25696804894629;93.74575118966689;1567.66;1200.0
412010;4120101;Porto Amazonas;2023;False;34;4098.4999695010365;interpolada_geometrica_2022_2024;82.95718007322387;0.16788677403611518;91.162474507138;91.91026512576478;82.25696804894629;93.74575118966689;1567.66;1200.0
412010;4120101;Porto Amazonas;2024;False;63;4099.0;estimativa_ibge;153.69602342034642;0.16788677403611518;91.162474507138;91.91026512576478;82.25696804894629;93.74575118966689;1567.66;1200.0
412010;4120101;Porto Amazonas;2025;False;57;4072.0;estimativa_ibge;139.98035363457763;0.16788677403611518;91.162474507138;91.91026512576478;82.25696804894629;93.74575118966689;1567.66;1200.0
412010;4120101;Porto Amazonas;2026;True;34;4046.0;estimativa_ibge;84.03361344537815;0.16788677403611518;91.162474507138;91.91026512576478;82.25696804894629;93.74575118966689;1567.66;1200.0
412015;4120150;Porto Barreiro;2022;False;60;3110.0;censo_2022;192.92604501607718;0.2032154340836013;37.42277140335393;40.77669902912621;0.176522506619594;3.971756398940865;1915.74;1266.67
412015;4120150;Porto Barreiro;2023;False;65;3093.9586293290995;interpolada_geometrica_2022_2024;210.08684273873027;0.2032154340836013;37.42277140335393;40.77669902912621;0.176522506619594;3.971756398940865;1915.74;1266.67
412015;4120150;Porto Barreiro;2024;False;71;3078.0;estimativa_ibge;230.66926575698506;0.2032154340836013;37.42277140335393;40.77669902912621;0.176522506619594;3.971756398940865;1915.74;1266.67
412015;4120150;Porto Barreiro;2025;False;62;3057.0;estimativa_ibge;202.8132155708211;0.2032154340836013;37.42277140335393;40.77669902912621;0.176522506619594;3.971756398940865;1915.74;1266.67
412015;4120150;Porto Barreiro;2026;True;36;3023.0;estimativa_ibge;119.08699966920278;0.2032154340836013;37.42277140335393;40.77669902912621;0.176522506619594;3.971756398940865;1915.74;1266.67
412020;4120200;Porto Rico;2022;False;60;3182.0;censo_2022;188.56065367693273;0.1571338780641106;78.38795394154118;89.10540301151461;67.22763507528786;82.01948627103631;2008.51;1474.67
412020;4120200;Porto Rico;2023;False;62;3248.3090985926815;interpolada_geometrica_2022_2024;190.86853534616296;0.1571338780641106;78.38795394154118;89.10540301151461;67.22763507528786;82.01948627103631;2008.51;1474.67
412020;4120200;Porto Rico;2024;False;31;3316.0;estimativa_ibge;93.48612786489747;0.1571338780641106;78.38795394154118;89.10540301151461;67.22763507528786;82.01948627103631;2008.51;1474.67
412020;4120200;Porto Rico;2025;False;64;3370.0;estimativa_ibge;189.91097922848664;0.1571338780641106;78.38795394154118;89.10540301151461;67.22763507528786;82.01948627103631;2008.51;1474.67
412020;4120200;Porto Rico;2026;True;35;3410.0;estimativa_ibge;102.63929618768329;0.1571338780641106;78.38795394154118;89.10540301151461;67.22763507528786;82.01948627103631;2008.51;1474.67
412030;4120309;Porto Vitória;2022;False;76;3562.0;censo_2022;213.3632790567097;0.19090398652442447;54.60420032310178;57.91599353796446;16.074313408723746;74.87883683360259;1212.67;953.0
412030;4120309;Porto Vitória;2023;False;94;3555.4940584959495;interpolada_geometrica_2022_2024;264.3795727217838;0.19090398652442447;54.60420032310178;57.91599353796446;16.074313408723746;74.87883683360259;1212.67;953.0
412030;4120309;Porto Vitória;2024;False;86;3549.0;estimativa_ibge;242.32178078331924;0.19090398652442447;54.60420032310178;57.91599353796446;16.074313408723746;74.87883683360259;1212.67;953.0
412030;4120309;Porto Vitória;2025;False;73;3515.0;estimativa_ibge;207.68136557610242;0.19090398652442447;54.60420032310178;57.91599353796446;16.074313408723746;74.87883683360259;1212.67;953.0
412030;4120309;Porto Vitória;2026;True;62;3487.0;estimativa_ibge;177.80326928591913;0.19090398652442447;54.60420032310178;57.91599353796446;16.074313408723746;74.87883683360259;1212.67;953.0
412033;4120333;Prado Ferreira;2022;False;73;3709.0;censo_2022;196.81854947425182;0.18279859800485307;94.22936449963477;94.52154857560262;92.40321402483565;94.5945945945946;1321.84;1030.0
412033;4120333;Prado Ferreira;2023;False;61;3753.730278003469;interpolada_geometrica_2022_2024;162.50501629660144;0.18279859800485307;94.22936449963477;94.52154857560262;92.40321402483565;94.5945945945946;1321.84;1030.0
412033;4120333;Prado Ferreira;2024;False;77;3799.0;estimativa_ibge;202.684917083443;0.18279859800485307;94.22936449963477;94.52154857560262;92.40321402483565;94.5945945945946;1321.84;1030.0
412033;4120333;Prado Ferreira;2025;False;79;3816.0;estimativa_ibge;207.0230607966457;0.18279859800485307;94.22936449963477;94.52154857560262;92.40321402483565;94.5945945945946;1321.84;1030.0
412033;4120333;Prado Ferreira;2026;True;33;3833.0;estimativa_ibge;86.09444299504304;0.18279859800485307;94.22936449963477;94.52154857560262;92.40321402483565;94.5945945945946;1321.84;1030.0
412035;4120358;Pranchita;2022;False;135;5737.0;censo_2022;235.31462436813663;0.2056824124106676;76.44320297951583;81.23836126629423;51.62942271880819;68.57541899441341;2502.72;1500.0
412035;4120358;Pranchita;2023;False;87;5784.800860876717;interpolada_geometrica_2022_2024;150.39411397614592;0.2056824124106676;76.44320297951583;81.23836126629423;51.62942271880819;68.57541899441341;2502.72;1500.0
412035;4120358;Pranchita;2024;False;108;5833.0;estimativa_ibge;185.1534373392765;0.2056824124106676;76.44320297951583;81.23836126629423;51.62942271880819;68.57541899441341;2502.72;1500.0
412035;4120358;Pranchita;2025;False;111;5831.0;estimativa_ibge;190.361859029326;0.2056824124106676;76.44320297951583;81.23836126629423;51.62942271880819;68.57541899441341;2502.72;1500.0
412035;4120358;Pranchita;2026;True;83;5838.0;estimativa_ibge;142.1719767043508;0.2056824124106676;76.44320297951583;81.23836126629423;51.62942271880819;68.57541899441341;2502.72;1500.0
412040;4120408;Presidente Castelo Branco;2022;False;37;4336.0;censo_2022;85.33210332103322;0.17343173431734318;96.07464607464607;96.65379665379665;75.2895752895753;87.58043758043758;1492.24;1212.0
412040;4120408;Presidente Castelo Branco;2023;False;41;4336.0;interpolada_geometrica_2022_2024;94.55719557195572;0.17343173431734318;96.07464607464607;96.65379665379665;75.2895752895753;87.58043758043758;1492.24;1212.0
412040;4120408;Presidente Castelo Branco;2024;False;43;4336.0;estimativa_ibge;99.16974169741697;0.17343173431734318;96.07464607464607;96.65379665379665;75.2895752895753;87.58043758043758;1492.24;1212.0
412040;4120408;Presidente Castelo Branco;2025;False;45;4304.0;estimativa_ibge;104.55390334572492;0.17343173431734318;96.07464607464607;96.65379665379665;75.2895752895753;87.58043758043758;1492.24;1212.0
412040;4120408;Presidente Castelo Branco;2026;True;17;4277.0;estimativa_ibge;39.7474865559972;0.17343173431734318;96.07464607464607;96.65379665379665;75.2895752895753;87.58043758043758;1492.24;1212.0
412050;4120507;Primeiro de Maio;2022;False;115;10082.0;censo_2022;114.0646697083912;0.24092441975798454;88.6495007882291;90.9090909090909;56.174461376773515;69.18024172359432;1561.86;1212.0
412050;4120507;Primeiro de Maio;2023;False;112;10101.481178520307;interpolada_geometrica_2022_2024;110.87482916679163;0.24092441975798454;88.6495007882291;90.9090909090909;56.174461376773515;69.18024172359432;1561.86;1212.0
412050;4120507;Primeiro de Maio;2024;False;130;10121.0;estimativa_ibge;128.44580575041994;0.24092441975798454;88.6495007882291;90.9090909090909;56.174461376773515;69.18024172359432;1561.86;1212.0
412050;4120507;Primeiro de Maio;2025;False;144;10064.0;estimativa_ibge;143.08426073131957;0.24092441975798454;88.6495007882291;90.9090909090909;56.174461376773515;69.18024172359432;1561.86;1212.0
412050;4120507;Primeiro de Maio;2026;True;55;10018.0;estimativa_ibge;54.90117787981633;0.24092441975798454;88.6495007882291;90.9090909090909;56.174461376773515;69.18024172359432;1561.86;1212.0
412060;4120606;Prudentópolis;2022;False;1052;49393.0;censo_2022;212.98564573927482;0.1719271961613994;66.29899881215;72.8830816222637;49.69172464505911;51.552689631766505;1411.17;1095.0
412060;4120606;Prudentópolis;2023;False;1284;49907.817063061375;interpolada_geometrica_2022_2024;257.27432605950145;0.1719271961613994;66.29899881215;72.8830816222637;49.69172464505911;51.552689631766505;1411.17;1095.0
412060;4120606;Prudentópolis;2024;False;1510;50428.0;estimativa_ibge;299.43682081383355;0.1719271961613994;66.29899881215;72.8830816222637;49.69172464505911;51.552689631766505;1411.17;1095.0
412060;4120606;Prudentópolis;2025;False;1355;50946.0;estimativa_ibge;265.96788756722805;0.1719271961613994;66.29899881215;72.8830816222637;49.69172464505911;51.552689631766505;1411.17;1095.0
412060;4120606;Prudentópolis;2026;True;610;50988.0;estimativa_ibge;119.63599278261552;0.1719271961613994;66.29899881215;72.8830816222637;49.69172464505911;51.552689631766505;1411.17;1095.0
412065;4120655;Quarto Centenário;2022;False;52;4201.0;censo_2022;123.7800523684837;0.18709830992620805;77.95733678086619;89.46347769877181;9.696186166774401;64.12411118293471;1287.55;1070.67
412065;4120655;Quarto Centenário;2023;False;44;4185.471299626842;interpolada_geometrica_2022_2024;105.1255565984238;0.18709830992620805;77.95733678086619;89.46347769877181;9.696186166774401;64.12411118293471;1287.55;1070.67
412065;4120655;Quarto Centenário;2024;False;55;4170.0;estimativa_ibge;131.89448441247;0.18709830992620805;77.95733678086619;89.46347769877181;9.696186166774401;64.12411118293471;1287.55;1070.67
412065;4120655;Quarto Centenário;2025;False;52;4127.0;estimativa_ibge;125.99951538647929;0.18709830992620805;77.95733678086619;89.46347769877181;9.696186166774401;64.12411118293471;1287.55;1070.67
412065;4120655;Quarto Centenário;2026;True;27;4087.0;estimativa_ibge;66.06312698801077;0.18709830992620805;77.95733678086619;89.46347769877181;9.696186166774401;64.12411118293471;1287.55;1070.67
412070;4120705;Quatiguá;2022;False;96;8099.0;censo_2022;118.5331522410174;0.2047166316829238;93.52175293744045;93.83931406795809;78.69164814226738;85.32867577008574;1506.45;1200.0
412070;4120705;Quatiguá;2023;False;119;8226.988695750104;interpolada_geometrica_2022_2024;144.64587761190555;0.2047166316829238;93.52175293744045;93.83931406795809;78.69164814226738;85.32867577008574;1506.45;1200.0
412070;4120705;Quatiguá;2024;False;105;8357.0;estimativa_ibge;125.64317338757928;0.2047166316829238;93.52175293744045;93.83931406795809;78.69164814226738;85.32867577008574;1506.45;1200.0
412070;4120705;Quatiguá;2025;False;114;8426.0;estimativa_ibge;135.29551388559221;0.2047166316829238;93.52175293744045;93.83931406795809;78.69164814226738;85.32867577008574;1506.45;1200.0
412070;4120705;Quatiguá;2026;True;72;8491.0;estimativa_ibge;84.79566599929336;0.2047166316829238;93.52175293744045;93.83931406795809;78.69164814226738;85.32867577008574;1506.45;1200.0
412080;4120804;Quatro Barras;2022;False;246;24191.0;censo_2022;101.69071142160308;0.13310735397461865;93.80834219543897;94.89542715349167;76.55677655677655;88.65650478553704;2002.85;1375.0
412080;4120804;Quatro Barras;2023;False;493;24645.726181226633;interpolada_geometrica_2022_2024;200.0346820275608;0.13310735397461865;93.80834219543897;94.89542715349167;76.55677655677655;88.65650478553704;2002.85;1375.0
412080;4120804;Quatro Barras;2024;False;456;25109.0;estimativa_ibge;181.6081882990163;0.13310735397461865;93.80834219543897;94.89542715349167;76.55677655677655;88.65650478553704;2002.85;1375.0
412080;4120804;Quatro Barras;2025;False;430;25397.0;estimativa_ibge;169.31133598456512;0.13310735397461865;93.80834219543897;94.89542715349167;76.55677655677655;88.65650478553704;2002.85;1375.0
412080;4120804;Quatro Barras;2026;True;292;25663.0;estimativa_ibge;113.78248840743483;0.13310735397461865;93.80834219543897;94.89542715349167;76.55677655677655;88.65650478553704;2002.85;1375.0
412085;4120853;Quatro Pontes;2022;False;16;4480.0;censo_2022;35.714285714285715;0.2109375;88.14858490566037;94.33962264150944;9.610849056603774;47.93632075471698;2437.06;1833.33
412085;4120853;Quatro Pontes;2023;False;43;4557.332553149923;interpolada_geometrica_2022_2024;94.35343920706289;0.2109375;88.14858490566037;94.33962264150944;9.610849056603774;47.93632075471698;2437.06;1833.33
412085;4120853;Quatro Pontes;2024;False;48;4636.0;estimativa_ibge;103.53753235547886;0.2109375;88.14858490566037;94.33962264150944;9.610849056603774;47.93632075471698;2437.06;1833.33
412085;4120853;Quatro Pontes;2025;False;33;4672.0;estimativa_ibge;70.6335616438356;0.2109375;88.14858490566037;94.33962264150944;9.610849056603774;47.93632075471698;2437.06;1833.33
412085;4120853;Quatro Pontes;2026;True;7;4714.0;estimativa_ibge;14.849384811200679;0.2109375;88.14858490566037;94.33962264150944;9.610849056603774;47.93632075471698;2437.06;1833.33
412090;4120903;Quedas do Iguaçu;2022;False;379;30738.0;censo_2022;123.30014965189667;0.15976966621120436;70.45617816091954;73.52729885057471;41.882183908045974;52.19109195402299;1425.0;1075.0
412090;4120903;Quedas do Iguaçu;2023;False;374;31069.71016923074;interpolada_geometrica_2022_2024;120.3744733899653;0.15976966621120436;70.45617816091954;73.52729885057471;41.882183908045974;52.19109195402299;1425.0;1075.0
412090;4120903;Quedas do Iguaçu;2024;False;384;31405.0;estimativa_ibge;122.27352332431143;0.15976966621120436;70.45617816091954;73.52729885057471;41.882183908045974;52.19109195402299;1425.0;1075.0
412090;4120903;Quedas do Iguaçu;2025;False;478;31423.0;estimativa_ibge;152.11787544155555;0.15976966621120436;70.45617816091954;73.52729885057471;41.882183908045974;52.19109195402299;1425.0;1075.0
412090;4120903;Quedas do Iguaçu;2026;True;326;31431.0;estimativa_ibge;103.71925805733193;0.15976966621120436;70.45617816091954;73.52729885057471;41.882183908045974;52.19109195402299;1425.0;1075.0
412100;4121000;Querência do Norte;2022;False;137;10685.0;censo_2022;128.21712681328967;0.17342068320074872;69.14460285132382;72.25050916496944;4.8370672097759675;17.0061099796334;1373.66;1080.0
412100;4121000;Querência do Norte;2023;False;203;10688.999251567006;interpolada_geometrica_2022_2024;189.91487904748448;0.17342068320074872;69.14460285132382;72.25050916496944;4.8370672097759675;17.0061099796334;1373.66;1080.0
412100;4121000;Querência do Norte;2024;False;160;10693.0;estimativa_ibge;149.63059945758908;0.17342068320074872;69.14460285132382;72.25050916496944;4.8370672097759675;17.0061099796334;1373.66;1080.0
412100;4121000;Querência do Norte;2025;False;197;10625.0;estimativa_ibge;185.41176470588235;0.17342068320074872;69.14460285132382;72.25050916496944;4.8370672097759675;17.0061099796334;1373.66;1080.0
412100;4121000;Querência do Norte;2026;True;85;10560.0;estimativa_ibge;80.49242424242424;0.17342068320074872;69.14460285132382;72.25050916496944;4.8370672097759675;17.0061099796334;1373.66;1080.0
412110;4121109;Quinta do Sol;2022;False;98;5001.0;censo_2022;195.96080783843232;0.19456108778244352;77.18419588202559;77.74067890929327;0.8347245409015025;24.98608792431831;1463.1;1200.0
412110;4121109;Quinta do Sol;2023;False;106;5030.413501890277;interpolada_geometrica_2022_2024;210.71826393629155;0.19456108778244352;77.18419588202559;77.74067890929327;0.8347245409015025;24.98608792431831;1463.1;1200.0
412110;4121109;Quinta do Sol;2024;False;146;5060.0;estimativa_ibge;288.5375494071146;0.19456108778244352;77.18419588202559;77.74067890929327;0.8347245409015025;24.98608792431831;1463.1;1200.0
412110;4121109;Quinta do Sol;2025;False;111;5052.0;estimativa_ibge;219.7149643705463;0.19456108778244352;77.18419588202559;77.74067890929327;0.8347245409015025;24.98608792431831;1463.1;1200.0
412110;4121109;Quinta do Sol;2026;True;90;5047.0;estimativa_ibge;178.32375668714087;0.19456108778244352;77.18419588202559;77.74067890929327;0.8347245409015025;24.98608792431831;1463.1;1200.0
412120;4121208;Quitandinha;2022;False;324;18398.0;censo_2022;176.10609848896618;0.18034568974888573;69.66159302497414;73.91754100783213;8.12767843948574;21.75262302349638;1211.25;980.0
412120;4121208;Quitandinha;2023;False;324;18609.28676763298;interpolada_geometrica_2022_2024;174.1066189401365;0.18034568974888573;69.66159302497414;73.91754100783213;8.12767843948574;21.75262302349638;1211.25;980.0
412120;4121208;Quitandinha;2024;False;330;18823.0;estimativa_ibge;175.31743080274134;0.18034568974888573;69.66159302497414;73.91754100783213;8.12767843948574;21.75262302349638;1211.25;980.0
412120;4121208;Quitandinha;2025;False;395;18882.0;estimativa_ibge;209.19394131977543;0.18034568974888573;69.66159302497414;73.91754100783213;8.12767843948574;21.75262302349638;1211.25;980.0
412120;4121208;Quitandinha;2026;True;200;18963.0;estimativa_ibge;105.46854400674998;0.18034568974888573;69.66159302497414;73.91754100783213;8.12767843948574;21.75262302349638;1211.25;980.0
412125;4121257;Ramilândia;2022;False;125;4221.0;censo_2022;296.1383558398484;0.15707178393745558;71.02739726027397;81.78082191780823;0.547945205479452;19.246575342465754;1122.96;960.0
412125;4121257;Ramilândia;2023;False;109;4256.847777405248;interpolada_geometrica_2022_2024;256.05801687003407;0.15707178393745558;71.02739726027397;81.78082191780823;0.547945205479452;19.246575342465754;1122.96;960.0
412125;4121257;Ramilândia;2024;False;101;4293.0;estimativa_ibge;235.26671325413463;0.15707178393745558;71.02739726027397;81.78082191780823;0.547945205479452;19.246575342465754;1122.96;960.0
412125;4121257;Ramilândia;2025;False;127;4279.0;estimativa_ibge;296.79831736387007;0.15707178393745558;71.02739726027397;81.78082191780823;0.547945205479452;19.246575342465754;1122.96;960.0
412125;4121257;Ramilândia;2026;True;56;4284.0;estimativa_ibge;130.718954248366;0.15707178393745558;71.02739726027397;81.78082191780823;0.547945205479452;19.246575342465754;1122.96;960.0
412130;4121307;Rancho Alegre;2022;False;72;3512.0;censo_2022;205.0113895216401;0.2525626423690205;90.58073654390935;91.14730878186968;1.13314447592068;38.668555240793204;1381.13;1100.0
412130;4121307;Rancho Alegre;2023;False;108;3506.495686579409;interpolada_geometrica_2022_2024;307.99980850783294;0.2525626423690205;90.58073654390935;91.14730878186968;1.13314447592068;38.668555240793204;1381.13;1100.0
412130;4121307;Rancho Alegre;2024;False;69;3501.0;estimativa_ibge;197.0865467009426;0.2525626423690205;90.58073654390935;91.14730878186968;1.13314447592068;38.668555240793204;1381.13;1100.0
412130;4121307;Rancho Alegre;2025;False;92;3472.0;estimativa_ibge;264.9769585253456;0.2525626423690205;90.58073654390935;91.14730878186968;1.13314447592068;38.668555240793204;1381.13;1100.0
412130;4121307;Rancho Alegre;2026;True;43;3445.0;estimativa_ibge;124.81857764876634;0.2525626423690205;90.58073654390935;91.14730878186968;1.13314447592068;38.668555240793204;1381.13;1100.0
412135;4121356;Rancho Alegre D'Oeste;2022;False;29;2618.0;censo_2022;110.77158135981665;0.19556913674560733;87.92569659442725;100.0;4.3343653250774;21.878224974200208;1077.07;866.67
412135;4121356;Rancho Alegre D'Oeste;2023;False;29;2627.9809740559385;interpolada_geometrica_2022_2024;110.35087501125385;0.19556913674560733;87.92569659442725;100.0;4.3343653250774;21.878224974200208;1077.07;866.67
412135;4121356;Rancho Alegre D'Oeste;2024;False;23;2638.0;estimativa_ibge;87.18726307808946;0.19556913674560733;87.92569659442725;100.0;4.3343653250774;21.878224974200208;1077.07;866.67
412135;4121356;Rancho Alegre D'Oeste;2025;False;39;2623.0;estimativa_ibge;148.68471216164696;0.19556913674560733;87.92569659442725;100.0;4.3343653250774;21.878224974200208;1077.07;866.67
412135;4121356;Rancho Alegre D'Oeste;2026;True;14;2609.0;estimativa_ibge;53.660406285933306;0.19556913674560733;87.92569659442725;100.0;4.3343653250774;21.878224974200208;1077.07;866.67
412140;4121406;Realeza;2022;False;207;19247.0;censo_2022;107.5492284511872;0.17862524029718918;80.92353257942919;88.83952611739365;60.01615508885299;92.70328486806677;2238.89;1440.0
412140;4121406;Realeza;2023;False;171;19572.251812195755;interpolada_geometrica_2022_2024;87.36858775414254;0.17862524029718918;80.92353257942919;88.83952611739365;60.01615508885299;92.70328486806677;2238.89;1440.0
412140;4121406;Realeza;2024;False;155;19903.0;estimativa_ibge;77.87770687836004;0.17862524029718918;80.92353257942919;88.83952611739365;60.01615508885299;92.70328486806677;2238.89;1440.0
412140;4121406;Realeza;2025;False;414;20097.0;estimativa_ibge;206.00089565606805;0.17862524029718918;80.92353257942919;88.83952611739365;60.01615508885299;92.70328486806677;2238.89;1440.0
412140;4121406;Realeza;2026;True;311;20276.0;estimativa_ibge;153.3833103176169;0.17862524029718918;80.92353257942919;88.83952611739365;60.01615508885299;92.70328486806677;2238.89;1440.0
412150;4121505;Rebouças;2022;False;377;14514.0;censo_2022;259.74920766156816;0.1736943640622847;77.12725903614458;81.042921686747;50.0;57.868975903614455;1322.81;933.33
412150;4121505;Rebouças;2023;False;394;14633.507986808905;interpolada_geometrica_2022_2024;269.24507804633294;0.1736943640622847;77.12725903614458;81.042921686747;50.0;57.868975903614455;1322.81;933.33
412150;4121505;Rebouças;2024;False;332;14754.0;estimativa_ibge;225.02372238037142;0.1736943640622847;77.12725903614458;81.042921686747;50.0;57.868975903614455;1322.81;933.33
412150;4121505;Rebouças;2025;False;422;14825.0;estimativa_ibge;284.65430016863405;0.1736943640622847;77.12725903614458;81.042921686747;50.0;57.868975903614455;1322.81;933.33
412150;4121505;Rebouças;2026;True;192;14846.0;estimativa_ibge;129.32776505456016;0.1736943640622847;77.12725903614458;81.042921686747;50.0;57.868975903614455;1322.81;933.33
412160;4121604;Renascença;2022;False;61;6845.0;censo_2022;89.11614317019723;0.19050401753104457;61.45541783286685;70.5717712914834;53.45861655337865;56.657337065173934;1626.85;1200.0
412160;4121604;Renascença;2023;False;50;6895.315076194851;interpolada_geometrica_2022_2024;72.51300259304797;0.19050401753104457;61.45541783286685;70.5717712914834;53.45861655337865;56.657337065173934;1626.85;1200.0
412160;4121604;Renascença;2024;False;61;6946.0;estimativa_ibge;87.8203282464728;0.19050401753104457;61.45541783286685;70.5717712914834;53.45861655337865;56.657337065173934;1626.85;1200.0
412160;4121604;Renascença;2025;False;86;6945.0;estimativa_ibge;123.8300935925126;0.19050401753104457;61.45541783286685;70.5717712914834;53.45861655337865;56.657337065173934;1626.85;1200.0
412160;4121604;Renascença;2026;True;31;6947.0;estimativa_ibge;44.623578523103504;0.19050401753104457;61.45541783286685;70.5717712914834;53.45861655337865;56.657337065173934;1626.85;1200.0
412170;4121703;Reserva;2022;False;129;24573.0;censo_2022;52.49664265657429;0.15472266308550034;75.62416406598305;76.97280427998217;53.053945608559964;65.47035220686581;1228.72;900.0
412170;4121703;Reserva;2023;False;163;24711.609073469903;interpolada_geometrica_2022_2024;65.96090101433133;0.15472266308550034;75.62416406598305;76.97280427998217;53.053945608559964;65.47035220686581;1228.72;900.0
412170;4121703;Reserva;2024;False;175;24851.0;estimativa_ibge;70.41970142046597;0.15472266308550034;75.62416406598305;76.97280427998217;53.053945608559964;65.47035220686581;1228.72;900.0
412170;4121703;Reserva;2025;False;229;24878.0;estimativa_ibge;92.04920009647078;0.15472266308550034;75.62416406598305;76.97280427998217;53.053945608559964;65.47035220686581;1228.72;900.0
412170;4121703;Reserva;2026;True;127;24856.0;estimativa_ibge;51.09430318635339;0.15472266308550034;75.62416406598305;76.97280427998217;53.053945608559964;65.47035220686581;1228.72;900.0
412175;4121752;Reserva do Iguaçu;2022;False;119;6553.0;censo_2022;181.5962154738288;0.13398443461010223;61.93863939528679;67.6300578034682;43.26367274344153;56.95864828812806;1098.19;808.0
412175;4121752;Reserva do Iguaçu;2023;False;101;6547.99809101988;interpolada_geometrica_2022_2024;154.24561613497477;0.13398443461010223;61.93863939528679;67.6300578034682;43.26367274344153;56.95864828812806;1098.19;808.0
412175;4121752;Reserva do Iguaçu;2024;False;79;6543.0;estimativa_ibge;120.7397218401345;0.13398443461010223;61.93863939528679;67.6300578034682;43.26367274344153;56.95864828812806;1098.19;808.0
412175;4121752;Reserva do Iguaçu;2025;False;95;6493.0;estimativa_ibge;146.31141229015864;0.13398443461010223;61.93863939528679;67.6300578034682;43.26367274344153;56.95864828812806;1098.19;808.0
412175;4121752;Reserva do Iguaçu;2026;True;41;6447.0;estimativa_ibge;63.59547076159454;0.13398443461010223;61.93863939528679;67.6300578034682;43.26367274344153;56.95864828812806;1098.19;808.0
412180;4121802;Ribeirão Claro;2022;False;369;12364.0;censo_2022;298.44710449692656;0.205030734390165;80.12219070477853;81.75867335806241;75.56185904429412;78.59480689504691;1565.81;1212.0
412180;4121802;Ribeirão Claro;2023;False;425;12565.360321136835;interpolada_geometrica_2022_2024;338.23144672189443;0.205030734390165;80.12219070477853;81.75867335806241;75.56185904429412;78.59480689504691;1565.81;1212.0
412180;4121802;Ribeirão Claro;2024;False;331;12770.0;estimativa_ibge;259.2012529365701;0.205030734390165;80.12219070477853;81.75867335806241;75.56185904429412;78.59480689504691;1565.81;1212.0
412180;4121802;Ribeirão Claro;2025;False;354;12856.0;estimativa_ibge;275.3578095830741;0.205030734390165;80.12219070477853;81.75867335806241;75.56185904429412;78.59480689504691;1565.81;1212.0
412180;4121802;Ribeirão Claro;2026;True;189;12959.0;estimativa_ibge;145.8445867736708;0.205030734390165;80.12219070477853;81.75867335806241;75.56185904429412;78.59480689504691;1565.81;1212.0
412190;4121901;Ribeirão do Pinhal;2022;False;481;13060.0;censo_2022;368.30015313935684;0.19762633996937212;89.28790042848398;90.10406039583758;62.6402774943889;74.53580901856763;1275.58;900.0
412190;4121901;Ribeirão do Pinhal;2023;False;462;13119.86280416072;interpolada_geometrica_2022_2024;352.1378286467183;0.19762633996937212;89.28790042848398;90.10406039583758;62.6402774943889;74.53580901856763;1275.58;900.0
412190;4121901;Ribeirão do Pinhal;2024;False;449;13180.0;estimativa_ibge;340.66767830045524;0.19762633996937212;89.28790042848398;90.10406039583758;62.6402774943889;74.53580901856763;1275.58;900.0
412190;4121901;Ribeirão do Pinhal;2025;False;435;13158.0;estimativa_ibge;330.59735522115824;0.19762633996937212;89.28790042848398;90.10406039583758;62.6402774943889;74.53580901856763;1275.58;900.0
412190;4121901;Ribeirão do Pinhal;2026;True;210;13129.0;estimativa_ibge;159.95125295148145;0.19762633996937212;89.28790042848398;90.10406039583758;62.6402774943889;74.53580901856763;1275.58;900.0
412200;4122008;Rio Azul;2022;False;357;14025.0;censo_2022;254.54545454545456;0.15950089126559716;57.78364116094987;62.045869697584735;43.779175969149584;56.30200933631013;1310.29;875.0
412200;4122008;Rio Azul;2023;False;366;14119.183758277246;interpolada_geometrica_2022_2024;259.22178382687014;0.15950089126559716;57.78364116094987;62.045869697584735;43.779175969149584;56.30200933631013;1310.29;875.0
412200;4122008;Rio Azul;2024;False;442;14214.0;estimativa_ibge;310.96102434219785;0.15950089126559716;57.78364116094987;62.045869697584735;43.779175969149584;56.30200933631013;1310.29;875.0
412200;4122008;Rio Azul;2025;False;538;14174.0;estimativa_ibge;379.56822350783125;0.15950089126559716;57.78364116094987;62.045869697584735;43.779175969149584;56.30200933631013;1310.29;875.0
412200;4122008;Rio Azul;2026;True;268;14174.0;estimativa_ibge;189.07859460984903;0.15950089126559716;57.78364116094987;62.045869697584735;43.779175969149584;56.30200933631013;1310.29;875.0
412210;4122107;Rio Bom;2022;False;54;3197.0;censo_2022;168.9083515796059;0.24241476384110103;73.70967741935483;90.40322580645162;0.6451612903225806;45.32258064516129;1418.24;1187.33
412210;4122107;Rio Bom;2023;False;40;3209.9736759045236;interpolada_geometrica_2022_2024;124.61161379689067;0.24241476384110103;73.70967741935483;90.40322580645162;0.6451612903225806;45.32258064516129;1418.24;1187.33
412210;4122107;Rio Bom;2024;False;59;3223.0;estimativa_ibge;183.05926155755506;0.24241476384110103;73.70967741935483;90.40322580645162;0.6451612903225806;45.32258064516129;1418.24;1187.33
412210;4122107;Rio Bom;2025;False;69;3214.0;estimativa_ibge;214.68574984443063;0.24241476384110103;73.70967741935483;90.40322580645162;0.6451612903225806;45.32258064516129;1418.24;1187.33
412210;4122107;Rio Bom;2026;True;25;3206.0;estimativa_ibge;77.97878976918278;0.24241476384110103;73.70967741935483;90.40322580645162;0.6451612903225806;45.32258064516129;1418.24;1187.33
412215;4122156;Rio Bonito do Iguaçu;2022;False;177;13929.0;censo_2022;127.07301313805729;0.14545193481226218;39.53150912106136;43.014096185737976;0.373134328358209;62.707296849087896;1218.66;866.67
412215;4122156;Rio Bonito do Iguaçu;2023;False;264;14080.67420260834;interpolada_geometrica_2022_2024;187.4910222346427;0.14545193481226218;39.53150912106136;43.014096185737976;0.373134328358209;62.707296849087896;1218.66;866.67
412215;4122156;Rio Bonito do Iguaçu;2024;False;271;14234.0;estimativa_ibge;190.38920893634958;0.14545193481226218;39.53150912106136;43.014096185737976;0.373134328358209;62.707296849087896;1218.66;866.67
412215;4122156;Rio Bonito do Iguaçu;2025;False;261;14297.0;estimativa_ibge;182.5557809330629;0.14545193481226218;39.53150912106136;43.014096185737976;0.373134328358209;62.707296849087896;1218.66;866.67
412215;4122156;Rio Bonito do Iguaçu;2026;True;149;14345.0;estimativa_ibge;103.86894388288601;0.14545193481226218;39.53150912106136;43.014096185737976;0.373134328358209;62.707296849087896;1218.66;866.67
412217;4122172;Rio Branco do Ivaí;2022;False;54;3808.0;censo_2022;141.80672268907563;0.16859243697478993;55.78181818181818;59.127272727272725;0.2909090909090909;0.5818181818181818;1163.27;933.33
412217;4122172;Rio Branco do Ivaí;2023;False;69;3828.942412729656;interpolada_geometrica_2022_2024;180.2064188027572;0.16859243697478993;55.78181818181818;59.127272727272725;0.2909090909090909;0.5818181818181818;1163.27;933.33
412217;4122172;Rio Branco do Ivaí;2024;False;56;3850.0;estimativa_ibge;145.45454545454547;0.16859243697478993;55.78181818181818;59.127272727272725;0.2909090909090909;0.5818181818181818;1163.27;933.33
412217;4122172;Rio Branco do Ivaí;2025;False;87;3841.0;estimativa_ibge;226.50351470971103;0.16859243697478993;55.78181818181818;59.127272727272725;0.2909090909090909;0.5818181818181818;1163.27;933.33
412217;4122172;Rio Branco do Ivaí;2026;True;41;3835.0;estimativa_ibge;106.91003911342895;0.16859243697478993;55.78181818181818;59.127272727272725;0.2909090909090909;0.5818181818181818;1163.27;933.33
412220;4122206;Rio Branco do Sul;2022;False;583;37558.0;censo_2022;155.22658288513765;0.12585867192076255;75.55939330229764;76.64814536717225;48.21294488661961;69.36476948490764;1030.48;825.0
412220;4122206;Rio Branco do Sul;2023;False;601;38422.54944690683;interpolada_geometrica_2022_2024;156.4185637474358;0.12585867192076255;75.55939330229764;76.64814536717225;48.21294488661961;69.36476948490764;1030.48;825.0
412220;4122206;Rio Branco do Sul;2024;False;600;39307.0;estimativa_ibge;152.6445671254484;0.12585867192076255;75.55939330229764;76.64814536717225;48.21294488661961;69.36476948490764;1030.48;825.0
412220;4122206;Rio Branco do Sul;2025;False;531;40308.0;estimativa_ibge;131.73563560583509;0.12585867192076255;75.55939330229764;76.64814536717225;48.21294488661961;69.36476948490764;1030.48;825.0
412220;4122206;Rio Branco do Sul;2026;True;246;40745.0;estimativa_ibge;60.375506197079396;0.12585867192076255;75.55939330229764;76.64814536717225;48.21294488661961;69.36476948490764;1030.48;825.0
412230;4122305;Rio Negro;2022;False;393;31324.0;censo_2022;125.46290384369811;0.16616651768611926;86.30697843690292;89.83713947775453;54.78118460558639;80.3566554453644;1799.19;1333.33
412230;4122305;Rio Negro;2023;False;374;31656.23805824059;interpolada_geometrica_2022_2024;118.14417092514952;0.16616651768611926;86.30697843690292;89.83713947775453;54.78118460558639;80.3566554453644;1799.19;1333.33
412230;4122305;Rio Negro;2024;False;441;31992.0;estimativa_ibge;137.84696174043512;0.16616651768611926;86.30697843690292;89.83713947775453;54.78118460558639;80.3566554453644;1799.19;1333.33
412230;4122305;Rio Negro;2025;False;406;31951.0;estimativa_ibge;127.06957528715847;0.16616651768611926;86.30697843690292;89.83713947775453;54.78118460558639;80.3566554453644;1799.19;1333.33
412230;4122305;Rio Negro;2026;True;137;31954.0;estimativa_ibge;42.874131564123424;0.16616651768611926;86.30697843690292;89.83713947775453;54.78118460558639;80.3566554453644;1799.19;1333.33
412240;4122404;Rolândia;2022;False;943;71670.0;censo_2022;131.5752755685782;0.1618529370726943;95.33322988594927;96.08580960508961;51.322833423849794;72.54635735898829;1663.39;1250.0
412240;4122404;Rolândia;2023;False;1144;73284.31926408267;interpolada_geometrica_2022_2024;156.10433602822383;0.1618529370726943;95.33322988594927;96.08580960508961;51.322833423849794;72.54635735898829;1663.39;1250.0
412240;4122404;Rolândia;2024;False;996;74935.0;estimativa_ibge;132.91519316741176;0.1618529370726943;95.33322988594927;96.08580960508961;51.322833423849794;72.54635735898829;1663.39;1250.0
412240;4122404;Rolândia;2025;False;1073;75818.0;estimativa_ibge;141.52312115856392;0.1618529370726943;95.33322988594927;96.08580960508961;51.322833423849794;72.54635735898829;1663.39;1250.0
412240;4122404;Rolândia;2026;True;500;76671.0;estimativa_ibge;65.21370531230843;0.1618529370726943;95.33322988594927;96.08580960508961;51.322833423849794;72.54635735898829;1663.39;1250.0
412250;4122503;Roncador;2022;False;266;11251.0;censo_2022;236.42342902853082;0.18256155008443695;73.90801941298821;74.87866882366535;1.0168708111855789;16.662814883290963;1349.95;1100.0
412250;4122503;Roncador;2023;False;355;11310.84086175736;interpolada_geometrica_2022_2024;313.85818644153727;0.18256155008443695;73.90801941298821;74.87866882366535;1.0168708111855789;16.662814883290963;1349.95;1100.0
412250;4122503;Roncador;2024;False;370;11371.0;estimativa_ibge;325.3891478322047;0.18256155008443695;73.90801941298821;74.87866882366535;1.0168708111855789;16.662814883290963;1349.95;1100.0
412250;4122503;Roncador;2025;False;482;11339.0;estimativa_ibge;425.0815768586295;0.18256155008443695;73.90801941298821;74.87866882366535;1.0168708111855789;16.662814883290963;1349.95;1100.0
412250;4122503;Roncador;2026;True;254;11321.0;estimativa_ibge;224.36180549421428;0.18256155008443695;73.90801941298821;74.87866882366535;1.0168708111855789;16.662814883290963;1349.95;1100.0
412260;4122602;Rondon;2022;False;171;9097.0;censo_2022;187.97405738155436;0.17434319006265803;86.76950459804212;96.32156630080095;51.94304360723821;80.42123998813409;1514.88;1212.0
412260;4122602;Rondon;2023;False;212;9168.221201519955;interpolada_geometrica_2022_2024;231.23351339391064;0.17434319006265803;86.76950459804212;96.32156630080095;51.94304360723821;80.42123998813409;1514.88;1212.0
412260;4122602;Rondon;2024;False;353;9240.0;estimativa_ibge;382.03463203463207;0.17434319006265803;86.76950459804212;96.32156630080095;51.94304360723821;80.42123998813409;1514.88;1212.0
412260;4122602;Rondon;2025;False;382;9255.0;estimativa_ibge;412.74986493787145;0.17434319006265803;86.76950459804212;96.32156630080095;51.94304360723821;80.42123998813409;1514.88;1212.0
412260;4122602;Rondon;2026;True;164;9261.0;estimativa_ibge;177.0867076989526;0.17434319006265803;86.76950459804212;96.32156630080095;51.94304360723821;80.42123998813409;1514.88;1212.0
412265;4122651;Rosário do Ivaí;2022;False;34;5435.0;censo_2022;62.55749770009199;0.21729530818767248;58.34535834535834;63.63636363636363;38.095238095238095;44.25204425204425;1324.47;1033.33
412265;4122651;Rosário do Ivaí;2023;False;53;5462.928244083021;interpolada_geometrica_2022_2024;97.01756573025663;0.21729530818767248;58.34535834535834;63.63636363636363;38.095238095238095;44.25204425204425;1324.47;1033.33
412265;4122651;Rosário do Ivaí;2024;False;66;5491.0;estimativa_ibge;120.19668548533966;0.21729530818767248;58.34535834535834;63.63636363636363;38.095238095238095;44.25204425204425;1324.47;1033.33
412265;4122651;Rosário do Ivaí;2025;False;69;5484.0;estimativa_ibge;125.82056892778995;0.21729530818767248;58.34535834535834;63.63636363636363;38.095238095238095;44.25204425204425;1324.47;1033.33
412265;4122651;Rosário do Ivaí;2026;True;64;5475.0;estimativa_ibge;116.89497716894978;0.21729530818767248;58.34535834535834;63.63636363636363;38.095238095238095;44.25204425204425;1324.47;1033.33
412270;4122701;Sabáudia;2022;False;98;8822.0;censo_2022;111.08592155973702;0.1635683518476536;89.36908517350157;89.87381703470031;1.6719242902208202;81.13564668769716;1580.46;1300.0
412270;4122701;Sabáudia;2023;False;106;9067.581816559474;interpolada_geometrica_2022_2024;116.89996533190339;0.1635683518476536;89.36908517350157;89.87381703470031;1.6719242902208202;81.13564668769716;1580.46;1300.0
412270;4122701;Sabáudia;2024;False;135;9320.0;estimativa_ibge;144.8497854077253;0.1635683518476536;89.36908517350157;89.87381703470031;1.6719242902208202;81.13564668769716;1580.46;1300.0
412270;4122701;Sabáudia;2025;False;192;9511.0;estimativa_ibge;201.8715171906214;0.1635683518476536;89.36908517350157;89.87381703470031;1.6719242902208202;81.13564668769716;1580.46;1300.0
412270;4122701;Sabáudia;2026;True;111;9678.0;estimativa_ibge;114.69311841289522;0.1635683518476536;89.36908517350157;89.87381703470031;1.6719242902208202;81.13564668769716;1580.46;1300.0
412280;4122800;Salgado Filho;2022;False;26;4075.0;censo_2022;63.80368098159509;0.19042944785276072;74.51612903225806;82.64516129032258;0.9032258064516129;35.29032258064516;1865.95;1325.0
412280;4122800;Salgado Filho;2023;False;40;4085.985193316295;interpolada_geometrica_2022_2024;97.89560683046659;0.19042944785276072;74.51612903225806;82.64516129032258;0.9032258064516129;35.29032258064516;1865.95;1325.0
412280;4122800;Salgado Filho;2024;False;49;4097.0;estimativa_ibge;119.5997071027581;0.19042944785276072;74.51612903225806;82.64516129032258;0.9032258064516129;35.29032258064516;1865.95;1325.0
412280;4122800;Salgado Filho;2025;False;52;4090.0;estimativa_ibge;127.13936430317848;0.19042944785276072;74.51612903225806;82.64516129032258;0.9032258064516129;35.29032258064516;1865.95;1325.0
412280;4122800;Salgado Filho;2026;True;24;4074.0;estimativa_ibge;58.910162002945505;0.19042944785276072;74.51612903225806;82.64516129032258;0.9032258064516129;35.29032258064516;1865.95;1325.0
412290;4122909;Salto do Itararé;2022;False;68;5192.0;censo_2022;130.97072419106317;0.22380585516178736;75.06259389083625;76.76514772158238;45.61842764146219;68.5528292438658;1385.52;1082.4
412290;4122909;Salto do Itararé;2023;False;62;5229.365544690866;interpolada_geometrica_2022_2024;118.56122787772169;0.22380585516178736;75.06259389083625;76.76514772158238;45.61842764146219;68.5528292438658;1385.52;1082.4
412290;4122909;Salto do Itararé;2024;False;58;5267.0;estimativa_ibge;110.1196126827416;0.22380585516178736;75.06259389083625;76.76514772158238;45.61842764146219;68.5528292438658;1385.52;1082.4
412290;4122909;Salto do Itararé;2025;False;71;5214.0;estimativa_ibge;136.17184503260452;0.22380585516178736;75.06259389083625;76.76514772158238;45.61842764146219;68.5528292438658;1385.52;1082.4
412290;4122909;Salto do Itararé;2026;True;53;5214.0;estimativa_ibge;101.6494054468738;0.22380585516178736;75.06259389083625;76.76514772158238;45.61842764146219;68.5528292438658;1385.52;1082.4
412300;4123006;Salto do Lontra;2022;False;122;15223.0;censo_2022;80.14189056033634;0.18031925376075675;67.30017761989343;71.43872113676731;47.317939609236234;64.92007104795736;1937.98;1212.0
412300;4123006;Salto do Lontra;2023;False;106;15428.118096514558;interpolada_geometrica_2022_2024;68.7057224587534;0.18031925376075675;67.30017761989343;71.43872113676731;47.317939609236234;64.92007104795736;1937.98;1212.0
412300;4123006;Salto do Lontra;2024;False;137;15636.0;estimativa_ibge;87.61831670503966;0.18031925376075675;67.30017761989343;71.43872113676731;47.317939609236234;64.92007104795736;1937.98;1212.0
412300;4123006;Salto do Lontra;2025;False;160;15706.0;estimativa_ibge;101.87189609066598;0.18031925376075675;67.30017761989343;71.43872113676731;47.317939609236234;64.92007104795736;1937.98;1212.0
412300;4123006;Salto do Lontra;2026;True;73;15800.0;estimativa_ibge;46.20253164556962;0.18031925376075675;67.30017761989343;71.43872113676731;47.317939609236234;64.92007104795736;1937.98;1212.0
412310;4123105;Santa Amélia;2022;False;70;3394.0;censo_2022;206.24631703005304;0.22687094873305833;79.37984496124031;91.86046511627907;47.82945736434109;70.0;1219.36;904.0
412310;4123105;Santa Amélia;2023;False;55;3389.9976401171725;interpolada_geometrica_2022_2024;162.2420008472306;0.22687094873305833;79.37984496124031;91.86046511627907;47.82945736434109;70.0;1219.36;904.0
412310;4123105;Santa Amélia;2024;False;49;3386.0;estimativa_ibge;144.71352628470171;0.22687094873305833;79.37984496124031;91.86046511627907;47.82945736434109;70.0;1219.36;904.0
412310;4123105;Santa Amélia;2025;False;68;3358.0;estimativa_ibge;202.50148898153662;0.22687094873305833;79.37984496124031;91.86046511627907;47.82945736434109;70.0;1219.36;904.0
412310;4123105;Santa Amélia;2026;True;37;3333.0;estimativa_ibge;111.011101110111;0.22687094873305833;79.37984496124031;91.86046511627907;47.82945736434109;70.0;1219.36;904.0
412320;4123204;Santa Cecília do Pavão;2022;False;78;3365.0;censo_2022;231.79791976225854;0.2234769687964339;89.54650269023828;89.93082244427363;66.10299769408148;66.48731744811683;1194.03;1000.0
412320;4123204;Santa Cecília do Pavão;2023;False;43;3369.9962907991458;interpolada_geometrica_2022_2024;127.59657960870686;0.2234769687964339;89.54650269023828;89.93082244427363;66.10299769408148;66.48731744811683;1194.03;1000.0
412320;4123204;Santa Cecília do Pavão;2024;False;49;3375.0;estimativa_ibge;145.1851851851852;0.2234769687964339;89.54650269023828;89.93082244427363;66.10299769408148;66.48731744811683;1194.03;1000.0
412320;4123204;Santa Cecília do Pavão;2025;False;44;3357.0;estimativa_ibge;131.06940720881738;0.2234769687964339;89.54650269023828;89.93082244427363;66.10299769408148;66.48731744811683;1194.03;1000.0
412320;4123204;Santa Cecília do Pavão;2026;True;20;3340.0;estimativa_ibge;59.880239520958085;0.2234769687964339;89.54650269023828;89.93082244427363;66.10299769408148;66.48731744811683;1194.03;1000.0
412330;4123303;Santa Cruz de Monte Castelo;2022;False;116;8613.0;censo_2022;134.68013468013467;0.19911761291071636;83.56589147286822;87.72093023255815;24.558139534883722;48.031007751937985;1566.91;1205.0
412330;4123303;Santa Cruz de Monte Castelo;2023;False;275;8708.965380571908;interpolada_geometrica_2022_2024;315.7665554779609;0.19911761291071636;83.56589147286822;87.72093023255815;24.558139534883722;48.031007751937985;1566.91;1205.0
412330;4123303;Santa Cruz de Monte Castelo;2024;False;296;8806.0;estimativa_ibge;336.1344537815126;0.19911761291071636;83.56589147286822;87.72093023255815;24.558139534883722;48.031007751937985;1566.91;1205.0
412330;4123303;Santa Cruz de Monte Castelo;2025;False;319;8840.0;estimativa_ibge;360.8597285067873;0.19911761291071636;83.56589147286822;87.72093023255815;24.558139534883722;48.031007751937985;1566.91;1205.0
412330;4123303;Santa Cruz de Monte Castelo;2026;True;155;8872.0;estimativa_ibge;174.70694319206493;0.19911761291071636;83.56589147286822;87.72093023255815;24.558139534883722;48.031007751937985;1566.91;1205.0
412340;4123402;Santa Fé;2022;False;107;11378.0;censo_2022;94.04113200914044;0.20346282299173843;89.22029121653358;94.66885861906998;56.787224048849225;80.06106153123532;1458.51;1200.0
412340;4123402;Santa Fé;2023;False;117;11522.581394809064;interpolada_geometrica_2022_2024;101.53974703334154;0.20346282299173843;89.22029121653358;94.66885861906998;56.787224048849225;80.06106153123532;1458.51;1200.0
412340;4123402;Santa Fé;2024;False;136;11669.0;estimativa_ibge;116.54811894763904;0.20346282299173843;89.22029121653358;94.66885861906998;56.787224048849225;80.06106153123532;1458.51;1200.0
412340;4123402;Santa Fé;2025;False;141;11730.0;estimativa_ibge;120.20460358056265;0.20346282299173843;89.22029121653358;94.66885861906998;56.787224048849225;80.06106153123532;1458.51;1200.0
412340;4123402;Santa Fé;2026;True;71;11789.0;estimativa_ibge;60.225634065654425;0.20346282299173843;89.22029121653358;94.66885861906998;56.787224048849225;80.06106153123532;1458.51;1200.0
412350;4123501;Santa Helena;2022;False;397;25492.0;censo_2022;155.73513259061667;0.1815863800407971;94.56110877782444;96.86056278874422;37.7992440151197;49.359512809743805;2128.29;1400.0
412350;4123501;Santa Helena;2023;False;360;25913.023212276872;interpolada_geometrica_2022_2024;138.92628314763442;0.1815863800407971;94.56110877782444;96.86056278874422;37.7992440151197;49.359512809743805;2128.29;1400.0
412350;4123501;Santa Helena;2024;False;400;26341.0;estimativa_ibge;151.85452336661479;0.1815863800407971;94.56110877782444;96.86056278874422;37.7992440151197;49.359512809743805;2128.29;1400.0
412350;4123501;Santa Helena;2025;False;600;26461.0;estimativa_ibge;226.74880012093269;0.1815863800407971;94.56110877782444;96.86056278874422;37.7992440151197;49.359512809743805;2128.29;1400.0
412350;4123501;Santa Helena;2026;True;318;26601.0;estimativa_ibge;119.5443780309011;0.1815863800407971;94.56110877782444;96.86056278874422;37.7992440151197;49.359512809743805;2128.29;1400.0
412360;4123600;Santa Inês;2022;False;30;1748.0;censo_2022;171.62471395881008;0.21681922196796338;67.0605612998523;69.27621861152141;7.0901033973412115;10.19202363367799;1333.84;1050.0
412360;4123600;Santa Inês;2023;False;35;1753.989737712282;interpolada_geometrica_2022_2024;199.5450671544423;0.21681922196796338;67.0605612998523;69.27621861152141;7.0901033973412115;10.19202363367799;1333.84;1050.0
412360;4123600;Santa Inês;2024;False;31;1760.0;estimativa_ibge;176.13636363636363;0.21681922196796338;67.0605612998523;69.27621861152141;7.0901033973412115;10.19202363367799;1333.84;1050.0
412360;4123600;Santa Inês;2025;False;17;1745.0;estimativa_ibge;97.42120343839542;0.21681922196796338;67.0605612998523;69.27621861152141;7.0901033973412115;10.19202363367799;1333.84;1050.0
412360;4123600;Santa Inês;2026;True;19;1739.0;estimativa_ibge;109.25819436457735;0.21681922196796338;67.0605612998523;69.27621861152141;7.0901033973412115;10.19202363367799;1333.84;1050.0
412370;4123709;Santa Isabel do Ivaí;2022;False;136;8912.0;censo_2022;152.6032315978456;0.2126346499102334;90.51599884692995;97.6650331507639;78.69703084462381;79.87892764485443;1425.9;1200.0
412370;4123709;Santa Isabel do Ivaí;2023;False;364;8985.199385656391;interpolada_geometrica_2022_2024;405.1106540619175;0.2126346499102334;90.51599884692995;97.6650331507639;78.69703084462381;79.87892764485443;1425.9;1200.0
412370;4123709;Santa Isabel do Ivaí;2024;False;422;9059.0;estimativa_ibge;465.8350811347831;0.2126346499102334;90.51599884692995;97.6650331507639;78.69703084462381;79.87892764485443;1425.9;1200.0
412370;4123709;Santa Isabel do Ivaí;2025;False;318;9043.0;estimativa_ibge;351.65321242950347;0.2126346499102334;90.51599884692995;97.6650331507639;78.69703084462381;79.87892764485443;1425.9;1200.0
412370;4123709;Santa Isabel do Ivaí;2026;True;160;9052.0;estimativa_ibge;176.75651789659744;0.2126346499102334;90.51599884692995;97.6650331507639;78.69703084462381;79.87892764485443;1425.9;1200.0
412380;4123808;Santa Izabel do Oeste;2022;False;201;14070.0;censo_2022;142.85714285714286;0.18756218905472638;68.25734157650696;81.2017001545595;2.820710973724884;65.57187017001546;1908.59;1250.0
412380;4123808;Santa Izabel do Oeste;2023;False;229;14226.628202072337;interpolada_geometrica_2022_2024;160.96575853907706;0.18756218905472638;68.25734157650696;81.2017001545595;2.820710973724884;65.57187017001546;1908.59;1250.0
412380;4123808;Santa Izabel do Oeste;2024;False;212;14385.0;estimativa_ibge;147.3757386166145;0.18756218905472638;68.25734157650696;81.2017001545595;2.820710973724884;65.57187017001546;1908.59;1250.0
412380;4123808;Santa Izabel do Oeste;2025;False;247;14462.0;estimativa_ibge;170.79242151846216;0.18756218905472638;68.25734157650696;81.2017001545595;2.820710973724884;65.57187017001546;1908.59;1250.0
412380;4123808;Santa Izabel do Oeste;2026;True;106;14519.0;estimativa_ibge;73.00778290515876;0.18756218905472638;68.25734157650696;81.2017001545595;2.820710973724884;65.57187017001546;1908.59;1250.0
412382;4123824;Santa Lúcia;2022;False;73;3644.0;censo_2022;200.32930845225027;0.21816684961580682;68.7544996400288;69.54643628509719;12.16702663786897;12.38300935925126;1305.23;1207.2
412382;4123824;Santa Lúcia;2023;False;57;3650.494213116903;interpolada_geometrica_2022_2024;156.14324163338875;0.21816684961580682;68.7544996400288;69.54643628509719;12.16702663786897;12.38300935925126;1305.23;1207.2
412382;4123824;Santa Lúcia;2024;False;72;3657.0;estimativa_ibge;196.88269073010665;0.21816684961580682;68.7544996400288;69.54643628509719;12.16702663786897;12.38300935925126;1305.23;1207.2
412382;4123824;Santa Lúcia;2025;False;110;3638.0;estimativa_ibge;302.36393622869707;0.21816684961580682;68.7544996400288;69.54643628509719;12.16702663786897;12.38300935925126;1305.23;1207.2
412382;4123824;Santa Lúcia;2026;True;54;3621.0;estimativa_ibge;149.1300745650373;0.21816684961580682;68.7544996400288;69.54643628509719;12.16702663786897;12.38300935925126;1305.23;1207.2
412385;4123857;Santa Maria do Oeste;2022;False;147;9934.0;censo_2022;147.97664586269377;0.17998792027380714;43.20576816417083;51.16472545757072;0.5268996117581808;9.290072102052136;1045.38;770.67
412385;4123857;Santa Maria do Oeste;2023;False;139;9959.46735523542;interpolada_geometrica_2022_2024;139.56569668048715;0.17998792027380714;43.20576816417083;51.16472545757072;0.5268996117581808;9.290072102052136;1045.38;770.67
412385;4123857;Santa Maria do Oeste;2024;False;168;9985.0;estimativa_ibge;168.25237856785176;0.17998792027380714;43.20576816417083;51.16472545757072;0.5268996117581808;9.290072102052136;1045.38;770.67
412385;4123857;Santa Maria do Oeste;2025;False;139;9869.0;estimativa_ibge;140.8450704225352;0.17998792027380714;43.20576816417083;51.16472545757072;0.5268996117581808;9.290072102052136;1045.38;770.67
412385;4123857;Santa Maria do Oeste;2026;True;103;9786.0;estimativa_ibge;105.25240138974044;0.17998792027380714;43.20576816417083;51.16472545757072;0.5268996117581808;9.290072102052136;1045.38;770.67
412390;4123907;Santa Mariana;2022;False;1382;11066.0;censo_2022;1248.8704138803544;0.23856858846918488;92.33870967741936;93.52466793168881;70.27988614800759;71.82163187855788;1464.31;1133.33
412390;4123907;Santa Mariana;2023;False;419;11049.98841628352;interpolada_geometrica_2022_2024;379.1859178626394;0.23856858846918488;92.33870967741936;93.52466793168881;70.27988614800759;71.82163187855788;1464.31;1133.33
412390;4123907;Santa Mariana;2024;False;351;11034.0;estimativa_ibge;318.10766721044047;0.23856858846918488;92.33870967741936;93.52466793168881;70.27988614800759;71.82163187855788;1464.31;1133.33
412390;4123907;Santa Mariana;2025;False;350;10941.0;estimativa_ibge;319.8976327575176;0.23856858846918488;92.33870967741936;93.52466793168881;70.27988614800759;71.82163187855788;1464.31;1133.33
412390;4123907;Santa Mariana;2026;True;187;10856.0;estimativa_ibge;172.25497420781136;0.23856858846918488;92.33870967741936;93.52466793168881;70.27988614800759;71.82163187855788;1464.31;1133.33
412395;4123956;Santa Mônica;2022;False;31;3356.0;censo_2022;92.37187127532776;0.18921334922526817;81.70926517571885;95.36741214057508;1.1182108626198084;38.73801916932907;1158.56;983.33
412395;4123956;Santa Mônica;2023;False;92;3364.4892628748275;interpolada_geometrica_2022_2024;273.4441777394454;0.18921334922526817;81.70926517571885;95.36741214057508;1.1182108626198084;38.73801916932907;1158.56;983.33
412395;4123956;Santa Mônica;2024;False;180;3373.0;estimativa_ibge;533.6495701156241;0.18921334922526817;81.70926517571885;95.36741214057508;1.1182108626198084;38.73801916932907;1158.56;983.33
412395;4123956;Santa Mônica;2025;False;169;3361.0;estimativa_ibge;502.8265397203213;0.18921334922526817;81.70926517571885;95.36741214057508;1.1182108626198084;38.73801916932907;1158.56;983.33
412395;4123956;Santa Mônica;2026;True;86;3348.0;estimativa_ibge;256.8697729988053;0.18921334922526817;81.70926517571885;95.36741214057508;1.1182108626198084;38.73801916932907;1158.56;983.33
412400;4124004;Santana do Itararé;2022;False;126;5514.0;censo_2022;228.50924918389555;0.19840406238665215;71.17675083373035;79.8475464506908;34.11148165793235;43.353978084802286;1360.85;1066.67
412400;4124004;Santana do Itararé;2023;False;134;5570.7083930143035;interpolada_geometrica_2022_2024;240.5439138908019;0.19840406238665215;71.17675083373035;79.8475464506908;34.11148165793235;43.353978084802286;1360.85;1066.67
412400;4124004;Santana do Itararé;2024;False;101;5628.0;estimativa_ibge;179.45984363894812;0.19840406238665215;71.17675083373035;79.8475464506908;34.11148165793235;43.353978084802286;1360.85;1066.67
412400;4124004;Santana do Itararé;2025;False;136;5646.0;estimativa_ibge;240.87849805171803;0.19840406238665215;71.17675083373035;79.8475464506908;34.11148165793235;43.353978084802286;1360.85;1066.67
412400;4124004;Santana do Itararé;2026;True;91;5663.0;estimativa_ibge;160.69221260815823;0.19840406238665215;71.17675083373035;79.8475464506908;34.11148165793235;43.353978084802286;1360.85;1066.67
412402;4124020;Santa Tereza do Oeste;2022;False;60;13174.0;censo_2022;45.54425383330803;0.1392895096402004;90.31497750160703;92.17913006213841;6.085279622884079;28.99078637240197;1489.9;1160.0
412402;4124020;Santa Tereza do Oeste;2023;False;54;13458.429551771633;interpolada_geometrica_2022_2024;40.123552151663624;0.1392895096402004;90.31497750160703;92.17913006213841;6.085279622884079;28.99078637240197;1489.9;1160.0
412402;4124020;Santa Tereza do Oeste;2024;False;82;13749.0;estimativa_ibge;59.640701141901225;0.1392895096402004;90.31497750160703;92.17913006213841;6.085279622884079;28.99078637240197;1489.9;1160.0
412402;4124020;Santa Tereza do Oeste;2025;False;151;13938.0;estimativa_ibge;108.33692064858658;0.1392895096402004;90.31497750160703;92.17913006213841;6.085279622884079;28.99078637240197;1489.9;1160.0
412402;4124020;Santa Tereza do Oeste;2026;True;76;14113.0;estimativa_ibge;53.85105930702189;0.1392895096402004;90.31497750160703;92.17913006213841;6.085279622884079;28.99078637240197;1489.9;1160.0
412405;4124053;Santa Terezinha de Itaipu;2022;False;129;24262.0;censo_2022;53.16956557579754;0.16878245816503173;91.75078315349809;95.8811927137719;81.15790694976215;94.987817612252;1690.18;1270.67
412405;4124053;Santa Terezinha de Itaipu;2023;False;115;24655.31200370419;interpolada_geometrica_2022_2024;46.64309256468647;0.16878245816503173;91.75078315349809;95.8811927137719;81.15790694976215;94.987817612252;1690.18;1270.67
412405;4124053;Santa Terezinha de Itaipu;2024;False;166;25055.0;estimativa_ibge;66.25424067052485;0.16878245816503173;91.75078315349809;95.8811927137719;81.15790694976215;94.987817612252;1690.18;1270.67
412405;4124053;Santa Terezinha de Itaipu;2025;False;143;25300.0;estimativa_ibge;56.52173913043478;0.16878245816503173;91.75078315349809;95.8811927137719;81.15790694976215;94.987817612252;1690.18;1270.67
412405;4124053;Santa Terezinha de Itaipu;2026;True;91;25510.0;estimativa_ibge;35.67228537828303;0.16878245816503173;91.75078315349809;95.8811927137719;81.15790694976215;94.987817612252;1690.18;1270.67
412410;4124103;Santo Antônio da Platina;2022;False;773;44369.0;censo_2022;174.22073970565035;0.1792693096531362;87.86634310248273;89.31615954203224;85.09738037458777;89.27260282496422;1439.66;1053.0
412410;4124103;Santo Antônio da Platina;2023;False;953;44947.72570442247;interpolada_geometrica_2022_2024;212.02407576012973;0.1792693096531362;87.86634310248273;89.31615954203224;85.09738037458777;89.27260282496422;1439.66;1053.0
412410;4124103;Santo Antônio da Platina;2024;False;905;45534.0;estimativa_ibge;198.7525804893047;0.1792693096531362;87.86634310248273;89.31615954203224;85.09738037458777;89.27260282496422;1439.66;1053.0
412410;4124103;Santo Antônio da Platina;2025;False;991;45628.0;estimativa_ibge;217.1911983869554;0.1792693096531362;87.86634310248273;89.31615954203224;85.09738037458777;89.27260282496422;1439.66;1053.0
412410;4124103;Santo Antônio da Platina;2026;True;406;45730.0;estimativa_ibge;88.78198119396457;0.1792693096531362;87.86634310248273;89.31615954203224;85.09738037458777;89.27260282496422;1439.66;1053.0
412420;4124202;Santo Antônio do Caiuá;2022;False;49;2493.0;censo_2022;196.5503409546731;0.21660649819494585;88.9795918367347;89.08163265306122;3.7755102040816326;5.408163265306122;1309.09;1106.0
412420;4124202;Santo Antônio do Caiuá;2023;False;43;2494.4995490077763;interpolada_geometrica_2022_2024;172.37926548074094;0.21660649819494585;88.9795918367347;89.08163265306122;3.7755102040816326;5.408163265306122;1309.09;1106.0
412420;4124202;Santo Antônio do Caiuá;2024;False;48;2496.0;estimativa_ibge;192.30769230769232;0.21660649819494585;88.9795918367347;89.08163265306122;3.7755102040816326;5.408163265306122;1309.09;1106.0
412420;4124202;Santo Antônio do Caiuá;2025;False;58;2474.0;estimativa_ibge;234.43815683104285;0.21660649819494585;88.9795918367347;89.08163265306122;3.7755102040816326;5.408163265306122;1309.09;1106.0
412420;4124202;Santo Antônio do Caiuá;2026;True;34;2460.0;estimativa_ibge;138.21138211382114;0.21660649819494585;88.9795918367347;89.08163265306122;3.7755102040816326;5.408163265306122;1309.09;1106.0
412430;4124301;Santo Antônio do Paraíso;2022;False;35;2125.0;censo_2022;164.7058823529412;0.23011764705882354;86.81318681318682;87.17948717948718;1.098901098901099;8.424908424908425;1340.41;1070.67
412430;4124301;Santo Antônio do Paraíso;2023;False;49;2120.495225177364;interpolada_geometrica_2022_2024;231.07809637204682;0.23011764705882354;86.81318681318682;87.17948717948718;1.098901098901099;8.424908424908425;1340.41;1070.67
412430;4124301;Santo Antônio do Paraíso;2024;False;33;2116.0;estimativa_ibge;155.9546313799622;0.23011764705882354;86.81318681318682;87.17948717948718;1.098901098901099;8.424908424908425;1340.41;1070.67
412430;4124301;Santo Antônio do Paraíso;2025;False;27;2088.0;estimativa_ibge;129.3103448275862;0.23011764705882354;86.81318681318682;87.17948717948718;1.098901098901099;8.424908424908425;1340.41;1070.67
412430;4124301;Santo Antônio do Paraíso;2026;True;19;2070.0;estimativa_ibge;91.78743961352657;0.23011764705882354;86.81318681318682;87.17948717948718;1.098901098901099;8.424908424908425;1340.41;1070.67
412440;4124400;Santo Antônio do Sudoeste;2022;False;610;23673.0;censo_2022;257.67752291640267;0.1739956912938791;78.85830056012394;89.51257299487546;55.39268263615779;66.09462519365988;1734.86;1212.0
412440;4124400;Santo Antônio do Sudoeste;2023;False;631;24153.62109498284;interpolada_geometrica_2022_2024;261.2444724203571;0.1739956912938791;78.85830056012394;89.51257299487546;55.39268263615779;66.09462519365988;1734.86;1212.0
412440;4124400;Santo Antônio do Sudoeste;2024;False;641;24644.0;estimativa_ibge;260.1038792403831;0.1739956912938791;78.85830056012394;89.51257299487546;55.39268263615779;66.09462519365988;1734.86;1212.0
412440;4124400;Santo Antônio do Sudoeste;2025;False;637;24980.0;estimativa_ibge;255.00400320256207;0.1739956912938791;78.85830056012394;89.51257299487546;55.39268263615779;66.09462519365988;1734.86;1212.0
412440;4124400;Santo Antônio do Sudoeste;2026;True;354;25273.0;estimativa_ibge;140.07043089463065;0.1739956912938791;78.85830056012394;89.51257299487546;55.39268263615779;66.09462519365988;1734.86;1212.0
412450;4124509;Santo Inácio;2022;False;93;6181.0;censo_2022;150.46109043844038;0.17019899692606374;86.60518225735618;91.48001756697408;49.93412384716733;68.68686868686869;1660.45;1212.0
412450;4124509;Santo Inácio;2023;False;101;6288.072598181418;interpolada_geometrica_2022_2024;160.62155521106794;0.17019899692606374;86.60518225735618;91.48001756697408;49.93412384716733;68.68686868686869;1660.45;1212.0
412450;4124509;Santo Inácio;2024;False;87;6397.0;estimativa_ibge;136.00125058621228;0.17019899692606374;86.60518225735618;91.48001756697408;49.93412384716733;68.68686868686869;1660.45;1212.0
412450;4124509;Santo Inácio;2025;False;104;6463.0;estimativa_ibge;160.91598328949405;0.17019899692606374;86.60518225735618;91.48001756697408;49.93412384716733;68.68686868686869;1660.45;1212.0
412450;4124509;Santo Inácio;2026;True;68;6521.0;estimativa_ibge;104.27848489495476;0.17019899692606374;86.60518225735618;91.48001756697408;49.93412384716733;68.68686868686869;1660.45;1212.0
412460;4124608;São Carlos do Ivaí;2022;False;152;6587.0;censo_2022;230.75755275542735;0.17094276605434947;94.17721518987342;95.48523206751055;1.1814345991561181;5.189873417721519;1514.76;1212.0
412460;4124608;São Carlos do Ivaí;2023;False;157;6649.206268420314;interpolada_geometrica_2022_2024;236.11840821611221;0.17094276605434947;94.17721518987342;95.48523206751055;1.1814345991561181;5.189873417721519;1514.76;1212.0
412460;4124608;São Carlos do Ivaí;2024;False;126;6712.0;estimativa_ibge;187.72348033373063;0.17094276605434947;94.17721518987342;95.48523206751055;1.1814345991561181;5.189873417721519;1514.76;1212.0
412460;4124608;São Carlos do Ivaí;2025;False;118;6727.0;estimativa_ibge;175.41251672365095;0.17094276605434947;94.17721518987342;95.48523206751055;1.1814345991561181;5.189873417721519;1514.76;1212.0
412460;4124608;São Carlos do Ivaí;2026;True;84;6741.0;estimativa_ibge;124.61059190031152;0.17094276605434947;94.17721518987342;95.48523206751055;1.1814345991561181;5.189873417721519;1514.76;1212.0
412470;4124707;São Jerônimo da Serra;2022;False;102;10830.0;censo_2022;94.18282548476454;0.18670360110803325;73.13243859204862;74.62648771840972;0.4558115978728792;10.103823752848822;1168.93;844.8
412470;4124707;São Jerônimo da Serra;2023;False;101;10871.420790310713;interpolada_geometrica_2022_2024;92.9041400826077;0.18670360110803325;73.13243859204862;74.62648771840972;0.4558115978728792;10.103823752848822;1168.93;844.8
412470;4124707;São Jerônimo da Serra;2024;False;105;10913.0;estimativa_ibge;96.21552277100706;0.18670360110803325;73.13243859204862;74.62648771840972;0.4558115978728792;10.103823752848822;1168.93;844.8
412470;4124707;São Jerônimo da Serra;2025;False;138;10884.0;estimativa_ibge;126.79162072767365;0.18670360110803325;73.13243859204862;74.62648771840972;0.4558115978728792;10.103823752848822;1168.93;844.8
412470;4124707;São Jerônimo da Serra;2026;True;63;10853.0;estimativa_ibge;58.048465861973646;0.18670360110803325;73.13243859204862;74.62648771840972;0.4558115978728792;10.103823752848822;1168.93;844.8
412480;4124806;São João;2022;False;146;11886.0;censo_2022;122.83358573111222;0.20183409052667003;70.71507150715071;72.12321232123212;43.8943894389439;51.08910891089109;1693.11;1233.33
412480;4124806;São João;2023;False;170;12056.773200156002;interpolada_geometrica_2022_2024;140.99958353517042;0.20183409052667003;70.71507150715071;72.12321232123212;43.8943894389439;51.08910891089109;1693.11;1233.33
412480;4124806;São João;2024;False;121;12230.0;estimativa_ibge;98.93704006541292;0.20183409052667003;70.71507150715071;72.12321232123212;43.8943894389439;51.08910891089109;1693.11;1233.33
412480;4124806;São João;2025;False;145;12297.0;estimativa_ibge;117.91493860291128;0.20183409052667003;70.71507150715071;72.12321232123212;43.8943894389439;51.08910891089109;1693.11;1233.33
412480;4124806;São João;2026;True;70;12377.0;estimativa_ibge;56.55651611860709;0.20183409052667003;70.71507150715071;72.12321232123212;43.8943894389439;51.08910891089109;1693.11;1233.33
412490;4124905;São João do Caiuá;2022;False;92;5586.0;censo_2022;164.69745793054065;0.19441460794844254;90.8673703533731;92.93253786140431;83.38687471317118;85.86507572280863;1220.35;941.33
412490;4124905;São João do Caiuá;2023;False;61;5602.974210185159;interpolada_geometrica_2022_2024;108.87074919801239;0.19441460794844254;90.8673703533731;92.93253786140431;83.38687471317118;85.86507572280863;1220.35;941.33
412490;4124905;São João do Caiuá;2024;False;69;5620.0;estimativa_ibge;122.77580071174377;0.19441460794844254;90.8673703533731;92.93253786140431;83.38687471317118;85.86507572280863;1220.35;941.33
412490;4124905;São João do Caiuá;2025;False;67;5607.0;estimativa_ibge;119.49349028000712;0.19441460794844254;90.8673703533731;92.93253786140431;83.38687471317118;85.86507572280863;1220.35;941.33
412490;4124905;São João do Caiuá;2026;True;16;5587.0;estimativa_ibge;28.637909432611423;0.19441460794844254;90.8673703533731;92.93253786140431;83.38687471317118;85.86507572280863;1220.35;941.33
412500;4125001;São João do Ivaí;2022;False;324;10667.0;censo_2022;303.7405081091216;0.24139870629042842;87.25373842867316;88.63042962259672;58.10586280560171;70.14004272489912;1435.26;1208.0
412500;4125001;São João do Ivaí;2023;False;296;10683.487258381507;interpolada_geometrica_2022_2024;277.0630907691488;0.24139870629042842;87.25373842867316;88.63042962259672;58.10586280560171;70.14004272489912;1435.26;1208.0
412500;4125001;São João do Ivaí;2024;False;278;10700.0;estimativa_ibge;259.8130841121495;0.24139870629042842;87.25373842867316;88.63042962259672;58.10586280560171;70.14004272489912;1435.26;1208.0
412500;4125001;São João do Ivaí;2025;False;304;10639.0;estimativa_ibge;285.7411410846884;0.24139870629042842;87.25373842867316;88.63042962259672;58.10586280560171;70.14004272489912;1435.26;1208.0
412500;4125001;São João do Ivaí;2026;True;136;10586.0;estimativa_ibge;128.47156621953525;0.24139870629042842;87.25373842867316;88.63042962259672;58.10586280560171;70.14004272489912;1435.26;1208.0
412510;4125100;São João do Triunfo;2022;False;182;13726.0;censo_2022;132.59507504006996;0.1495701588226723;65.85167074164629;73.51263243683782;10.982070089649552;30.501222493887532;1474.27;1053.0
412510;4125100;São João do Triunfo;2023;False;138;13824.149087737733;interpolada_geometrica_2022_2024;99.82531230251882;0.1495701588226723;65.85167074164629;73.51263243683782;10.982070089649552;30.501222493887532;1474.27;1053.0
412510;4125100;São João do Triunfo;2024;False;166;13923.0;estimativa_ibge;119.22717805070745;0.1495701588226723;65.85167074164629;73.51263243683782;10.982070089649552;30.501222493887532;1474.27;1053.0
412510;4125100;São João do Triunfo;2025;False;165;13899.0;estimativa_ibge;118.71357651629614;0.1495701588226723;65.85167074164629;73.51263243683782;10.982070089649552;30.501222493887532;1474.27;1053.0
412510;4125100;São João do Triunfo;2026;True;88;13900.0;estimativa_ibge;63.309352517985616;0.1495701588226723;65.85167074164629;73.51263243683782;10.982070089649552;30.501222493887532;1474.27;1053.0
412520;4125209;São Jorge d'Oeste;2022;False;171;9378.0;censo_2022;182.34165067178503;0.20452121987630625;72.05510261456283;84.25639583919033;7.225189766657295;31.74023053134664;1829.04;1200.0
412520;4125209;São Jorge d'Oeste;2023;False;136;9463.609248061757;interpolada_geometrica_2022_2024;143.70838486157297;0.20452121987630625;72.05510261456283;84.25639583919033;7.225189766657295;31.74023053134664;1829.04;1200.0
412520;4125209;São Jorge d'Oeste;2024;False;130;9550.0;estimativa_ibge;136.12565445026178;0.20452121987630625;72.05510261456283;84.25639583919033;7.225189766657295;31.74023053134664;1829.04;1200.0
412520;4125209;São Jorge d'Oeste;2025;False;124;9587.0;estimativa_ibge;129.34181704391364;0.20452121987630625;72.05510261456283;84.25639583919033;7.225189766657295;31.74023053134664;1829.04;1200.0
412520;4125209;São Jorge d'Oeste;2026;True;62;9605.0;estimativa_ibge;64.54971369078605;0.20452121987630625;72.05510261456283;84.25639583919033;7.225189766657295;31.74023053134664;1829.04;1200.0
412530;4125308;São Jorge do Ivaí;2022;False;23;5168.0;censo_2022;44.5046439628483;0.2428405572755418;89.87012987012987;94.75324675324676;82.3896103896104;84.88311688311688;1785.31;1308.0
412530;4125308;São Jorge do Ivaí;2023;False;32;5180.484919387373;interpolada_geometrica_2022_2024;61.77027922664856;0.2428405572755418;89.87012987012987;94.75324675324676;82.3896103896104;84.88311688311688;1785.31;1308.0
412530;4125308;São Jorge do Ivaí;2024;False;25;5193.0;estimativa_ibge;48.141729250914686;0.2428405572755418;89.87012987012987;94.75324675324676;82.3896103896104;84.88311688311688;1785.31;1308.0
412530;4125308;São Jorge do Ivaí;2025;False;44;5170.0;estimativa_ibge;85.1063829787234;0.2428405572755418;89.87012987012987;94.75324675324676;82.3896103896104;84.88311688311688;1785.31;1308.0
412530;4125308;São Jorge do Ivaí;2026;True;12;5149.0;estimativa_ibge;23.305496212856863;0.2428405572755418;89.87012987012987;94.75324675324676;82.3896103896104;84.88311688311688;1785.31;1308.0
412535;4125357;São Jorge do Patrocínio;2022;False;115;6504.0;censo_2022;176.8142681426814;0.22555350553505535;76.99960206923996;93.1157978511739;1.910067648229208;2.30799840827696;1373.72;1200.0
412535;4125357;São Jorge do Patrocínio;2023;False;103;6581.0436862248525;interpolada_geometrica_2022_2024;156.51012956439573;0.22555350553505535;76.99960206923996;93.1157978511739;1.910067648229208;2.30799840827696;1373.72;1200.0
412535;4125357;São Jorge do Patrocínio;2024;False;113;6659.0;estimativa_ibge;169.6951494218351;0.22555350553505535;76.99960206923996;93.1157978511739;1.910067648229208;2.30799840827696;1373.72;1200.0
412535;4125357;São Jorge do Patrocínio;2025;False;89;6690.0;estimativa_ibge;133.034379671151;0.22555350553505535;76.99960206923996;93.1157978511739;1.910067648229208;2.30799840827696;1373.72;1200.0
412535;4125357;São Jorge do Patrocínio;2026;True;49;6718.0;estimativa_ibge;72.93837451622507;0.22555350553505535;76.99960206923996;93.1157978511739;1.910067648229208;2.30799840827696;1373.72;1200.0
412540;4125407;São José da Boa Vista;2022;False;192;6040.0;censo_2022;317.88079470198676;0.21009933774834438;63.019508057676;70.39864291772689;28.329092451229855;29.431721798134014;1395.21;965.0
412540;4125407;São José da Boa Vista;2023;False;109;6049.991735531546;interpolada_geometrica_2022_2024;180.16553536733613;0.21009933774834438;63.019508057676;70.39864291772689;28.329092451229855;29.431721798134014;1395.21;965.0
412540;4125407;São José da Boa Vista;2024;False;170;6060.0;estimativa_ibge;280.52805280528054;0.21009933774834438;63.019508057676;70.39864291772689;28.329092451229855;29.431721798134014;1395.21;965.0
412540;4125407;São José da Boa Vista;2025;False;159;6023.0;estimativa_ibge;263.98804582434;0.21009933774834438;63.019508057676;70.39864291772689;28.329092451229855;29.431721798134014;1395.21;965.0
412540;4125407;São José da Boa Vista;2026;True;59;5994.0;estimativa_ibge;98.43176509843177;0.21009933774834438;63.019508057676;70.39864291772689;28.329092451229855;29.431721798134014;1395.21;965.0
412545;4125456;São José das Palmeiras;2022;False;116;3957.0;censo_2022;293.15137730603993;0.19332827899924185;82.68341044282882;90.48248512888301;1.1896893588896233;2.313284864507601;1557.1;1212.0
412545;4125456;São José das Palmeiras;2023;False;160;3993.333194212574;interpolada_geometrica_2022_2024;400.66779359128736;0.19332827899924185;82.68341044282882;90.48248512888301;1.1896893588896233;2.313284864507601;1557.1;1212.0
412545;4125456;São José das Palmeiras;2024;False;180;4030.0;estimativa_ibge;446.65012406947886;0.19332827899924185;82.68341044282882;90.48248512888301;1.1896893588896233;2.313284864507601;1557.1;1212.0
412545;4125456;São José das Palmeiras;2025;False;102;4031.0;estimativa_ibge;253.03894815182335;0.19332827899924185;82.68341044282882;90.48248512888301;1.1896893588896233;2.313284864507601;1557.1;1212.0
412545;4125456;São José das Palmeiras;2026;True;21;4039.0;estimativa_ibge;51.99306759098787;0.19332827899924185;82.68341044282882;90.48248512888301;1.1896893588896233;2.313284864507601;1557.1;1212.0
412550;4125506;São José dos Pinhais;2022;False;2652;329628.0;censo_2022;80.45433033601515;0.11841227080223768;89.24290544001639;93.59867499914627;79.81764163507837;90.22043506471331;1823.68;1333.33
412550;4125506;São José dos Pinhais;2023;False;3128;337541.02036937675;interpolada_geometrica_2022_2024;92.67021817309724;0.11841227080223768;89.24290544001639;93.59867499914627;79.81764163507837;90.22043506471331;1823.68;1333.33
412550;4125506;São José dos Pinhais;2024;False;3592;345644.0;estimativa_ibge;103.921954380808;0.11841227080223768;89.24290544001639;93.59867499914627;79.81764163507837;90.22043506471331;1823.68;1333.33
412550;4125506;São José dos Pinhais;2025;False;3501;349880.0;estimativa_ibge;100.062878701269;0.11841227080223768;89.24290544001639;93.59867499914627;79.81764163507837;90.22043506471331;1823.68;1333.33
412550;4125506;São José dos Pinhais;2026;True;1774;353874.0;estimativa_ibge;50.13083752974223;0.11841227080223768;89.24290544001639;93.59867499914627;79.81764163507837;90.22043506471331;1823.68;1333.33
412555;4125555;São Manoel do Paraná;2022;False;24;2138.0;censo_2022;112.25444340505145;0.22637979420018708;79.95049504950495;99.13366336633663;1.7326732673267327;27.599009900990097;1301.92;1212.0
412555;4125555;São Manoel do Paraná;2023;False;27;2155.4289596272943;interpolada_geometrica_2022_2024;125.2650887861723;0.22637979420018708;79.95049504950495;99.13366336633663;1.7326732673267327;27.599009900990097;1301.92;1212.0
412555;4125555;São Manoel do Paraná;2024;False;27;2173.0;estimativa_ibge;124.25218591808559;0.22637979420018708;79.95049504950495;99.13366336633663;1.7326732673267327;27.599009900990097;1301.92;1212.0
412555;4125555;São Manoel do Paraná;2025;False;28;2176.0;estimativa_ibge;128.67647058823528;0.22637979420018708;79.95049504950495;99.13366336633663;1.7326732673267327;27.599009900990097;1301.92;1212.0
412555;4125555;São Manoel do Paraná;2026;True;28;2178.0;estimativa_ibge;128.5583103764922;0.22637979420018708;79.95049504950495;99.13366336633663;1.7326732673267327;27.599009900990097;1301.92;1212.0
412560;4125605;São Mateus do Sul;2022;False;507;42366.0;censo_2022;119.6714346409857;0.15559646886654394;62.2768001031393;63.604718623090314;40.59820795461871;62.99877522078257;1568.37;1180.0
412560;4125605;São Mateus do Sul;2023;False;626;42886.3050168699;interpolada_geometrica_2022_2024;145.9673431305762;0.15559646886654394;62.2768001031393;63.604718623090314;40.59820795461871;62.99877522078257;1568.37;1180.0
412560;4125605;São Mateus do Sul;2024;False;641;43413.0;estimativa_ibge;147.65162508925897;0.15559646886654394;62.2768001031393;63.604718623090314;40.59820795461871;62.99877522078257;1568.37;1180.0
412560;4125605;São Mateus do Sul;2025;False;615;43490.0;estimativa_ibge;141.4118188089216;0.15559646886654394;62.2768001031393;63.604718623090314;40.59820795461871;62.99877522078257;1568.37;1180.0
412560;4125605;São Mateus do Sul;2026;True;311;43558.0;estimativa_ibge;71.39905413471693;0.15559646886654394;62.2768001031393;63.604718623090314;40.59820795461871;62.99877522078257;1568.37;1180.0
412570;4125704;São Miguel do Iguaçu;2022;False;197;29122.0;censo_2022;67.6464528535128;0.16877274912437332;76.55591951333645;88.98455779129621;52.353766963032285;72.9995320542817;1733.78;1225.0
412570;4125704;São Miguel do Iguaçu;2023;False;347;29655.120232432037;interpolada_geometrica_2022_2024;117.01183380147177;0.16877274912437332;76.55591951333645;88.98455779129621;52.353766963032285;72.9995320542817;1733.78;1225.0
412570;4125704;São Miguel do Iguaçu;2024;False;360;30198.0;estimativa_ibge;119.21319292668389;0.16877274912437332;76.55591951333645;88.98455779129621;52.353766963032285;72.9995320542817;1733.78;1225.0
412570;4125704;São Miguel do Iguaçu;2025;False;143;30416.0;estimativa_ibge;47.01472908995265;0.16877274912437332;76.55591951333645;88.98455779129621;52.353766963032285;72.9995320542817;1733.78;1225.0
412570;4125704;São Miguel do Iguaçu;2026;True;48;30624.0;estimativa_ibge;15.67398119122257;0.16877274912437332;76.55591951333645;88.98455779129621;52.353766963032285;72.9995320542817;1733.78;1225.0
412575;4125753;São Pedro do Iguaçu;2022;False;24;5784.0;censo_2022;41.49377593360996;0.2161134163208852;73.66273798730734;76.33726201269266;15.14052583862194;54.75974614687217;1478.95;1200.0
412575;4125753;São Pedro do Iguaçu;2023;False;39;5776.495131132719;interpolada_geometrica_2022_2024;67.51498809339851;0.2161134163208852;73.66273798730734;76.33726201269266;15.14052583862194;54.75974614687217;1478.95;1200.0
412575;4125753;São Pedro do Iguaçu;2024;False;42;5769.0;estimativa_ibge;72.80291211648466;0.2161134163208852;73.66273798730734;76.33726201269266;15.14052583862194;54.75974614687217;1478.95;1200.0
412575;4125753;São Pedro do Iguaçu;2025;False;48;5730.0;estimativa_ibge;83.76963350785341;0.2161134163208852;73.66273798730734;76.33726201269266;15.14052583862194;54.75974614687217;1478.95;1200.0
412575;4125753;São Pedro do Iguaçu;2026;True;23;5686.0;estimativa_ibge;40.45022863172705;0.2161134163208852;73.66273798730734;76.33726201269266;15.14052583862194;54.75974614687217;1478.95;1200.0
412580;4125803;São Pedro do Ivaí;2022;False;220;8690.0;censo_2022;253.1645569620253;0.20759493670886076;90.21771547867581;91.26155681479273;52.609603340292274;56.128839844915;1588.58;1212.0
412580;4125803;São Pedro do Ivaí;2023;False;188;8650.40981688151;interpolada_geometrica_2022_2024;217.3307438372606;0.20759493670886076;90.21771547867581;91.26155681479273;52.609603340292274;56.128839844915;1588.58;1212.0
412580;4125803;São Pedro do Ivaí;2024;False;190;8611.0;estimativa_ibge;220.64800836139818;0.20759493670886076;90.21771547867581;91.26155681479273;52.609603340292274;56.128839844915;1588.58;1212.0
412580;4125803;São Pedro do Ivaí;2025;False;234;8514.0;estimativa_ibge;274.8414376321353;0.20759493670886076;90.21771547867581;91.26155681479273;52.609603340292274;56.128839844915;1588.58;1212.0
412580;4125803;São Pedro do Ivaí;2026;True;100;8423.0;estimativa_ibge;118.72254541137363;0.20759493670886076;90.21771547867581;91.26155681479273;52.609603340292274;56.128839844915;1588.58;1212.0
412590;4125902;São Pedro do Paraná;2022;False;68;2661.0;censo_2022;255.54302893649003;0.19654265313791808;68.12182741116752;90.55837563451777;0.6091370558375635;0.9137055837563451;1682.34;1333.33
412590;4125902;São Pedro do Paraná;2023;False;246;2691.3271818937214;interpolada_geometrica_2022_2024;914.0471721721509;0.19654265313791808;68.12182741116752;90.55837563451777;0.6091370558375635;0.9137055837563451;1682.34;1333.33
412590;4125902;São Pedro do Paraná;2024;False;190;2722.0;estimativa_ibge;698.0161645848641;0.19654265313791808;68.12182741116752;90.55837563451777;0.6091370558375635;0.9137055837563451;1682.34;1333.33
412590;4125902;São Pedro do Paraná;2025;False;114;2726.0;estimativa_ibge;418.1951577402788;0.19654265313791808;68.12182741116752;90.55837563451777;0.6091370558375635;0.9137055837563451;1682.34;1333.33
412590;4125902;São Pedro do Paraná;2026;True;69;2736.0;estimativa_ibge;252.19298245614033;0.19654265313791808;68.12182741116752;90.55837563451777;0.6091370558375635;0.9137055837563451;1682.34;1333.33
412600;4126009;São Sebastião da Amoreira;2022;False;138;8063.0;censo_2022;171.15217660920254;0.19459258340568028;91.69179229480737;92.46231155778895;1.6080402010050252;12.261306532663317;1305.25;920.0
412600;4126009;São Sebastião da Amoreira;2023;False;85;8081.478825066611;interpolada_geometrica_2022_2024;105.17876967808475;0.19459258340568028;91.69179229480737;92.46231155778895;1.6080402010050252;12.261306532663317;1305.25;920.0
412600;4126009;São Sebastião da Amoreira;2024;False;142;8100.0;estimativa_ibge;175.30864197530863;0.19459258340568028;91.69179229480737;92.46231155778895;1.6080402010050252;12.261306532663317;1305.25;920.0
412600;4126009;São Sebastião da Amoreira;2025;False;115;8063.0;estimativa_ibge;142.6268138410021;0.19459258340568028;91.69179229480737;92.46231155778895;1.6080402010050252;12.261306532663317;1305.25;920.0
412600;4126009;São Sebastião da Amoreira;2026;True;41;8028.0;estimativa_ibge;51.07125062282012;0.19459258340568028;91.69179229480737;92.46231155778895;1.6080402010050252;12.261306532663317;1305.25;920.0
412610;4126108;São Tomé;2022;False;39;5232.0;censo_2022;74.54128440366974;0.18769113149847094;91.48717948717949;94.1025641025641;53.43589743589744;84.15384615384616;1352.04;1180.0
412610;4126108;São Tomé;2023;False;45;5260.920071622453;interpolada_geometrica_2022_2024;85.53636890005464;0.18769113149847094;91.48717948717949;94.1025641025641;53.43589743589744;84.15384615384616;1352.04;1180.0
412610;4126108;São Tomé;2024;False;37;5290.0;estimativa_ibge;69.94328922495274;0.18769113149847094;91.48717948717949;94.1025641025641;53.43589743589744;84.15384615384616;1352.04;1180.0
412610;4126108;São Tomé;2025;False;60;5282.0;estimativa_ibge;113.59333585762968;0.18769113149847094;91.48717948717949;94.1025641025641;53.43589743589744;84.15384615384616;1352.04;1180.0
412610;4126108;São Tomé;2026;True;30;5275.0;estimativa_ibge;56.87203791469194;0.18769113149847094;91.48717948717949;94.1025641025641;53.43589743589744;84.15384615384616;1352.04;1180.0
412620;4126207;Sapopema;2022;False;87;6695.0;censo_2022;129.9477221807319;0.18401792382374907;73.6359850062474;74.88546438983757;42.857142857142854;49.89587671803415;1074.17;808.0
412620;4126207;Sapopema;2023;False;79;6739.353084681051;interpolada_geometrica_2022_2024;117.22193362975993;0.18401792382374907;73.6359850062474;74.88546438983757;42.857142857142854;49.89587671803415;1074.17;808.0
412620;4126207;Sapopema;2024;False;93;6784.0;estimativa_ibge;137.0872641509434;0.18401792382374907;73.6359850062474;74.88546438983757;42.857142857142854;49.89587671803415;1074.17;808.0
412620;4126207;Sapopema;2025;False;95;6778.0;estimativa_ibge;140.15933903806433;0.18401792382374907;73.6359850062474;74.88546438983757;42.857142857142854;49.89587671803415;1074.17;808.0
412620;4126207;Sapopema;2026;True;53;6775.0;estimativa_ibge;78.22878228782288;0.18401792382374907;73.6359850062474;74.88546438983757;42.857142857142854;49.89587671803415;1074.17;808.0
412625;4126256;Sarandi;2022;False;557;118455.0;censo_2022;47.02207589379934;0.12419906293529188;97.96489917849141;99.2998506348021;43.76166915608663;83.41812920089619;1461.61;1212.0
412625;4126256;Sarandi;2023;False;566;122064.99160283427;interpolada_geometrica_2022_2024;46.36874115730147;0.12419906293529188;97.96489917849141;99.2998506348021;43.76166915608663;83.41812920089619;1461.61;1212.0
412625;4126256;Sarandi;2024;False;586;125785.0;estimativa_ibge;46.58743093373614;0.12419906293529188;97.96489917849141;99.2998506348021;43.76166915608663;83.41812920089619;1461.61;1212.0
412625;4126256;Sarandi;2025;False;957;128106.0;estimativa_ibge;74.70376094796497;0.12419906293529188;97.96489917849141;99.2998506348021;43.76166915608663;83.41812920089619;1461.61;1212.0
412625;4126256;Sarandi;2026;True;410;130211.0;estimativa_ibge;31.487355138966755;0.12419906293529188;97.96489917849141;99.2998506348021;43.76166915608663;83.41812920089619;1461.61;1212.0
412627;4126272;Saudade do Iguaçu;2022;False;112;6108.0;censo_2022;183.36607727570401;0.160445317616241;76.87588485134498;78.29164700330344;1.368570080226522;18.92402076451156;1875.4;1212.0
412627;4126272;Saudade do Iguaçu;2023;False;121;6223.900384806942;interpolada_geometrica_2022_2024;194.41185192386922;0.160445317616241;76.87588485134498;78.29164700330344;1.368570080226522;18.92402076451156;1875.4;1212.0
412627;4126272;Saudade do Iguaçu;2024;False;72;6342.0;estimativa_ibge;113.52885525070955;0.160445317616241;76.87588485134498;78.29164700330344;1.368570080226522;18.92402076451156;1875.4;1212.0
412627;4126272;Saudade do Iguaçu;2025;False;114;6413.0;estimativa_ibge;177.7639170435054;0.160445317616241;76.87588485134498;78.29164700330344;1.368570080226522;18.92402076451156;1875.4;1212.0
412627;4126272;Saudade do Iguaçu;2026;True;58;6479.0;estimativa_ibge;89.5199876524155;0.160445317616241;76.87588485134498;78.29164700330344;1.368570080226522;18.92402076451156;1875.4;1212.0
412630;4126306;Sengés;2022;False;61;17270.0;censo_2022;35.321366531557615;0.1463231036479444;80.8883789542698;82.98639567284052;61.51450581871824;63.448614981150634;1315.97;1025.0
412630;4126306;Sengés;2023;False;74;17306.9604494839;interpolada_geometrica_2022_2024;42.75736355669936;0.1463231036479444;80.8883789542698;82.98639567284052;61.51450581871824;63.448614981150634;1315.97;1025.0
412630;4126306;Sengés;2024;False;72;17344.0;estimativa_ibge;41.512915129151295;0.1463231036479444;80.8883789542698;82.98639567284052;61.51450581871824;63.448614981150634;1315.97;1025.0
412630;4126306;Sengés;2025;False;93;17256.0;estimativa_ibge;53.89429763560501;0.1463231036479444;80.8883789542698;82.98639567284052;61.51450581871824;63.448614981150634;1315.97;1025.0
412630;4126306;Sengés;2026;True;49;17151.0;estimativa_ibge;28.569762696052706;0.1463231036479444;80.8883789542698;82.98639567284052;61.51450581871824;63.448614981150634;1315.97;1025.0
412635;4126355;Serranópolis do Iguaçu;2022;False;113;5007.0;censo_2022;225.684042340723;0.22568404234072298;78.65290602933189;84.03041825095058;3.747963063552417;32.37370994024987;1990.96;1500.0
412635;4126355;Serranópolis do Iguaçu;2023;False;90;5072.077089319522;interpolada_geometrica_2022_2024;177.44209801053034;0.22568404234072298;78.65290602933189;84.03041825095058;3.747963063552417;32.37370994024987;1990.96;1500.0
412635;4126355;Serranópolis do Iguaçu;2024;False;112;5138.0;estimativa_ibge;217.98365122615803;0.22568404234072298;78.65290602933189;84.03041825095058;3.747963063552417;32.37370994024987;1990.96;1500.0
412635;4126355;Serranópolis do Iguaçu;2025;False;115;5161.0;estimativa_ibge;222.82503390815734;0.22568404234072298;78.65290602933189;84.03041825095058;3.747963063552417;32.37370994024987;1990.96;1500.0
412635;4126355;Serranópolis do Iguaçu;2026;True;47;5188.0;estimativa_ibge;90.59367771781034;0.22568404234072298;78.65290602933189;84.03041825095058;3.747963063552417;32.37370994024987;1990.96;1500.0
412640;4126405;Sertaneja;2022;False;95;5616.0;censo_2022;169.15954415954417;0.24163105413105412;90.09584664536742;90.27841168416248;31.76631675034231;72.34139662254678;1730.01;1212.0
412640;4126405;Sertaneja;2023;False;117;5641.442368756416;interpolada_geometrica_2022_2024;207.3937698060561;0.24163105413105412;90.09584664536742;90.27841168416248;31.76631675034231;72.34139662254678;1730.01;1212.0
412640;4126405;Sertaneja;2024;False;123;5667.0;estimativa_ibge;217.04605611434621;0.24163105413105412;90.09584664536742;90.27841168416248;31.76631675034231;72.34139662254678;1730.01;1212.0
412640;4126405;Sertaneja;2025;False;138;5654.0;estimativa_ibge;244.07499115670322;0.24163105413105412;90.09584664536742;90.27841168416248;31.76631675034231;72.34139662254678;1730.01;1212.0
412640;4126405;Sertaneja;2026;True;74;5642.0;estimativa_ibge;131.15916341722794;0.24163105413105412;90.09584664536742;90.27841168416248;31.76631675034231;72.34139662254678;1730.01;1212.0
412650;4126504;Sertanópolis;2022;False;180;15930.0;censo_2022;112.99435028248587;0.2017576898932831;92.77273505737284;94.09145401609865;83.0450419592396;89.62151053262545;1843.32;1333.33
412650;4126504;Sertanópolis;2023;False;191;16056.001681614262;interpolada_geometrica_2022_2024;118.95863228434649;0.2017576898932831;92.77273505737284;94.09145401609865;83.0450419592396;89.62151053262545;1843.32;1333.33
412650;4126504;Sertanópolis;2024;False;251;16183.0;estimativa_ibge;155.10103194710499;0.2017576898932831;92.77273505737284;94.09145401609865;83.0450419592396;89.62151053262545;1843.32;1333.33
412650;4126504;Sertanópolis;2025;False;239;16210.0;estimativa_ibge;147.43985194324492;0.2017576898932831;92.77273505737284;94.09145401609865;83.0450419592396;89.62151053262545;1843.32;1333.33
412650;4126504;Sertanópolis;2026;True;99;16228.0;estimativa_ibge;61.005669213704714;0.2017576898932831;92.77273505737284;94.09145401609865;83.0450419592396;89.62151053262545;1843.32;1333.33
412660;4126603;Siqueira Campos;2022;False;363;22811.0;censo_2022;159.13375126035686;0.1716277234667485;82.79744631456761;83.92338943702843;66.46546720835751;72.75681950087058;1562.88;1212.0
412660;4126603;Siqueira Campos;2023;False;409;23257.137227096544;interpolada_geometrica_2022_2024;175.85999343181422;0.1716277234667485;82.79744631456761;83.92338943702843;66.46546720835751;72.75681950087058;1562.88;1212.0
412660;4126603;Siqueira Campos;2024;False;401;23712.0;estimativa_ibge;169.112685560054;0.1716277234667485;82.79744631456761;83.92338943702843;66.46546720835751;72.75681950087058;1562.88;1212.0
412660;4126603;Siqueira Campos;2025;False;438;24031.0;estimativa_ibge;182.26457492405643;0.1716277234667485;82.79744631456761;83.92338943702843;66.46546720835751;72.75681950087058;1562.88;1212.0
412660;4126603;Siqueira Campos;2026;True;284;24299.0;estimativa_ibge;116.87723774640932;0.1716277234667485;82.79744631456761;83.92338943702843;66.46546720835751;72.75681950087058;1562.88;1212.0
412665;4126652;Sulina;2022;False;64;3440.0;censo_2022;186.04651162790697;0.22122093023255815;59.62686567164179;60.37313432835821;0.14925373134328357;0.373134328358209;2593.96;1500.0
412665;4126652;Sulina;2023;False;69;3467.3909499795377;interpolada_geometrica_2022_2024;198.99688554129494;0.22122093023255815;59.62686567164179;60.37313432835821;0.14925373134328357;0.373134328358209;2593.96;1500.0
412665;4126652;Sulina;2024;False;36;3495.0;estimativa_ibge;103.00429184549357;0.22122093023255815;59.62686567164179;60.37313432835821;0.14925373134328357;0.373134328358209;2593.96;1500.0
412665;4126652;Sulina;2025;False;41;3498.0;estimativa_ibge;117.20983419096626;0.22122093023255815;59.62686567164179;60.37313432835821;0.14925373134328357;0.373134328358209;2593.96;1500.0
412665;4126652;Sulina;2026;True;24;3501.0;estimativa_ibge;68.55184233076264;0.22122093023255815;59.62686567164179;60.37313432835821;0.14925373134328357;0.373134328358209;2593.96;1500.0
412667;4126678;Tamarana;2022;False;146;10707.0;censo_2022;136.35939105258242;0.1634444755767255;68.52957135105805;83.53228431904503;33.01682040151926;45.06239826370049;1129.05;850.0
412667;4126678;Tamarana;2023;False;162;10675.954992411685;interpolada_geometrica_2022_2024;151.7428652660556;0.1634444755767255;68.52957135105805;83.53228431904503;33.01682040151926;45.06239826370049;1129.05;850.0
412667;4126678;Tamarana;2024;False;145;10645.0;estimativa_ibge;136.21418506341004;0.1634444755767255;68.52957135105805;83.53228431904503;33.01682040151926;45.06239826370049;1129.05;850.0
412667;4126678;Tamarana;2025;False;183;10540.0;estimativa_ibge;173.6242884250474;0.1634444755767255;68.52957135105805;83.53228431904503;33.01682040151926;45.06239826370049;1129.05;850.0
412667;4126678;Tamarana;2026;True;53;10444.0;estimativa_ibge;50.74684029107622;0.1634444755767255;68.52957135105805;83.53228431904503;33.01682040151926;45.06239826370049;1129.05;850.0
412670;4126702;Tamboara;2022;False;150;4880.0;censo_2022;307.37704918032784;0.20307377049180328;89.6514745308311;89.75871313672923;0.6434316353887399;2.5737265415549597;1407.37;1100.0
412670;4126702;Tamboara;2023;False;178;4929.251464472065;interpolada_geometrica_2022_2024;361.10959500229967;0.20307377049180328;89.6514745308311;89.75871313672923;0.6434316353887399;2.5737265415549597;1407.37;1100.0
412670;4126702;Tamboara;2024;False;145;4979.0;estimativa_ibge;291.2231371761398;0.20307377049180328;89.6514745308311;89.75871313672923;0.6434316353887399;2.5737265415549597;1407.37;1100.0
412670;4126702;Tamboara;2025;False;146;4986.0;estimativa_ibge;292.81989570798237;0.20307377049180328;89.6514745308311;89.75871313672923;0.6434316353887399;2.5737265415549597;1407.37;1100.0
412670;4126702;Tamboara;2026;True;86;4999.0;estimativa_ibge;172.03440688137627;0.20307377049180328;89.6514745308311;89.75871313672923;0.6434316353887399;2.5737265415549597;1407.37;1100.0
412680;4126801;Tapejara;2022;False;98;15869.0;censo_2022;61.755624172915745;0.16289621274182367;90.40412725709372;94.29062768701634;88.06534823731728;97.5408426483233;1355.43;1165.5
412680;4126801;Tapejara;2023;False;93;16060.840420102555;interpolada_geometrica_2022_2024;57.90481541899671;0.16289621274182367;90.40412725709372;94.29062768701634;88.06534823731728;97.5408426483233;1355.43;1165.5
412680;4126801;Tapejara;2024;False;110;16255.0;estimativa_ibge;67.6714856967087;0.16289621274182367;90.40412725709372;94.29062768701634;88.06534823731728;97.5408426483233;1355.43;1165.5
412680;4126801;Tapejara;2025;False;135;16326.0;estimativa_ibge;82.69018743109152;0.16289621274182367;90.40412725709372;94.29062768701634;88.06534823731728;97.5408426483233;1355.43;1165.5
412680;4126801;Tapejara;2026;True;65;16404.0;estimativa_ibge;39.6244818336991;0.16289621274182367;90.40412725709372;94.29062768701634;88.06534823731728;97.5408426483233;1355.43;1165.5
412690;4126900;Tapira;2022;False;55;5745.0;censo_2022;95.73542210617929;0.23429068755439514;72.36783651710351;91.33718347401155;2.621057307863172;20.124389160373166;1376.12;1200.0
412690;4126900;Tapira;2023;False;53;5778.899981830452;interpolada_geometrica_2022_2024;91.71295604118137;0.23429068755439514;72.36783651710351;91.33718347401155;2.621057307863172;20.124389160373166;1376.12;1200.0
412690;4126900;Tapira;2024;False;51;5813.0;estimativa_ibge;87.7343884397041;0.23429068755439514;72.36783651710351;91.33718347401155;2.621057307863172;20.124389160373166;1376.12;1200.0
412690;4126900;Tapira;2025;False;61;5807.0;estimativa_ibge;105.04563457895642;0.23429068755439514;72.36783651710351;91.33718347401155;2.621057307863172;20.124389160373166;1376.12;1200.0
412690;4126900;Tapira;2026;True;15;5802.0;estimativa_ibge;25.853154084798344;0.23429068755439514;72.36783651710351;91.33718347401155;2.621057307863172;20.124389160373166;1376.12;1200.0
412700;4127007;Teixeira Soares;2022;False;100;9547.0;censo_2022;104.74494605635279;0.15963129778988164;64.01082381238726;68.28021647624774;28.171978352375227;46.60252555622369;1413.01;1040.0
412700;4127007;Teixeira Soares;2023;False;104;9563.984891246953;interpolada_geometrica_2022_2024;108.74128428954519;0.15963129778988164;64.01082381238726;68.28021647624774;28.171978352375227;46.60252555622369;1413.01;1040.0
412700;4127007;Teixeira Soares;2024;False;128;9581.0;estimativa_ibge;133.59774553804405;0.15963129778988164;64.01082381238726;68.28021647624774;28.171978352375227;46.60252555622369;1413.01;1040.0
412700;4127007;Teixeira Soares;2025;False;129;9540.0;estimativa_ibge;135.22012578616352;0.15963129778988164;64.01082381238726;68.28021647624774;28.171978352375227;46.60252555622369;1413.01;1040.0
412700;4127007;Teixeira Soares;2026;True;89;9495.0;estimativa_ibge;93.7335439705108;0.15963129778988164;64.01082381238726;68.28021647624774;28.171978352375227;46.60252555622369;1413.01;1040.0
412710;4127106;Telêmaco Borba;2022;False;882;75042.0;censo_2022;117.53418085871913;0.1413874896724501;97.74103223853488;99.08430452550326;87.42999848645375;89.33328288179204;1683.23;1233.33
412710;4127106;Telêmaco Borba;2023;False;750;76104.47847531707;interpolada_geometrica_2022_2024;98.54873392808902;0.1413874896724501;97.74103223853488;99.08430452550326;87.42999848645375;89.33328288179204;1683.23;1233.33
412710;4127106;Telêmaco Borba;2024;False;769;77182.0;estimativa_ibge;99.63462983597212;0.1413874896724501;97.74103223853488;99.08430452550326;87.42999848645375;89.33328288179204;1683.23;1233.33
412710;4127106;Telêmaco Borba;2025;False;923;77479.0;estimativa_ibge;119.12905432439757;0.1413874896724501;97.74103223853488;99.08430452550326;87.42999848645375;89.33328288179204;1683.23;1233.33
412710;4127106;Telêmaco Borba;2026;True;664;77798.0;estimativa_ibge;85.34923776960848;0.1413874896724501;97.74103223853488;99.08430452550326;87.42999848645375;89.33328288179204;1683.23;1233.33
412720;4127205;Terra Boa;2022;False;589;17568.0;censo_2022;335.26867030965394;0.18237704918032788;92.76941971139085;93.61375498925392;64.27694197113908;76.4507215228738;1465.38;1212.0
412720;4127205;Terra Boa;2023;False;590;17806.382675883386;interpolada_geometrica_2022_2024;331.34186248792935;0.18237704918032788;92.76941971139085;93.61375498925392;64.27694197113908;76.4507215228738;1465.38;1212.0
412720;4127205;Terra Boa;2024;False;619;18048.0;estimativa_ibge;342.9742907801418;0.18237704918032788;92.76941971139085;93.61375498925392;64.27694197113908;76.4507215228738;1465.38;1212.0
412720;4127205;Terra Boa;2025;False;679;18168.0;estimativa_ibge;373.73403786878026;0.18237704918032788;92.76941971139085;93.61375498925392;64.27694197113908;76.4507215228738;1465.38;1212.0
412720;4127205;Terra Boa;2026;True;131;18278.0;estimativa_ibge;71.67086114454536;0.18237704918032788;92.76941971139085;93.61375498925392;64.27694197113908;76.4507215228738;1465.38;1212.0
412730;4127304;Terra Rica;2022;False;266;14842.0;censo_2022;179.22112922786687;0.19498719849076943;86.57256605139341;92.97864639884183;51.53818313427434;58.03474484256243;1486.82;1135.5
412730;4127304;Terra Rica;2023;False;260;14915.318903731157;interpolada_geometrica_2022_2024;174.31742604910679;0.19498719849076943;86.57256605139341;92.97864639884183;51.53818313427434;58.03474484256243;1486.82;1135.5
412730;4127304;Terra Rica;2024;False;329;14989.0;estimativa_ibge;219.4942958169324;0.19498719849076943;86.57256605139341;92.97864639884183;51.53818313427434;58.03474484256243;1486.82;1135.5
412730;4127304;Terra Rica;2025;False;357;14961.0;estimativa_ibge;238.62041307399238;0.19498719849076943;86.57256605139341;92.97864639884183;51.53818313427434;58.03474484256243;1486.82;1135.5
412730;4127304;Terra Rica;2026;True;147;14938.0;estimativa_ibge;98.40674789128397;0.19498719849076943;86.57256605139341;92.97864639884183;51.53818313427434;58.03474484256243;1486.82;1135.5
412740;4127403;Terra Roxa;2022;False;88;18119.0;censo_2022;48.56780175506375;0.19095976599150064;85.3023806003253;87.00280940411061;47.86337424220021;65.50347478929469;1587.77;1212.0
412740;4127403;Terra Roxa;2023;False;175;18332.24514346238;interpolada_geometrica_2022_2024;95.46021157283523;0.19095976599150064;85.3023806003253;87.00280940411061;47.86337424220021;65.50347478929469;1587.77;1212.0
412740;4127403;Terra Roxa;2024;False;175;18548.0;estimativa_ibge;94.34979512615917;0.19095976599150064;85.3023806003253;87.00280940411061;47.86337424220021;65.50347478929469;1587.77;1212.0
412740;4127403;Terra Roxa;2025;False;172;18636.0;estimativa_ibge;92.29448379480574;0.19095976599150064;85.3023806003253;87.00280940411061;47.86337424220021;65.50347478929469;1587.77;1212.0
412740;4127403;Terra Roxa;2026;True;89;18719.0;estimativa_ibge;47.54527485442598;0.19095976599150064;85.3023806003253;87.00280940411061;47.86337424220021;65.50347478929469;1587.77;1212.0
412750;4127502;Tibagi;2022;False;211;19961.0;censo_2022;105.70612694754772;0.15369971444316416;70.99573257467995;77.05547652916074;52.261735419630156;57.59601706970128;1248.88;900.0
412750;4127502;Tibagi;2023;False;277;20131.769519841022;interpolada_geometrica_2022_2024;137.5934687345792;0.15369971444316416;70.99573257467995;77.05547652916074;52.261735419630156;57.59601706970128;1248.88;900.0
412750;4127502;Tibagi;2024;False;303;20304.0;estimativa_ibge;149.23167848699765;0.15369971444316416;70.99573257467995;77.05547652916074;52.261735419630156;57.59601706970128;1248.88;900.0
412750;4127502;Tibagi;2025;False;351;20374.0;estimativa_ibge;172.2783940316089;0.15369971444316416;70.99573257467995;77.05547652916074;52.261735419630156;57.59601706970128;1248.88;900.0
412750;4127502;Tibagi;2026;True;180;20408.0;estimativa_ibge;88.20070560564484;0.15369971444316416;70.99573257467995;77.05547652916074;52.261735419630156;57.59601706970128;1248.88;900.0
412760;4127601;Tijucas do Sul;2022;False;251;17621.0;censo_2022;142.44367516032008;0.16661937460984053;60.65625;63.5625;2.203125;35.953125;1318.51;1072.67
412760;4127601;Tijucas do Sul;2023;False;268;17946.984677098266;interpolada_geometrica_2022_2024;149.3287060873176;0.16661937460984053;60.65625;63.5625;2.203125;35.953125;1318.51;1072.67
412760;4127601;Tijucas do Sul;2024;False;301;18279.0;estimativa_ibge;164.66983970676733;0.16661937460984053;60.65625;63.5625;2.203125;35.953125;1318.51;1072.67
412760;4127601;Tijucas do Sul;2025;False;370;18458.0;estimativa_ibge;200.45508722505147;0.16661937460984053;60.65625;63.5625;2.203125;35.953125;1318.51;1072.67
412760;4127601;Tijucas do Sul;2026;True;216;18646.0;estimativa_ibge;115.84253995495013;0.16661937460984053;60.65625;63.5625;2.203125;35.953125;1318.51;1072.67
412770;4127700;Toledo;2022;False;612;150470.0;censo_2022;40.672559314149;0.14763740280454576;93.45794392523365;95.12670910993279;75.03059107272695;85.97776162017415;2165.17;1600.0
412770;4127700;Toledo;2023;False;727;154491.26641982063;interpolada_geometrica_2022_2024;47.057676258826284;0.14763740280454576;93.45794392523365;95.12670910993279;75.03059107272695;85.97776162017415;2165.17;1600.0
412770;4127700;Toledo;2024;False;780;158620.0;estimativa_ibge;49.17412684402976;0.14763740280454576;93.45794392523365;95.12670910993279;75.03059107272695;85.97776162017415;2165.17;1600.0
412770;4127700;Toledo;2025;False;891;160701.0;estimativa_ibge;55.44458341889596;0.14763740280454576;93.45794392523365;95.12670910993279;75.03059107272695;85.97776162017415;2165.17;1600.0
412770;4127700;Toledo;2026;True;394;162658.0;estimativa_ibge;24.22260202387832;0.14763740280454576;93.45794392523365;95.12670910993279;75.03059107272695;85.97776162017415;2165.17;1600.0
412780;4127809;Tomazina;2022;False;286;8426.0;censo_2022;339.42558746736296;0.21528601946356515;46.24530663329161;54.630788485607006;38.360450563204004;44.02377972465582;1530.72;1166.67
412780;4127809;Tomazina;2023;False;257;8460.429658120207;interpolada_geometrica_2022_2024;303.76707848795223;0.21528601946356515;46.24530663329161;54.630788485607006;38.360450563204004;44.02377972465582;1530.72;1166.67
412780;4127809;Tomazina;2024;False;272;8495.0;estimativa_ibge;320.1883460859329;0.21528601946356515;46.24530663329161;54.630788485607006;38.360450563204004;44.02377972465582;1530.72;1166.67
412780;4127809;Tomazina;2025;False;242;8523.0;estimativa_ibge;283.9375806640854;0.21528601946356515;46.24530663329161;54.630788485607006;38.360450563204004;44.02377972465582;1530.72;1166.67
412780;4127809;Tomazina;2026;True;152;8500.0;estimativa_ibge;178.8235294117647;0.21528601946356515;46.24530663329161;54.630788485607006;38.360450563204004;44.02377972465582;1530.72;1166.67
412785;4127858;Três Barras do Paraná;2022;False;262;11135.0;censo_2022;235.2941176470588;0.1822182308037719;62.542703757930695;66.30063445583211;40.727183992191314;53.02586627623231;1602.6;1166.67
412785;4127858;Três Barras do Paraná;2023;False;324;11165.956967497234;interpolada_geometrica_2022_2024;290.1676953826038;0.1822182308037719;62.542703757930695;66.30063445583211;40.727183992191314;53.02586627623231;1602.6;1166.67
412785;4127858;Três Barras do Paraná;2024;False;272;11197.0;estimativa_ibge;242.9222113066;0.1822182308037719;62.542703757930695;66.30063445583211;40.727183992191314;53.02586627623231;1602.6;1166.67
412785;4127858;Três Barras do Paraná;2025;False;231;11157.0;estimativa_ibge;207.0449045442323;0.1822182308037719;62.542703757930695;66.30063445583211;40.727183992191314;53.02586627623231;1602.6;1166.67
412785;4127858;Três Barras do Paraná;2026;True;115;11115.0;estimativa_ibge;103.46378767431399;0.1822182308037719;62.542703757930695;66.30063445583211;40.727183992191314;53.02586627623231;1602.6;1166.67
412788;4127882;Tunas do Paraná;2022;False;66;6219.0;censo_2022;106.12638687891943;0.11143270622286541;67.87072243346007;72.14828897338403;22.195817490494296;38.68821292775665;1119.88;808.0
412788;4127882;Tunas do Paraná;2023;False;76;6260.362449571111;interpolada_geometrica_2022_2024;121.39872189861254;0.11143270622286541;67.87072243346007;72.14828897338403;22.195817490494296;38.68821292775665;1119.88;808.0
412788;4127882;Tunas do Paraná;2024;False;90;6302.0;estimativa_ibge;142.81180577594415;0.11143270622286541;67.87072243346007;72.14828897338403;22.195817490494296;38.68821292775665;1119.88;808.0
412788;4127882;Tunas do Paraná;2025;False;104;6304.0;estimativa_ibge;164.9746192893401;0.11143270622286541;67.87072243346007;72.14828897338403;22.195817490494296;38.68821292775665;1119.88;808.0
412788;4127882;Tunas do Paraná;2026;True;59;6859.0;estimativa_ibge;86.01837002478496;0.11143270622286541;67.87072243346007;72.14828897338403;22.195817490494296;38.68821292775665;1119.88;808.0
412790;4127908;Tuneiras do Oeste;2022;False;135;8067.0;censo_2022;167.348456675344;0.18730630965662576;72.6178861788618;84.16260162601625;48.71544715447155;83.47967479674797;1190.36;1000.0
412790;4127908;Tuneiras do Oeste;2023;False;113;8080.987872778922;interpolada_geometrica_2022_2024;139.8343887888315;0.18730630965662576;72.6178861788618;84.16260162601625;48.71544715447155;83.47967479674797;1190.36;1000.0
412790;4127908;Tuneiras do Oeste;2024;False;74;8095.0;estimativa_ibge;91.41445336627548;0.18730630965662576;72.6178861788618;84.16260162601625;48.71544715447155;83.47967479674797;1190.36;1000.0
412790;4127908;Tuneiras do Oeste;2025;False;64;8067.0;estimativa_ibge;79.33556464608901;0.18730630965662576;72.6178861788618;84.16260162601625;48.71544715447155;83.47967479674797;1190.36;1000.0
412790;4127908;Tuneiras do Oeste;2026;True;33;8028.0;estimativa_ibge;41.10612855007474;0.18730630965662576;72.6178861788618;84.16260162601625;48.71544715447155;83.47967479674797;1190.36;1000.0
412795;4127957;Tupãssi;2022;False;36;8077.0;censo_2022;44.571004085675376;0.22483595394329578;88.21018062397373;89.52380952380952;2.1018062397372743;9.326765188834154;1663.51;1212.0
412795;4127957;Tupãssi;2023;False;48;8140.2523302413665;interpolada_geometrica_2022_2024;58.96623108558694;0.22483595394329578;88.21018062397373;89.52380952380952;2.1018062397372743;9.326765188834154;1663.51;1212.0
412795;4127957;Tupãssi;2024;False;41;8204.0;estimativa_ibge;49.975621647976595;0.22483595394329578;88.21018062397373;89.52380952380952;2.1018062397372743;9.326765188834154;1663.51;1212.0
412795;4127957;Tupãssi;2025;False;48;8208.0;estimativa_ibge;58.47953216374269;0.22483595394329578;88.21018062397373;89.52380952380952;2.1018062397372743;9.326765188834154;1663.51;1212.0
412795;4127957;Tupãssi;2026;True;20;8213.0;estimativa_ibge;24.351637647631804;0.22483595394329578;88.21018062397373;89.52380952380952;2.1018062397372743;9.326765188834154;1663.51;1212.0
412796;4127965;Turvo;2022;False;351;14231.0;censo_2022;246.64464900569178;0.15494343334972946;57.926221335992025;62.71186440677966;19.162512462612163;26.061814556331008;1317.98;1000.0
412796;4127965;Turvo;2023;False;404;14336.608141398021;interpolada_geometrica_2022_2024;281.79608176178016;0.15494343334972946;57.926221335992025;62.71186440677966;19.162512462612163;26.061814556331008;1317.98;1000.0
412796;4127965;Turvo;2024;False;512;14443.0;estimativa_ibge;354.4969881603545;0.15494343334972946;57.926221335992025;62.71186440677966;19.162512462612163;26.061814556331008;1317.98;1000.0
412796;4127965;Turvo;2025;False;463;14101.0;estimativa_ibge;328.34550741082194;0.15494343334972946;57.926221335992025;62.71186440677966;19.162512462612163;26.061814556331008;1317.98;1000.0
412796;4127965;Turvo;2026;True;238;14110.0;estimativa_ibge;168.67469879518072;0.15494343334972946;57.926221335992025;62.71186440677966;19.162512462612163;26.061814556331008;1317.98;1000.0
412800;4128005;Ubiratã;2022;False;581;24749.0;censo_2022;234.75695987716676;0.1842498686815629;90.79874281998482;96.75951013330443;35.56952422239081;57.54849897041292;1637.48;1226.0
412800;4128005;Ubiratã;2023;False;743;25130.066315073662;interpolada_geometrica_2022_2024;295.6617744993094;0.1842498686815629;90.79874281998482;96.75951013330443;35.56952422239081;57.54849897041292;1637.48;1226.0
412800;4128005;Ubiratã;2024;False;629;25517.0;estimativa_ibge;246.50233177881412;0.1842498686815629;90.79874281998482;96.75951013330443;35.56952422239081;57.54849897041292;1637.48;1226.0
412800;4128005;Ubiratã;2025;False;763;25732.0;estimativa_ibge;296.51795429815013;0.1842498686815629;90.79874281998482;96.75951013330443;35.56952422239081;57.54849897041292;1637.48;1226.0
412800;4128005;Ubiratã;2026;True;385;25928.0;estimativa_ibge;148.48812095032397;0.1842498686815629;90.79874281998482;96.75951013330443;35.56952422239081;57.54849897041292;1637.48;1226.0
412810;4128104;Umuarama;2022;False;1140;117095.0;censo_2022;97.35684700456893;0.17420043554378922;92.03959858963927;94.22294548413345;86.28740620197088;93.0295633306211;1959.13;1333.33
412810;4128104;Umuarama;2023;False;1099;119508.62454233167;interpolada_geometrica_2022_2024;91.95989027643093;0.17420043554378922;92.03959858963927;94.22294548413345;86.28740620197088;93.0295633306211;1959.13;1333.33
412810;4128104;Umuarama;2024;False;1300;121972.0;estimativa_ibge;106.58183845472732;0.17420043554378922;92.03959858963927;94.22294548413345;86.28740620197088;93.0295633306211;1959.13;1333.33
412810;4128104;Umuarama;2025;False;1307;123059.0;estimativa_ibge;106.20921671718443;0.17420043554378922;92.03959858963927;94.22294548413345;86.28740620197088;93.0295633306211;1959.13;1333.33
412810;4128104;Umuarama;2026;True;527;124077.0;estimativa_ibge;42.473625248837415;0.17420043554378922;92.03959858963927;94.22294548413345;86.28740620197088;93.0295633306211;1959.13;1333.33
412820;4128203;União da Vitória;2022;False;693;55033.0;censo_2022;125.92444533280033;0.16264786582595897;89.51556400760684;92.21799619657692;69.22230007006306;85.73215894304874;1628.91;1212.0
412820;4128203;União da Vitória;2023;False;694;55710.8257073973;interpolada_geometrica_2022_2024;124.57183881010948;0.16264786582595897;89.51556400760684;92.21799619657692;69.22230007006306;85.73215894304874;1628.91;1212.0
412820;4128203;União da Vitória;2024;False;680;56397.0;estimativa_ibge;120.57378938596024;0.16264786582595897;89.51556400760684;92.21799619657692;69.22230007006306;85.73215894304874;1628.91;1212.0
412820;4128203;União da Vitória;2025;False;662;56560.0;estimativa_ibge;117.04384724186704;0.16264786582595897;89.51556400760684;92.21799619657692;69.22230007006306;85.73215894304874;1628.91;1212.0
412820;4128203;União da Vitória;2026;True;462;56701.0;estimativa_ibge;81.4800444436606;0.16264786582595897;89.51556400760684;92.21799619657692;69.22230007006306;85.73215894304874;1628.91;1212.0
412830;4128302;Uniflor;2022;False;17;2136.0;censo_2022;79.58801498127342;0.20786516853932585;81.86335403726709;88.07453416149069;0.4968944099378882;0.4968944099378882;1318.4;1178.0
412830;4128302;Uniflor;2023;False;17;2128.48678642833;interpolada_geometrica_2022_2024;79.86894778203698;0.20786516853932585;81.86335403726709;88.07453416149069;0.4968944099378882;0.4968944099378882;1318.4;1178.0
412830;4128302;Uniflor;2024;False;25;2121.0;estimativa_ibge;117.86892975011787;0.20786516853932585;81.86335403726709;88.07453416149069;0.4968944099378882;0.4968944099378882;1318.4;1178.0
412830;4128302;Uniflor;2025;False;17;2106.0;estimativa_ibge;80.72174738841406;0.20786516853932585;81.86335403726709;88.07453416149069;0.4968944099378882;0.4968944099378882;1318.4;1178.0
412830;4128302;Uniflor;2026;True;15;2086.0;estimativa_ibge;71.90795781399808;0.20786516853932585;81.86335403726709;88.07453416149069;0.4968944099378882;0.4968944099378882;1318.4;1178.0
412840;4128401;Uraí;2022;False;246;10406.0;censo_2022;236.40207572554294;0.2446665385354603;88.96312793862906;89.40856223707003;77.06013363028953;80.07918831972285;1578.68;1212.0
412840;4128401;Uraí;2023;False;269;10406.499987988276;interpolada_geometrica_2022_2024;258.4922887719154;0.2446665385354603;88.96312793862906;89.40856223707003;77.06013363028953;80.07918831972285;1578.68;1212.0
412840;4128401;Uraí;2024;False;298;10407.0;estimativa_ibge;286.34572883636014;0.2446665385354603;88.96312793862906;89.40856223707003;77.06013363028953;80.07918831972285;1578.68;1212.0
412840;4128401;Uraí;2025;False;337;10308.0;estimativa_ibge;326.930539386884;0.2446665385354603;88.96312793862906;89.40856223707003;77.06013363028953;80.07918831972285;1578.68;1212.0
412840;4128401;Uraí;2026;True;159;10242.0;estimativa_ibge;155.2431165787932;0.2446665385354603;88.96312793862906;89.40856223707003;77.06013363028953;80.07918831972285;1578.68;1212.0
412850;4128500;Wenceslau Braz;2022;False;244;19188.0;censo_2022;127.16281008963936;0.18318740879716489;82.3943661971831;82.95774647887323;53.57746478873239;70.94366197183099;1431.15;1071.67
412850;4128500;Wenceslau Braz;2023;False;375;19308.620872553274;interpolada_geometrica_2022_2024;194.2137672468639;0.18318740879716489;82.3943661971831;82.95774647887323;53.57746478873239;70.94366197183099;1431.15;1071.67
412850;4128500;Wenceslau Braz;2024;False;397;19430.0;estimativa_ibge;204.3232115285641;0.18318740879716489;82.3943661971831;82.95774647887323;53.57746478873239;70.94366197183099;1431.15;1071.67
412850;4128500;Wenceslau Braz;2025;False;404;19398.0;estimativa_ibge;208.26889370038148;0.18318740879716489;82.3943661971831;82.95774647887323;53.57746478873239;70.94366197183099;1431.15;1071.67
412850;4128500;Wenceslau Braz;2026;True;256;19392.0;estimativa_ibge;132.01320132013203;0.18318740879716489;82.3943661971831;82.95774647887323;53.57746478873239;70.94366197183099;1431.15;1071.67
412853;4128534;Ventania;2022;False;77;9681.0;censo_2022;79.53723788864787;0.14512963536824708;81.2137049941928;81.96864111498257;27.264808362369337;52.584204413472705;1263.37;1000.0
412853;4128534;Ventania;2023;False;66;9729.876617922757;interpolada_geometrica_2022_2024;67.8323092796735;0.14512963536824708;81.2137049941928;81.96864111498257;27.264808362369337;52.584204413472705;1263.37;1000.0
412853;4128534;Ventania;2024;False;106;9779.0;estimativa_ibge;108.39554146640762;0.14512963536824708;81.2137049941928;81.96864111498257;27.264808362369337;52.584204413472705;1263.37;1000.0
412853;4128534;Ventania;2025;False;107;9760.0;estimativa_ibge;109.63114754098362;0.14512963536824708;81.2137049941928;81.96864111498257;27.264808362369337;52.584204413472705;1263.37;1000.0
412853;4128534;Ventania;2026;True;61;9742.0;estimativa_ibge;62.615479367686305;0.14512963536824708;81.2137049941928;81.96864111498257;27.264808362369337;52.584204413472705;1263.37;1000.0
412855;4128559;Vera Cruz do Oeste;2022;False;174;8215.0;censo_2022;211.80766889835667;0.21533779671332928;79.90445859872611;81.71974522292993;65.06369426751593;72.48407643312102;1368.31;1133.75
412855;4128559;Vera Cruz do Oeste;2023;False;138;8220.99781048505;interpolada_geometrica_2022_2024;167.86283512202738;0.21533779671332928;79.90445859872611;81.71974522292993;65.06369426751593;72.48407643312102;1368.31;1133.75
412855;4128559;Vera Cruz do Oeste;2024;False;152;8227.0;estimativa_ibge;184.75750577367205;0.21533779671332928;79.90445859872611;81.71974522292993;65.06369426751593;72.48407643312102;1368.31;1133.75
412855;4128559;Vera Cruz do Oeste;2025;False;191;8178.0;estimativa_ibge;233.55343604793347;0.21533779671332928;79.90445859872611;81.71974522292993;65.06369426751593;72.48407643312102;1368.31;1133.75
412855;4128559;Vera Cruz do Oeste;2026;True;88;8131.0;estimativa_ibge;108.2277702619604;0.21533779671332928;79.90445859872611;81.71974522292993;65.06369426751593;72.48407643312102;1368.31;1133.75
412860;4128609;Verê;2022;False;235;7932.0;censo_2022;296.2682803832577;0.21394351991931418;63.72649572649573;75.7948717948718;1.982905982905983;11.794871794871796;1887.7;1240.83
412860;4128609;Verê;2023;False;266;7991.278495960455;interpolada_geometrica_2022_2024;332.8628831224709;0.21394351991931418;63.72649572649573;75.7948717948718;1.982905982905983;11.794871794871796;1887.7;1240.83
412860;4128609;Verê;2024;False;297;8051.0;estimativa_ibge;368.8982735063967;0.21394351991931418;63.72649572649573;75.7948717948718;1.982905982905983;11.794871794871796;1887.7;1240.83
412860;4128609;Verê;2025;False;266;8077.0;estimativa_ibge;329.330196855268;0.21394351991931418;63.72649572649573;75.7948717948718;1.982905982905983;11.794871794871796;1887.7;1240.83
412860;4128609;Verê;2026;True;135;8080.0;estimativa_ibge;167.0792079207921;0.21394351991931418;63.72649572649573;75.7948717948718;1.982905982905983;11.794871794871796;1887.7;1240.83
412862;4128625;Alto Paraíso;2022;False;30;3055.0;censo_2022;98.19967266775778;0.1905073649754501;79.47136563876651;81.76211453744493;5.286343612334802;6.167400881057269;1217.29;1030.0
412862;4128625;Alto Paraíso;2023;False;35;3065.9802673859467;interpolada_geometrica_2022_2024;114.15598584344767;0.1905073649754501;79.47136563876651;81.76211453744493;5.286343612334802;6.167400881057269;1217.29;1030.0
412862;4128625;Alto Paraíso;2024;False;32;3077.0;estimativa_ibge;103.99740006499839;0.1905073649754501;79.47136563876651;81.76211453744493;5.286343612334802;6.167400881057269;1217.29;1030.0
412862;4128625;Alto Paraíso;2025;False;33;3067.0;estimativa_ibge;107.59700032605151;0.1905073649754501;79.47136563876651;81.76211453744493;5.286343612334802;6.167400881057269;1217.29;1030.0
412862;4128625;Alto Paraíso;2026;True;19;3058.0;estimativa_ibge;62.13211249182472;0.1905073649754501;79.47136563876651;81.76211453744493;5.286343612334802;6.167400881057269;1217.29;1030.0
412863;4128633;Doutor Ulysses;2022;False;59;5697.0;censo_2022;103.56327891872915;0.154642794453221;35.41364296081277;37.25205611998065;16.303821964199322;18.674407353652636;893.21;658.33
412863;4128633;Doutor Ulysses;2023;False;76;5734.874104982602;interpolada_geometrica_2022_2024;132.52252553193676;0.154642794453221;35.41364296081277;37.25205611998065;16.303821964199322;18.674407353652636;893.21;658.33
412863;4128633;Doutor Ulysses;2024;False;68;5773.0;estimativa_ibge;117.78971072232808;0.154642794453221;35.41364296081277;37.25205611998065;16.303821964199322;18.674407353652636;893.21;658.33
412863;4128633;Doutor Ulysses;2025;False;99;5744.0;estimativa_ibge;172.35376044568244;0.154642794453221;35.41364296081277;37.25205611998065;16.303821964199322;18.674407353652636;893.21;658.33
412863;4128633;Doutor Ulysses;2026;True;24;5742.0;estimativa_ibge;41.797283176593524;0.154642794453221;35.41364296081277;37.25205611998065;16.303821964199322;18.674407353652636;893.21;658.33
412865;4128658;Virmond;2022;False;58;3811.0;censo_2022;152.19102597743372;0.182104434531619;64.88603988603988;69.15954415954415;10.113960113960115;13.105413105413106;1641.92;1150.0
412865;4128658;Virmond;2023;False;73;3826.468606953414;interpolada_geometrica_2022_2024;190.77642468396382;0.182104434531619;64.88603988603988;69.15954415954415;10.113960113960115;13.105413105413106;1641.92;1150.0
412865;4128658;Virmond;2024;False;89;3842.0;estimativa_ibge;231.6501821967725;0.182104434531619;64.88603988603988;69.15954415954415;10.113960113960115;13.105413105413106;1641.92;1150.0
412865;4128658;Virmond;2025;False;72;3828.0;estimativa_ibge;188.08777429467085;0.182104434531619;64.88603988603988;69.15954415954415;10.113960113960115;13.105413105413106;1641.92;1150.0
412865;4128658;Virmond;2026;True;43;3818.0;estimativa_ibge;112.62441068622316;0.182104434531619;64.88603988603988;69.15954415954415;10.113960113960115;13.105413105413106;1641.92;1150.0
412870;4128708;Vitorino;2022;False;93;9706.0;censo_2022;95.81702039975272;0.15052544817638575;78.04878048780488;82.20946915351506;3.5007173601147774;22.23816355810617;1800.07;1333.33
412870;4128708;Vitorino;2023;False;97;9988.877814849875;interpolada_geometrica_2022_2024;97.10800532147448;0.15052544817638575;78.04878048780488;82.20946915351506;3.5007173601147774;22.23816355810617;1800.07;1333.33
412870;4128708;Vitorino;2024;False;102;10280.0;estimativa_ibge;99.22178988326847;0.15052544817638575;78.04878048780488;82.20946915351506;3.5007173601147774;22.23816355810617;1800.07;1333.33
412870;4128708;Vitorino;2025;False;125;10549.0;estimativa_ibge;118.49464404208929;0.15052544817638575;78.04878048780488;82.20946915351506;3.5007173601147774;22.23816355810617;1800.07;1333.33
412870;4128708;Vitorino;2026;True;87;10724.0;estimativa_ibge;81.12644535621038;0.15052544817638575;78.04878048780488;82.20946915351506;3.5007173601147774;22.23816355810617;1800.07;1333.33
412880;4128807;Xambrê;2022;False;73;5798.0;censo_2022;125.90548464987927;0.23283890996895482;74.13636363636364;84.68181818181819;39.77272727272727;41.59090909090909;1278.58;1145.0
412880;4128807;Xambrê;2023;False;93;5824.439715543462;interpolada_geometrica_2022_2024;159.67201060011732;0.23283890996895482;74.13636363636364;84.68181818181819;39.77272727272727;41.59090909090909;1278.58;1145.0
412880;4128807;Xambrê;2024;False;91;5851.0;estimativa_ibge;155.52896940693898;0.23283890996895482;74.13636363636364;84.68181818181819;39.77272727272727;41.59090909090909;1278.58;1145.0
412880;4128807;Xambrê;2025;False;82;5835.0;estimativa_ibge;140.53127677806341;0.23283890996895482;74.13636363636364;84.68181818181819;39.77272727272727;41.59090909090909;1278.58;1145.0
412880;4128807;Xambrê;2026;True;38;5822.0;estimativa_ibge;65.26966678117485;0.23283890996895482;74.13636363636364;84.68181818181819;39.77272727272727;41.59090909090909;1278.58;1145.0
