N_AIH;MUNIC_RES;DT_INTER;DIAG_PRINC;VAL_TOT;DIAS_PERM;ANO_CMPT;MES_CMPT;grupo_icsap
4122103549311;410970;20220119;G40;1260.01;19;2022;04;14 - Epilepsias
4122103549311;410970;20220119;G40;2170.03;31;2022;03;14 - Epilepsias
4122103549311;410970;20220119;G40;1960.02;28;2022;02;14 - Epilepsias
4122103549311;410970;20220119;G40;910.0;12;2022;02;14 - Epilepsias
4122103739666;410970;20220419;G40;674.2;11;2022;05;14 - Epilepsias
4122103739666;410970;20220419;G40;1741.7;31;2022;05;14 - Epilepsias
4122103739666;410970;20220419;G40;393.28;8;2022;06;14 - Epilepsias
4122104177543;410690;20220122;A150;894.65;9;2022;02;01 - Doenças preveníveis por imunização e condições sensíveis
4122104177543;410690;20220122;A150;320.01;3;2022;02;01 - Doenças preveníveis por imunização e condições sensíveis
4122104177620;410690;20220105;A150;928.31;10;2022;02;01 - Doenças preveníveis por imunização e condições sensíveis
4122104177620;410690;20220105;A150;2812.93;26;2022;02;01 - Doenças preveníveis por imunização e condições sensíveis
4122104177928;410690;20220120;A150;1120.28;11;2022;02;01 - Doenças preveníveis por imunização e condições sensíveis
4122104177928;410690;20220120;A150;1289.87;15;2022;02;01 - Doenças preveníveis por imunização e condições sensíveis
4122104177939;410690;20220113;A150;1838.58;18;2022;03;01 - Doenças preveníveis por imunização e condições sensíveis
4122104177939;410690;20220113;A150;2571.25;28;2022;03;01 - Doenças preveníveis por imunização e condições sensíveis
4122104177939;410690;20220113;A150;280.07;4;2022;03;01 - Doenças preveníveis por imunização e condições sensíveis
4122104177961;410690;20220120;A150;1078.25;11;2022;02;01 - Doenças preveníveis por imunização e condições sensíveis
4122104177961;410690;20220120;A150;1687.67;18;2022;02;01 - Doenças preveníveis por imunização e condições sensíveis
4122104177972;410690;20220121;A150;1113.52;10;2022;04;01 - Doenças preveníveis por imunização e condições sensíveis
4122104177972;410690;20220121;A150;3190.76;28;2022;04;01 - Doenças preveníveis por imunização e condições sensíveis
4122104177972;410690;20220121;A150;3390.18;31;2022;04;01 - Doenças preveníveis por imunização e condições sensíveis
4122104177972;410690;20220121;A150;550.8;7;2022;04;01 - Doenças preveníveis por imunização e condições sensíveis
4122104178115;410690;20220203;A150;1473.47;17;2022;03;01 - Doenças preveníveis por imunização e condições sensíveis
4122104178115;410690;20220203;A150;2706.85;25;2022;03;01 - Doenças preveníveis por imunização e condições sensíveis
4122104178159;410690;20220202;A150;1769.94;20;2022;05;01 - Doenças preveníveis por imunização e condições sensíveis
4122104178159;410690;20220202;A150;2915.65;30;2022;05;01 - Doenças preveníveis por imunização e condições sensíveis
4122104178159;410690;20220202;A150;3094.85;31;2022;05;01 - Doenças preveníveis por imunização e condições sensíveis
4122104178159;410690;20220202;A150;2769.87;26;2022;03;01 - Doenças preveníveis por imunização e condições sensíveis
4122104182120;410690;20220118;A150;1154.44;13;2022;01;01 - Doenças preveníveis por imunização e condições sensíveis
4122104182120;410690;20220118;A150;164.92;2;2022;02;01 - Doenças preveníveis por imunização e condições sensíveis
4122104182130;410690;20220103;A150;2327.93;28;2022;02;01 - Doenças preveníveis por imunização e condições sensíveis
4122104182130;410690;20220103;A150;1744.36;24;2022;03;01 - Doenças preveníveis por imunização e condições sensíveis
4122104182130;410690;20220103;A150;2397.69;28;2022;01;01 - Doenças preveníveis por imunização e condições sensíveis
4122104182141;410580;20220119;A150;2321.58;28;2022;02;01 - Doenças preveníveis por imunização e condições sensíveis
4122104182141;410580;20220119;A150;2524.6;30;2022;04;01 - Doenças preveníveis por imunização e condições sensíveis
4122104182141;410580;20220119;A150;1071.98;12;2022;01;01 - Doenças preveníveis por imunização e condições sensíveis
4122104182141;410580;20220119;A150;2613.41;31;2022;05;01 - Doenças preveníveis por imunização e condições sensíveis
4122104182141;410580;20220119;A150;2645.16;31;2022;03;01 - Doenças preveníveis por imunização e condições sensíveis
4122104182141;410580;20220119;A150;1864.92;23;2022;06;01 - Doenças preveníveis por imunização e condições sensíveis
4122104182152;411520;20220121;A150;2486.5;30;2022;06;01 - Doenças preveníveis por imunização e condições sensíveis
4122104182152;411520;20220121;A150;2327.93;28;2022;02;01 - Doenças preveníveis por imunização e condições sensíveis
4122104182152;411520;20220121;A150;2588.01;31;2022;03;01 - Doenças preveníveis por imunização e condições sensíveis
4122104182152;411520;20220121;A150;2562.61;31;2022;10;01 - Doenças preveníveis por imunização e condições sensíveis
4122104182152;411520;20220121;A150;2626.11;31;2022;08;01 - Doenças preveníveis por imunização e condições sensíveis
4122104182152;411520;20220121;A150;247.38;3;2022;12;01 - Doenças preveníveis por imunização e condições sensíveis
4122104182152;411520;20220121;A150;2613.41;31;2022;05;01 - Doenças preveníveis por imunização e condições sensíveis
4122104182152;411520;20220121;A150;2600.71;31;2022;07;01 - Doenças preveníveis por imunização e condições sensíveis
4122104182152;411520;20220121;A150;2518.25;30;2022;04;01 - Doenças preveníveis por imunização e condições sensíveis
4122104182152;411520;20220121;A150;913.41;10;2022;01;01 - Doenças preveníveis por imunização e condições sensíveis
4122104182152;411520;20220121;A150;2499.2;30;2022;09;01 - Doenças preveníveis por imunização e condições sensíveis
4122104182152;411520;20220121;A150;2473.8;30;2022;11;01 - Doenças preveníveis por imunização e condições sensíveis
4122104182163;411820;20220126;A150;2486.5;30;2022;04;01 - Doenças preveníveis por imunização e condições sensíveis
4122104182163;411820;20220126;A150;501.11;5;2022;01;01 - Doenças preveníveis por imunização e condições sensíveis
4122104182163;411820;20220126;A150;2353.33;28;2022;02;01 - Doenças preveníveis por imunização e condições sensíveis
4122104182163;411820;20220126;A150;1649.2;21;2022;09;01 - Doenças preveníveis por imunização e condições sensíveis
4122104182163;411820;20220126;A150;2562.61;31;2022;03;01 - Doenças preveníveis por imunização e condições sensíveis
4122104182163;411820;20220126;A150;2568.96;31;2022;07;01 - Doenças preveníveis por imunização e condições sensíveis
4122104182163;411820;20220126;A150;2562.61;31;2022;08;01 - Doenças preveníveis por imunização e condições sensíveis
4122104182163;411820;20220126;A150;2492.85;30;2022;06;01 - Doenças preveníveis por imunização e condições sensíveis
4122104182163;411820;20220126;A150;2556.26;31;2022;05;01 - Doenças preveníveis por imunização e condições sensíveis
4122104182174;410610;20220113;A150;2645.16;31;2022;05;01 - Doenças preveníveis por imunização e condições sensíveis
4122104182174;410610;20220113;A150;2664.21;31;2022;03;01 - Doenças preveníveis por imunização e condições sensíveis
4122104182174;410610;20220113;A150;2480.15;30;2022;04;01 - Doenças preveníveis por imunização e condições sensíveis
4122104182174;410610;20220113;A150;989.52;13;2022;07;01 - Doenças preveníveis por imunização e condições sensíveis
4122104182174;410610;20220113;A150;2530.95;30;2022;06;01 - Doenças preveníveis por imunização e condições sensíveis
4122104182174;410610;20220113;A150;1617.54;18;2022;01;01 - Doenças preveníveis por imunização e condições sensíveis
4122104182174;410610;20220113;A150;2315.23;28;2022;02;01 - Doenças preveníveis por imunização e condições sensíveis
4122104182185;410850;20220126;A150;501.11;5;2022;01;01 - Doenças preveníveis por imunização e condições sensíveis
4122104182185;410850;20220126;A150;1985.39;24;2022;02;01 - Doenças preveníveis por imunização e condições sensíveis
4122104182889;410690;20220224;A150;2550.0;30;2022;06;01 - Doenças preveníveis por imunização e condições sensíveis
4122104182889;410690;20220224;A150;2619.76;31;2022;05;01 - Doenças preveníveis por imunização e condições sensíveis
4122104182889;410690;20220224;A150;418.65;4;2022;02;01 - Doenças preveníveis por imunização e condições sensíveis
4122104182889;410690;20220224;A150;2575.31;31;2022;03;01 - Doenças preveníveis por imunização e condições sensíveis
4122104182889;410690;20220224;A150;1528.73;19;2022;07;01 - Doenças preveníveis por imunização e condições sensíveis
4122104182889;410690;20220224;A150;2511.9;30;2022;04;01 - Doenças preveníveis por imunização e condições sensíveis
4122104182890;410690;20220204;A150;247.38;4;2022;08;01 - Doenças preveníveis por imunização e condições sensíveis
4122104182890;410690;20220204;A150;2556.35;30;2022;06;01 - Doenças preveníveis por imunização e condições sensíveis
4122104182890;410690;20220204;A150;2093.25;24;2022;02;01 - Doenças preveníveis por imunização e condições sensíveis
4122104182890;410690;20220204;A150;2664.21;31;2022;03;01 - Doenças preveníveis por imunização e condições sensíveis
4122104182890;410690;20220204;A150;2638.81;31;2022;07;01 - Doenças preveníveis por imunização e condições sensíveis
4122104182890;410690;20220204;A150;2626.11;31;2022;05;01 - Doenças preveníveis por imunização e condições sensíveis
4122104182890;410690;20220204;A150;2556.35;30;2022;04;01 - Doenças preveníveis por imunização e condições sensíveis
4122104182900;411320;20220212;A150;2524.6;30;2022;06;01 - Doenças preveníveis por imunização e condições sensíveis
4122104182900;411320;20220212;A150;2594.36;31;2022;05;01 - Doenças preveníveis por imunização e condições sensíveis
4122104182900;411320;20220212;A150;995.87;13;2022;09;01 - Doenças preveníveis por imunização e condições sensíveis
4122104182900;411320;20220212;A150;2480.15;30;2022;04;01 - Doenças preveníveis por imunização e condições sensíveis
4122104182900;411320;20220212;A150;2588.01;31;2022;08;01 - Doenças preveníveis por imunização e condições sensíveis
4122104182900;411320;20220212;A150;2562.61;31;2022;03;01 - Doenças preveníveis por imunização e condições sensíveis
4122104182900;411320;20220212;A150;2594.36;31;2022;07;01 - Doenças preveníveis por imunização e condições sensíveis
4122104182900;411320;20220212;A150;1420.87;16;2022;02;01 - Doenças preveníveis por imunização e condições sensíveis
4122104182911;410420;20220221;A150;2613.41;31;2022;05;01 - Doenças preveníveis por imunização e condições sensíveis
4122104182911;410420;20220221;A150;672.38;7;2022;02;01 - Doenças preveníveis por imunização e condições sensíveis
4122104182911;410420;20220221;A150;2568.96;31;2022;07;01 - Doenças preveníveis por imunização e condições sensíveis
4122104182911;410420;20220221;A150;2537.3;30;2022;06;01 - Doenças preveníveis por imunização e condições sensíveis
4122104182911;410420;20220221;A150;336.19;5;2022;08;01 - Doenças preveníveis por imunização e condições sensíveis
4122104182911;410420;20220221;A150;2619.76;31;2022;03;01 - Doenças preveníveis por imunização e condições sensíveis
4122104182911;410420;20220221;A150;2530.95;30;2022;04;01 - Doenças preveníveis por imunização e condições sensíveis
4122104182922;410480;20220223;A150;2499.2;31;2022;08;01 - Doenças preveníveis por imunização e condições sensíveis
4122104182922;410480;20220223;A150;507.46;5;2022;02;01 - Doenças preveníveis por imunização e condições sensíveis
4122104182922;410480;20220223;A150;2613.41;31;2022;07;01 - Doenças preveníveis por imunização e condições sensíveis
4122104182922;410480;20220223;A150;2543.65;30;2022;06;01 - Doenças preveníveis por imunização e condições sensíveis
4122104182922;410480;20220223;A150;2530.95;30;2022;04;01 - Doenças preveníveis por imunização e condições sensíveis
4122104182922;410480;20220223;A150;2619.76;31;2022;05;01 - Doenças preveníveis por imunização e condições sensíveis
4122104182922;410480;20220223;A150;2594.36;31;2022;03;01 - Doenças preveníveis por imunização e condições sensíveis
4122105174902;410690;20220308;A150;729.53;8;2022;06;01 - Doenças preveníveis por imunização e condições sensíveis
4122105174902;410690;20220308;A150;2415.74;23;2022;06;01 - Doenças preveníveis por imunização e condições sensíveis
4122105179544;410580;20220303;A150;2619.76;31;2022;05;01 - Doenças preveníveis por imunização e condições sensíveis
4122105179544;410580;20220303;A150;2518.25;30;2022;06;01 - Doenças preveníveis por imunização e condições sensíveis
4122105179544;410580;20220303;A150;177.62;4;2022;07;01 - Doenças preveníveis por imunização e condições sensíveis
4122105179544;410580;20220303;A150;2486.5;30;2022;04;01 - Doenças preveníveis por imunização e condições sensíveis
4122105179544;410580;20220303;A150;2588.19;28;2022;03;01 - Doenças preveníveis por imunização e condições sensíveis
4122105179555;410690;20220308;A150;824.6;11;2022;11;01 - Doenças preveníveis por imunização e condições sensíveis
4122105179555;410690;20220308;A150;2619.76;31;2022;07;01 - Doenças preveníveis por imunização e condições sensíveis
4122105179555;410690;20220308;A150;2505.55;30;2022;09;01 - Doenças preveníveis por imunização e condições sensíveis
4122105179555;410690;20220308;A150;2518.25;30;2022;06;01 - Doenças preveníveis por imunização e condições sensíveis
4122105179555;410690;20220308;A150;2562.61;31;2022;05;01 - Doenças preveníveis por imunização e condições sensíveis
4122105179555;410690;20220308;A150;2486.5;30;2022;04;01 - Doenças preveníveis por imunização e condições sensíveis
4122105179555;410690;20220308;A150;2568.96;31;2022;08;01 - Doenças preveníveis por imunização e condições sensíveis
4122105179555;410690;20220308;A150;2562.61;31;2022;10;01 - Doenças preveníveis por imunização e condições sensíveis
4122105179555;410690;20220308;A150;2004.44;23;2022;03;01 - Doenças preveníveis por imunização e condições sensíveis
4122105179566;410690;20220310;A150;1021.27;13;2022;05;01 - Doenças preveníveis por imunização e condições sensíveis
4122105179566;410690;20220310;A150;2499.2;30;2022;04;01 - Doenças preveníveis por imunização e condições sensíveis
4122105179566;410690;20220310;A150;1826.82;21;2022;03;01 - Doenças preveníveis por imunização e condições sensíveis
4122105179577;410690;20220312;A150;1655.55;19;2022;03;01 - Doenças preveníveis por imunização e condições sensíveis
4122105179577;410690;20220312;A150;1490.63;19;2022;04;01 - Doenças preveníveis por imunização e condições sensíveis
4122105179588;410040;20220314;A150;1503.33;17;2022;03;01 - Doenças preveníveis por imunização e condições sensíveis
4122105179588;410040;20220314;A150;1522.38;19;2022;04;01 - Doenças preveníveis por imunização e condições sensíveis
4122105179599;410180;20220315;A150;82.46;2;2022;04;01 - Doenças preveníveis por imunização e condições sensíveis
4122105179599;410180;20220315;A150;1458.97;16;2022;03;01 - Doenças preveníveis por imunização e condições sensíveis
4122105179600;410690;20220322;A150;843.65;9;2022;03;01 - Doenças preveníveis por imunização e condições sensíveis
4122105179600;410690;20220322;A150;329.84;5;2022;04;01 - Doenças preveníveis por imunização e condições sensíveis
4122105179610;411820;20220330;A150;164.92;1;2022;03;01 - Doenças preveníveis por imunização e condições sensíveis
4122105179610;411820;20220330;A150;748.49;9;2022;04;01 - Doenças preveníveis por imunização e condições sensíveis
4122105179676;411320;20220315;A150;1408.17;16;2022;03;01 - Doenças preveníveis por imunização e condições sensíveis
4122105179676;411320;20220315;A150;1585.79;20;2022;04;01 - Doenças preveníveis por imunização e condições sensíveis
4122105179841;410690;20220304;A150;577.22;8;2022;04;01 - Doenças preveníveis por imunização e condições sensíveis
4122105179841;410690;20220304;A150;2397.78;27;2022;04;01 - Doenças preveníveis por imunização e condições sensíveis
4122105363079;411500;20220209;G408;82.39;2;2022;03;14 - Epilepsias
4122105363079;411500;20220209;G408;1647.99;19;2022;02;14 - Epilepsias
4122105657934;410630;20220309;A150;2816.7;30;2022;06;01 - Doenças preveníveis por imunização e condições sensíveis
4122105657934;410630;20220309;A150;1332.24;15;2022;06;01 - Doenças preveníveis por imunização e condições sensíveis
4122105657934;410630;20220309;A150;2451.02;22;2022;06;01 - Doenças preveníveis por imunização e condições sensíveis
4122105658352;410690;20220330;A188;1309.16;12;2022;05;01 - Doenças preveníveis por imunização e condições sensíveis
4122105658352;410690;20220330;A188;172.27;1;2022;05;01 - Doenças preveníveis por imunização e condições sensíveis
4122105658363;410690;20220428;A150;285.48;2;2022;06;01 - Doenças preveníveis por imunização e condições sensíveis
4122105658363;410690;20220428;A150;488.5;6;2022;06;01 - Doenças preveníveis por imunização e condições sensíveis
4122105662521;410690;20220401;A150;2505.55;29;2022;04;01 - Doenças preveníveis por imunização e condições sensíveis
4122105662521;410690;20220401;A150;1319.36;16;2022;05;01 - Doenças preveníveis por imunização e condições sensíveis
4122105662532;411820;20220423;A150;659.68;7;2022;04;01 - Doenças preveníveis por imunização e condições sensíveis
4122105662532;411820;20220423;A150;2190.78;24;2022;05;01 - Doenças preveníveis por imunização e condições sensíveis
4122105662543;411730;20220423;A150;666.03;7;2022;04;01 - Doenças preveníveis por imunização e condições sensíveis
4122105662543;411730;20220423;A150;2607.06;31;2022;05;01 - Doenças preveníveis por imunização e condições sensíveis
4122105662543;411730;20220423;A150;2619.76;31;2022;07;01 - Doenças preveníveis por imunização e condições sensíveis
4122105662543;411730;20220423;A150;1579.44;20;2022;08;01 - Doenças preveníveis por imunização e condições sensíveis
4122105662543;411730;20220423;A150;2518.25;30;2022;06;01 - Doenças preveníveis por imunização e condições sensíveis
4122105662554;410690;20220401;A150;2499.2;30;2022;09;01 - Doenças preveníveis por imunização e condições sensíveis
4122105662554;410690;20220401;A150;2600.71;31;2022;05;01 - Doenças preveníveis por imunização e condições sensíveis
4122105662554;410690;20220401;A150;1091.03;14;2022;10;01 - Doenças preveníveis por imunização e condições sensíveis
4122105662554;410690;20220401;A150;2543.65;29;2022;04;01 - Doenças preveníveis por imunização e condições sensíveis
4122105662554;410690;20220401;A150;2543.65;30;2022;06;01 - Doenças preveníveis por imunização e condições sensíveis
4122105662554;410690;20220401;A150;2594.36;31;2022;07;01 - Doenças preveníveis por imunização e condições sensíveis
4122105662554;410690;20220401;A150;2581.66;31;2022;08;01 - Doenças preveníveis por imunização e condições sensíveis
4122106149250;411820;20220405;A150;1156.46;12;2022;06;01 - Doenças preveníveis por imunização e condições sensíveis
4122106149250;411820;20220405;A150;2656.56;25;2022;06;01 - Doenças preveníveis por imunização e condições sensíveis
4122106149480;412220;20220517;A153;1561.76;14;2022;07;01 - Doenças preveníveis por imunização e condições sensíveis
4122106149480;412220;20220517;A153;1443.18;13;2022;07;01 - Doenças preveníveis por imunização e condições sensíveis
4122106149634;410690;20220517;A150;1919.46;14;2022;08;01 - Doenças preveníveis por imunização e condições sensíveis
4122106149634;410040;20220517;A150;2362.27;23;2022;09;01 - Doenças preveníveis por imunização e condições sensíveis
4122106149689;410960;20220501;A150;3951.96;30;2022;07;01 - Doenças preveníveis por imunização e condições sensíveis
4122106149689;410960;20220501;A150;1927.4;21;2022;07;01 - Doenças preveníveis por imunização e condições sensíveis
4122106149777;410690;20220428;A150;272.78;2;2022;06;01 - Doenças preveníveis por imunização e condições sensíveis
4122106149777;410690;20220428;A150;2880.05;31;2022;06;01 - Doenças preveníveis por imunização e condições sensíveis
4122106153572;412853;20220501;A150;2575.31;31;2022;10;01 - Doenças preveníveis por imunização e condições sensíveis
4122106153572;412853;20220501;A150;2568.96;30;2022;05;01 - Doenças preveníveis por imunização e condições sensíveis
4122106153572;412853;20220501;A150;329.84;5;2022;11;01 - Doenças preveníveis por imunização e condições sensíveis
4122106153572;412853;20220501;A150;2588.01;31;2022;07;01 - Doenças preveníveis por imunização e condições sensíveis
4122106153572;412853;20220501;A150;2480.15;30;2022;06;01 - Doenças preveníveis por imunização e condições sensíveis
4122106153572;412853;20220501;A150;2613.41;31;2022;08;01 - Doenças preveníveis por imunização e condições sensíveis
4122106153572;412853;20220501;A150;2511.9;30;2022;09;01 - Doenças preveníveis por imunização e condições sensíveis
4122106153583;411820;20220503;A150;2429.44;28;2022;05;01 - Doenças preveníveis por imunização e condições sensíveis
4122106153583;411820;20220503;A150;2454.84;30;2022;06;01 - Doenças preveníveis por imunização e condições sensíveis
4122106153594;411730;20220513;A150;253.73;3;2022;06;01 - Doenças preveníveis por imunização e condições sensíveis
4122106153594;411730;20220513;A150;1604.84;18;2022;05;01 - Doenças preveníveis por imunização e condições sensíveis
4122106153605;411850;20220517;A150;1998.09;25;2022;10;01 - Doenças preveníveis por imunização e condições sensíveis
4122106153605;411850;20220517;A150;2537.3;30;2022;06;01 - Doenças preveníveis por imunização e condições sensíveis
4122106153605;411850;20220517;A150;2613.41;31;2022;07;01 - Doenças preveníveis por imunização e condições sensíveis
4122106153605;411850;20220517;A150;1268.65;14;2022;05;01 - Doenças preveníveis por imunização e condições sensíveis
4122106153605;411850;20220517;A150;2607.06;31;2022;08;01 - Doenças preveníveis por imunização e condições sensíveis
4122106153605;411850;20220517;A150;2486.5;30;2022;09;01 - Doenças preveníveis por imunização e condições sensíveis
4122106153616;410690;20220519;A150;1097.38;12;2022;05;01 - Doenças preveníveis por imunização e condições sensíveis
4122106153616;410690;20220519;A150;425.0;6;2022;06;01 - Doenças preveníveis por imunização e condições sensíveis
4122106153638;410765;20220525;A150;754.84;9;2022;06;01 - Doenças preveníveis por imunização e condições sensíveis
4122106153638;410765;20220525;A150;596.27;6;2022;05;01 - Doenças preveníveis por imunização e condições sensíveis
4122106153650;411820;20220512;A150;1674.6;19;2022;05;01 - Doenças preveníveis por imunização e condições sensíveis
4122106153650;411820;20220512;A150;2626.11;31;2022;07;01 - Doenças preveníveis por imunização e condições sensíveis
4122106153650;411820;20220512;A150;2588.01;31;2022;08;01 - Doenças preveníveis por imunização e condições sensíveis
4122106153650;411820;20220512;A150;2530.95;30;2022;06;01 - Doenças preveníveis por imunização e condições sensíveis
4122106153650;411820;20220512;A150;494.76;7;2022;11;01 - Doenças preveníveis por imunização e condições sensíveis
4122106153650;411820;20220512;A150;2562.61;31;2022;10;01 - Doenças preveníveis por imunização e condições sensíveis
4122106153650;411820;20220512;A150;2492.85;30;2022;09;01 - Doenças preveníveis por imunização e condições sensíveis
4122106153760;410310;20220528;A150;336.19;3;2022;05;01 - Doenças preveníveis por imunização e condições sensíveis
4122106153760;410310;20220528;A150;1300.4;15;2022;06;01 - Doenças preveníveis por imunização e condições sensíveis
4122106154551;412550;20220603;A150;2395.83;28;2022;07;01 - Doenças preveníveis por imunização e condições sensíveis
4122106154551;412550;20220603;A150;2410.48;27;2022;06;01 - Doenças preveníveis por imunização e condições sensíveis
4122106154562;411940;20220610;A150;2600.71;31;2022;07;01 - Doenças preveníveis por imunização e condições sensíveis
4122106154562;411940;20220610;A150;82.46;2;2022;11;01 - Doenças preveníveis por imunização e condições sensíveis
4122106154562;411940;20220610;A150;2492.85;30;2022;09;01 - Doenças preveníveis por imunização e condições sensíveis
4122106154562;411940;20220610;A150;2588.01;31;2022;08;01 - Doenças preveníveis por imunização e condições sensíveis
4122106154562;411940;20220610;A150;1744.36;20;2022;06;01 - Doenças preveníveis por imunização e condições sensíveis
4122106154562;411940;20220610;A150;2562.61;31;2022;10;01 - Doenças preveníveis por imunização e condições sensíveis
4122106648979;410690;20220527;A150;463.1;4;2022;07;01 - Doenças preveníveis por imunização e condições sensíveis
4122106648979;410690;20220527;A150;2791.3;30;2022;07;01 - Doenças preveníveis por imunização e condições sensíveis
4122106648979;410690;20220527;A150;101.51;2;2022;07;01 - Doenças preveníveis por imunização e condições sensíveis
4122106649056;412200;20220518;A150;1553.39;13;2022;07;01 - Doenças preveníveis por imunização e condições sensíveis
4122106649056;412200;20220518;A150;2836.53;28;2022;07;01 - Doenças preveníveis por imunização e condições sensíveis
4122106649353;410630;20220522;A150;1484.46;17;2022;07;01 - Doenças preveníveis por imunização e condições sensíveis
4122106649353;410630;20220522;A150;2804.0;30;2022;07;01 - Doenças preveníveis por imunização e condições sensíveis
4122106649353;410630;20220522;A150;938.9;9;2022;07;01 - Doenças preveníveis por imunização e condições sensíveis
4122106649375;410690;20220628;A150;1743.07;14;2022;08;01 - Doenças preveníveis por imunização e condições sensíveis
4122106649375;410690;20220628;A150;681.1;2;2022;08;01 - Doenças preveníveis por imunização e condições sensíveis
4122106653490;410180;20220613;A150;2600.71;31;2022;08;01 - Doenças preveníveis por imunização e condições sensíveis
4122106653490;410180;20220613;A150;1541.43;17;2022;06;01 - Doenças preveníveis por imunização e condições sensíveis
4122106653490;410180;20220613;A150;862.7;11;2022;10;01 - Doenças preveníveis por imunização e condições sensíveis
4122106653490;410180;20220613;A150;2499.2;30;2022;09;01 - Doenças preveníveis por imunização e condições sensíveis
4122106653490;410180;20220613;A150;2613.41;31;2022;07;01 - Doenças preveníveis por imunização e condições sensíveis
4122106653500;410765;20220619;A150;2562.61;31;2022;07;01 - Doenças preveníveis por imunização e condições sensíveis
4122106653500;410765;20220619;A150;2568.96;31;2022;10;01 - Doenças preveníveis por imunização e condições sensíveis
4122106653500;410765;20220619;A150;2480.15;30;2022;09;01 - Doenças preveníveis por imunização e condições sensíveis
4122106653500;410765;20220619;A150;2473.8;30;2022;11;01 - Doenças preveníveis por imunização e condições sensíveis
4122106653500;410765;20220619;A150;82.46;2;2022;12;01 - Doenças preveníveis por imunização e condições sensíveis
4122106653500;410765;20220619;A150;995.87;11;2022;06;01 - Doenças preveníveis por imunização e condições sensíveis
4122106653500;410765;20220619;A150;2562.61;31;2022;08;01 - Doenças preveníveis por imunização e condições sensíveis
4122106653511;410775;20220624;A150;2568.96;31;2022;07;01 - Doenças preveníveis por imunização e condições sensíveis
4122106653511;410775;20220624;A150;2568.96;31;2022;08;01 - Doenças preveníveis por imunização e condições sensíveis
4122106653511;410775;20220624;A150;2480.15;30;2022;09;01 - Doenças preveníveis por imunização e condições sensíveis
4122106653511;410775;20220624;A150;260.08;4;2022;10;01 - Doenças preveníveis por imunização e condições sensíveis
4122106653511;410775;20220624;A150;577.22;6;2022;07;01 - Doenças preveníveis por imunização e condições sensíveis
4122106653522;410480;20220602;A150;1414.52;17;2022;08;01 - Doenças preveníveis por imunização e condições sensíveis
4122106653522;410480;20220602;A150;2568.96;31;2022;07;01 - Doenças preveníveis por imunização e condições sensíveis
4122106653522;410480;20220602;A150;2416.74;28;2022;06;01 - Doenças preveníveis por imunização e condições sensíveis
4122106653533;411520;20220611;A150;2638.81;31;2022;08;01 - Doenças preveníveis por imunização e condições sensíveis
4122106653533;411520;20220611;A150;2632.46;31;2022;07;01 - Doenças preveníveis por imunização e condições sensíveis
4122106653533;411520;20220611;A150;1700.0;19;2022;06;01 - Doenças preveníveis por imunização e condições sensíveis
4122106653533;411520;20220611;A150;1268.65;15;2022;09;01 - Doenças preveníveis por imunização e condições sensíveis
4122106653544;410690;20220614;A150;1408.17;16;2022;06;01 - Doenças preveníveis por imunização e condições sensíveis
4122106653544;410690;20220614;A150;494.76;7;2022;07;01 - Doenças preveníveis por imunização e condições sensíveis
4122106653555;410690;20220608;A150;577.22;8;2022;11;01 - Doenças preveníveis por imunização e condições sensíveis
4122106653555;410690;20220608;A150;2607.06;31;2022;10;01 - Doenças preveníveis por imunização e condições sensíveis
4122106653555;410690;20220608;A150;2594.36;31;2022;08;01 - Doenças preveníveis por imunização e condições sensíveis
4122106653555;410690;20220608;A150;2511.9;30;2022;09;01 - Doenças preveníveis por imunização e condições sensíveis
4122106653555;410690;20220608;A150;2619.76;31;2022;07;01 - Doenças preveníveis por imunização e condições sensíveis
4122106653555;410690;20220608;A150;1985.48;22;2022;06;01 - Doenças preveníveis por imunização e condições sensíveis
4122106653566;412550;20220630;A150;253.73;31;2022;07;01 - Doenças preveníveis por imunização e condições sensíveis
4122106653566;412550;20220630;A150;88.81;0;2022;06;01 - Doenças preveníveis por imunização e condições sensíveis
4122108645248;410690;20220703;A150;748.58;9;2022;10;01 - Doenças preveníveis por imunização e condições sensíveis
4122108645248;410690;20220703;A150;2838.9;28;2022;10;01 - Doenças preveníveis por imunização e condições sensíveis
4122108649648;411370;20220701;A150;2600.71;30;2022;07;01 - Doenças preveníveis por imunização e condições sensíveis
4122108649648;411370;20220701;A150;2581.66;31;2022;08;01 - Doenças preveníveis por imunização e condições sensíveis
4122108649648;411370;20220701;A150;2245.47;28;2022;09;01 - Doenças preveníveis por imunização e condições sensíveis
4122108649659;410430;20220702;A150;1909.28;24;2022;08;01 - Doenças preveníveis por imunização e condições sensíveis
4122108649659;410430;20220702;A150;2486.5;29;2022;07;01 - Doenças preveníveis por imunização e condições sensíveis
4122108649703;412625;20220707;A150;95.16;31;2023;01;01 - Doenças preveníveis por imunização e condições sensíveis
4122108649703;412625;20220707;A150;2562.61;31;2022;10;01 - Doenças preveníveis por imunização e condições sensíveis
4122108649703;412625;20220707;A150;2473.8;30;2022;11;01 - Doenças preveníveis por imunização e condições sensíveis
4122108649703;412625;20220707;A150;2556.26;31;2022;12;01 - Doenças preveníveis por imunização e condições sensíveis
4122108649703;412625;20220707;A150;412.3;6;2023;03;01 - Doenças preveníveis por imunização e condições sensíveis
4122108649703;412625;20220707;A150;2061.5;24;2022;07;01 - Doenças preveníveis por imunização e condições sensíveis
4122108649703;412625;20220707;A150;2562.61;31;2022;08;01 - Doenças preveníveis por imunização e condições sensíveis
4122108649703;412625;20220707;A150;2473.8;30;2022;09;01 - Doenças preveníveis por imunização e condições sensíveis
4122108649703;412625;20220707;A150;2321.58;28;2023;02;01 - Doenças preveníveis por imunização e condições sensíveis
4122108649714;410690;20220717;A150;2480.15;30;2022;09;01 - Doenças preveníveis por imunização e condições sensíveis
4122108649714;410690;20220717;A150;2556.26;31;2022;08;01 - Doenças preveníveis por imunização e condições sensíveis
4122108649714;410690;20220717;A150;2226.42;28;2022;10;01 - Doenças preveníveis por imunização e condições sensíveis
4122108649714;410690;20220717;A150;1249.6;14;2022;07;01 - Doenças preveníveis por imunização e condições sensíveis
4122108649725;410690;20220722;A150;824.6;11;2023;01;01 - Doenças preveníveis por imunização e condições sensíveis
4122108649725;410690;20220722;A150;2480.15;30;2022;09;01 - Doenças preveníveis por imunização e condições sensíveis
4122108649725;410690;20220722;A150;2556.26;31;2022;12;01 - Doenças preveníveis por imunização e condições sensíveis
4122108649725;410690;20220722;A150;2562.61;31;2022;08;01 - Doenças preveníveis por imunização e condições sensíveis
4122108649725;410690;20220722;A150;830.95;9;2022;07;01 - Doenças preveníveis por imunização e condições sensíveis
4122108649725;410690;20220722;A150;2473.8;30;2022;11;01 - Doenças preveníveis por imunização e condições sensíveis
4122108649725;410690;20220722;A150;2556.26;31;2022;10;01 - Doenças preveníveis por imunização e condições sensíveis
4122108649736;411320;20220717;A150;2600.71;31;2022;08;01 - Doenças preveníveis por imunização e condições sensíveis
4122108649736;411320;20220717;A150;1173.49;15;2022;09;01 - Doenças preveníveis por imunização e condições sensíveis
4122108649736;411320;20220717;A150;1268.65;14;2022;07;01 - Doenças preveníveis por imunização e condições sensíveis
4122108649747;410690;20220722;A150;2492.85;30;2022;09;01 - Doenças preveníveis por imunização e condições sensíveis
4122108649747;410690;20220722;A150;1769.76;22;2022;12;01 - Doenças preveníveis por imunização e condições sensíveis
4122108649747;410690;20220722;A150;2588.01;31;2022;08;01 - Doenças preveníveis por imunização e condições sensíveis
4122108649747;410690;20220722;A150;2486.5;30;2022;11;01 - Doenças preveníveis por imunização e condições sensíveis
4122108649747;410690;20220722;A150;2562.61;31;2022;10;01 - Doenças preveníveis por imunização e condições sensíveis
4122108649747;410690;20220722;A150;830.95;9;2022;07;01 - Doenças preveníveis por imunização e condições sensíveis
4122108649758;412853;20220713;A150;2568.96;31;2022;08;01 - Doenças preveníveis por imunização e condições sensíveis
4122108649758;412853;20220713;A150;2473.8;30;2022;11;01 - Doenças preveníveis por imunização e condições sensíveis
4122108649758;412853;20220713;A150;824.6;11;2023;02;01 - Doenças preveníveis por imunização e condições sensíveis
4122108649758;412853;20220713;A150;2556.26;31;2023;01;01 - Doenças preveníveis por imunização e condições sensíveis
4122108649758;412853;20220713;A150;2486.5;30;2022;09;01 - Doenças preveníveis por imunização e condições sensíveis
4122108649758;412853;20220713;A150;2556.26;31;2022;12;01 - Doenças preveníveis por imunização e condições sensíveis
4122108649758;412853;20220713;A150;2562.61;31;2022;10;01 - Doenças preveníveis por imunização e condições sensíveis
4122108649758;412853;20220713;A150;1598.49;18;2022;07;01 - Doenças preveníveis por imunização e condições sensíveis
4122108649769;412550;20220714;A150;1503.33;17;2022;07;01 - Doenças preveníveis por imunização e condições sensíveis
4122108649769;412550;20220714;A150;2562.61;31;2022;10;01 - Doenças preveníveis por imunização e condições sensíveis
4122108649769;412550;20220714;A150;666.03;9;2022;12;01 - Doenças preveníveis por imunização e condições sensíveis
4122108649769;412550;20220714;A150;2480.15;30;2022;11;01 - Doenças preveníveis por imunização e condições sensíveis
4122108649769;412550;20220714;A150;2575.31;31;2022;08;01 - Doenças preveníveis por imunização e condições sensíveis
4122108649769;412550;20220714;A150;2505.55;30;2022;09;01 - Doenças preveníveis por imunização e condições sensíveis
4122108650275;410690;20220720;A150;742.14;10;2022;08;01 - Doenças preveníveis por imunização e condições sensíveis
4122108650275;410690;20220720;A150;989.52;11;2022;08;01 - Doenças preveníveis por imunização e condições sensíveis
4122109148421;410690;20220705;A150;3665.19;31;2022;10;01 - Doenças preveníveis por imunização e condições sensíveis
4122109148421;410690;20220705;A150;2556.62;26;2022;10;01 - Doenças preveníveis por imunização e condições sensíveis
4122109148465;411915;20220826;A150;103.16;2;2022;09;01 - Doenças preveníveis por imunização e condições sensíveis
4122109148465;411915;20220826;A150;591.26;5;2022;09;01 - Doenças preveníveis por imunização e condições sensíveis
4122109148510;410690;20220829;A150;450.59;2;2022;09;01 - Doenças preveníveis por imunização e condições sensíveis
4122109148510;410690;20220829;A150;402.34;5;2022;09;01 - Doenças preveníveis por imunização e condições sensíveis
4122109148586;410690;20220830;A150;185.62;1;2022;09;01 - Doenças preveníveis por imunização e condições sensíveis
4122109148586;410690;20220830;A150;469.45;6;2022;09;01 - Doenças preveníveis por imunização e condições sensíveis
4122109152909;410040;20220801;A150;2486.5;30;2022;09;01 - Doenças preveníveis por imunização e condições sensíveis
4122109152909;410040;20220801;A150;2568.96;30;2022;08;01 - Doenças preveníveis por imunização e condições sensíveis
4122109152909;410040;20220801;A150;1655.55;21;2022;10;01 - Doenças preveníveis por imunização e condições sensíveis
4122109153074;410690;20220816;A150;2588.01;31;2022;10;01 - Doenças preveníveis por imunização e condições sensíveis
4122109153074;410690;20220816;A150;2499.2;30;2022;09;01 - Doenças preveníveis por imunização e condições sensíveis
4122109153074;410690;20220816;A150;509.74;6;2023;04;01 - Doenças preveníveis por imunização e condições sensíveis
4122109153074;410690;20220816;A150;1332.06;15;2022;08;01 - Doenças preveníveis por imunização e condições sensíveis
4122109153074;410690;20220816;A150;2321.58;28;2023;02;01 - Doenças preveníveis por imunização e condições sensíveis
4122109153074;410690;20220816;A150;2568.96;31;2022;12;01 - Doenças preveníveis por imunização e condições sensíveis
4122109153074;410690;20220816;A150;2556.26;31;2023;03;01 - Doenças preveníveis por imunização e condições sensíveis
4122109153074;410690;20220816;A150;2473.8;30;2022;11;01 - Doenças preveníveis por imunização e condições sensíveis
4122109153074;410690;20220816;A150;2556.26;31;2023;01;01 - Doenças preveníveis por imunização e condições sensíveis
4122109153085;410775;20220810;A150;2150.31;26;2022;10;01 - Doenças preveníveis por imunização e condições sensíveis
4122109153085;410775;20220810;A150;2480.15;30;2022;09;01 - Doenças preveníveis por imunização e condições sensíveis
4122109153085;410775;20220810;A150;1826.82;21;2022;09;01 - Doenças preveníveis por imunização e condições sensíveis
4122109153096;410520;20220805;A150;2556.26;31;2022;12;01 - Doenças preveníveis por imunização e condições sensíveis
4122109153096;410520;20220805;A150;2492.85;30;2022;09;01 - Doenças preveníveis por imunização e condições sensíveis
4122109153096;410520;20220805;A150;2473.8;30;2022;11;01 - Doenças preveníveis por imunização e condições sensíveis
4122109153096;410520;20220805;A150;1979.04;25;2023;01;01 - Doenças preveníveis por imunização e condições sensíveis
4122109153096;410520;20220805;A150;2239.12;26;2022;08;01 - Doenças preveníveis por imunização e condições sensíveis
4122109153096;410520;20220805;A150;2562.61;31;2022;10;01 - Doenças preveníveis por imunização e condições sensíveis
4122109153107;410580;20220826;A150;2150.31;26;2022;10;01 - Doenças preveníveis por imunização e condições sensíveis
4122109153107;410580;20220826;A150;501.11;5;2022;08;01 - Doenças preveníveis por imunização e condições sensíveis
4122109153107;410580;20220826;A150;2486.5;30;2022;09;01 - Doenças preveníveis por imunização e condições sensíveis
4122109153118;411320;20220831;A150;2556.26;31;2022;10;01 - Doenças preveníveis por imunização e condições sensíveis
4122109153118;411320;20220831;A150;2556.26;31;2022;12;01 - Doenças preveníveis por imunização e condições sensíveis
4122109153118;411320;20220831;A150;2480.15;30;2022;09;01 - Doenças preveníveis por imunização e condições sensíveis
4122109153118;411320;20220831;A150;82.46;0;2022;08;01 - Doenças preveníveis por imunização e condições sensíveis
4122109153118;411320;20220831;A150;2473.8;30;2022;11;01 - Doenças preveníveis por imunização e condições sensíveis
4122109153118;411320;20220831;A150;2556.26;31;2023;01;01 - Doenças preveníveis por imunização e condições sensíveis
4122109153118;411320;20220831;A150;989.52;13;2023;02;01 - Doenças preveníveis por imunização e condições sensíveis
4122109154031;410420;20220901;A150;2473.8;30;2022;11;01 - Doenças preveníveis por imunização e condições sensíveis
4122109154031;410420;20220901;A150;2556.26;31;2023;01;01 - Doenças preveníveis por imunização e condições sensíveis
4122109154031;410420;20220901;A150;2156.66;27;2023;02;01 - Doenças preveníveis por imunização e condições sensíveis
4122109154031;410420;20220901;A150;2486.5;29;2022;09;01 - Doenças preveníveis por imunização e condições sensíveis
4122109154031;410420;20220901;A150;2562.61;31;2022;10;01 - Doenças preveníveis por imunização e condições sensíveis
4122109154031;410420;20220901;A150;2556.26;31;2022;12;01 - Doenças preveníveis por imunização e condições sensíveis
4122109649471;410690;20220830;A150;225.22;2;2022;10;01 - Doenças preveníveis por imunização e condições sensíveis
4122109649471;410690;20220830;A150;178.62;1;2022;10;01 - Doenças preveníveis por imunização e condições sensíveis
4122109654135;410690;20220916;A150;2556.26;31;2023;01;01 - Doenças preveníveis por imunização e condições sensíveis
4122109654135;410690;20220916;A150;2473.8;30;2022;12;01 - Doenças preveníveis por imunização e condições sensíveis
4122109654135;410690;20220916;A150;2232.77;28;2023;02;01 - Doenças preveníveis por imunização e condições sensíveis
4122109654135;410690;20220916;A150;2562.61;31;2022;12;01 - Doenças preveníveis por imunização e condições sensíveis
4122109654135;410690;20220916;A150;1236.9;14;2022;09;01 - Doenças preveníveis por imunização e condições sensíveis
4122109654135;410690;20220916;A150;2568.96;31;2022;10;01 - Doenças preveníveis por imunização e condições sensíveis
4122109654146;410690;20220921;A150;82.46;2;2022;11;01 - Doenças preveníveis por imunização e condições sensíveis
4122109654146;410690;20220921;A150;843.65;9;2022;09;01 - Doenças preveníveis por imunização e condições sensíveis
4122109654146;410690;20220921;A150;2562.61;31;2022;10;01 - Doenças preveníveis por imunização e condições sensíveis
4122109654157;411520;20220921;A150;843.65;9;2022;09;01 - Doenças preveníveis por imunização e condições sensíveis
4122109654157;411520;20220921;A150;1097.38;14;2022;10;01 - Doenças preveníveis por imunização e condições sensíveis
4122109654168;411320;20220925;A150;2556.26;31;2022;10;01 - Doenças preveníveis por imunização e condições sensíveis
4122109654168;411320;20220925;A150;2473.8;30;2022;11;01 - Doenças preveníveis por imunização e condições sensíveis
4122109654168;411320;20220925;A150;507.46;5;2022;09;01 - Doenças preveníveis por imunização e condições sensíveis
4122109654168;411320;20220925;A150;412.3;6;2022;12;01 - Doenças preveníveis por imunização e condições sensíveis
4122109654179;410690;20220928;A150;247.38;2;2022;09;01 - Doenças preveníveis por imunização e condições sensíveis
4122109654179;410690;20220928;A150;837.3;11;2022;10;01 - Doenças preveníveis por imunização e condições sensíveis
4122109655015;410580;20220922;A150;786.59;8;2022;10;01 - Doenças preveníveis por imunização e condições sensíveis
4122109655015;410580;20220922;A150;608.97;8;2022;10;01 - Doenças preveníveis por imunização e condições sensíveis
4122109655312;410490;20221021;A150;1401.82;18;2022;11;01 - Doenças preveníveis por imunização e condições sensíveis
4122109655312;410490;20221021;A150;907.06;10;2022;10;01 - Doenças preveníveis por imunização e condições sensíveis
4122109655323;411820;20221007;A150;2556.26;31;2023;01;01 - Doenças preveníveis por imunização e condições sensíveis
4122109655323;411820;20221007;A150;2473.8;30;2022;11;01 - Doenças preveníveis por imunização e condições sensíveis
4122109655323;411820;20221007;A150;2556.26;31;2022;12;01 - Doenças preveníveis por imunização e condições sensíveis
4122109655323;411820;20221007;A150;2061.5;24;2022;10;01 - Doenças preveníveis por imunização e condições sensíveis
4122109655323;411820;20221007;A150;164.92;3;2023;02;01 - Doenças preveníveis por imunização e condições sensíveis
4122109655334;410180;20221020;A150;2600.71;31;2022;12;01 - Doenças preveníveis por imunização e condições sensíveis
4122109655334;410180;20221020;A150;82.46;2;2023;01;01 - Doenças preveníveis por imunização e condições sensíveis
4122109655334;410180;20221020;A150;2480.15;30;2022;11;01 - Doenças preveníveis por imunização e condições sensíveis
4122109655334;410180;20221020;A150;989.52;11;2022;10;01 - Doenças preveníveis por imunização e condições sensíveis
4122109655345;410690;20221014;A150;2556.26;31;2023;01;01 - Doenças preveníveis por imunização e condições sensíveis
4122109655345;410690;20221014;A150;1484.28;17;2022;10;01 - Doenças preveníveis por imunização e condições sensíveis
4122109655345;410690;20221014;A150;1915.63;24;2023;02;01 - Doenças preveníveis por imunização e condições sensíveis
4122109655345;410690;20221014;A150;2473.8;30;2022;11;01 - Doenças preveníveis por imunização e condições sensíveis
4122109655345;410690;20221014;A150;2556.26;31;2022;12;01 - Doenças preveníveis por imunização e condições sensíveis
4122109655356;411915;20221027;A150;82.46;2;2022;11;01 - Doenças preveníveis por imunização e condições sensíveis
4122109655356;411915;20221027;A150;412.3;4;2022;10;01 - Doenças preveníveis por imunização e condições sensíveis
4122109655367;410690;20221028;A150;577.22;7;2022;11;01 - Doenças preveníveis por imunização e condições sensíveis
4122109655367;410690;20221028;A150;329.84;3;2022;10;01 - Doenças preveníveis por imunização e condições sensíveis
4122109655378;410940;20221028;A150;329.84;3;2022;10;01 - Doenças preveníveis por imunização e condições sensíveis
4122109655378;410940;20221028;A150;2499.2;30;2022;11;01 - Doenças preveníveis por imunização e condições sensíveis
4122109655378;410940;20221028;A150;2308.88;28;2023;02;01 - Doenças preveníveis por imunização e condições sensíveis
4122109655378;410940;20221028;A150;2600.71;31;2022;12;01 - Doenças preveníveis por imunização e condições sensíveis
4122109655378;410940;20221028;A150;2594.36;31;2023;01;01 - Doenças preveníveis por imunização e condições sensíveis
4122109655378;410940;20221028;A150;1814.12;23;2023;03;01 - Doenças preveníveis por imunização e condições sensíveis
4122110162962;410180;20220929;A150;178.62;1;2022;11;01 - Doenças preveníveis por imunização e condições sensíveis
4122110162962;410180;20220929;A150;2755.5;26;2022;11;01 - Doenças preveníveis por imunização e condições sensíveis
4122110162973;410690;20220908;A150;2474.2;22;2022;12;01 - Doenças preveníveis por imunização e condições sensíveis
4122110162973;410690;20220908;A150;2188.68;24;2022;12;01 - Doenças preveníveis por imunização e condições sensíveis
4122110163040;410690;20220817;A150;279.13;4;2022;12;01 - Doenças preveníveis por imunização e condições sensíveis
4122110163040;410690;20220817;A150;3122.57;30;2022;12;01 - Doenças preveníveis por imunização e condições sensíveis
4122110163040;410690;20220817;A150;1346.03;14;2022;12;01 - Doenças preveníveis por imunização e condições sensíveis
4122110163040;410690;20220817;A150;3408.13;31;2022;12;01 - Doenças preveníveis por imunização e condições sensíveis
4122110163182;410690;20220926;A150;659.77;8;2022;12;01 - Doenças preveníveis por imunização e condições sensíveis
4122110163182;410690;20220926;A150;3394.5;31;2022;12;01 - Doenças preveníveis por imunização e condições sensíveis
4122110163182;410690;20220926;A150;599.89;4;2022;12;01 - Doenças preveníveis por imunização e condições sensíveis
4122110163215;410775;20221026;A150;647.07;8;2022;11;01 - Doenças preveníveis por imunização e condições sensíveis
4122110163215;410775;20221026;A150;656.7;5;2022;11;01 - Doenças preveníveis por imunização e condições sensíveis
4122110163457;410690;20220918;A150;1703.74;12;2022;12;01 - Doenças preveníveis por imunização e condições sensíveis
4122110163457;410690;20220918;A150;3186.96;31;2022;12;01 - Doenças preveníveis por imunização e condições sensíveis
4122110163457;410690;20220918;A150;1972.96;21;2022;12;01 - Doenças preveníveis por imunização e condições sensíveis
4122110163523;410690;20221026;A150;2451.08;24;2023;01;01 - Doenças preveníveis por imunização e condições sensíveis
4122110163523;410690;20221026;A150;1155.5;5;2023;01;01 - Doenças preveníveis por imunização e condições sensíveis
4122110168781;410690;20221106;A150;2074.2;24;2022;11;01 - Doenças preveníveis por imunização e condições sensíveis
4122110168781;410690;20221106;A150;329.84;5;2023;04;01 - Doenças preveníveis por imunização e condições sensíveis
4122110168781;410690;20221106;A150;2594.36;31;2022;12;01 - Doenças preveníveis por imunização e condições sensíveis
4122110168781;410690;20221106;A150;2600.71;31;2023;01;01 - Doenças preveníveis por imunização e condições sensíveis
4122110168781;410690;20221106;A150;2556.26;31;2023;03;01 - Doenças preveníveis por imunização e condições sensíveis
4122110168781;410690;20221106;A150;2327.93;28;2023;02;01 - Doenças preveníveis por imunização e condições sensíveis
4122110168792;411990;20221109;A150;2556.26;31;2023;03;01 - Doenças preveníveis por imunização e condições sensíveis
4122110168792;411990;20221109;A150;824.6;11;2023;05;01 - Doenças preveníveis por imunização e condições sensíveis
4122110168792;411990;20221109;A150;2594.36;31;2022;12;01 - Doenças preveníveis por imunização e condições sensíveis
4122110168792;411990;20221109;A150;2568.96;31;2023;01;01 - Doenças preveníveis por imunização e condições sensíveis
4122110168792;411990;20221109;A150;2610.21;30;2023;04;01 - Doenças preveníveis por imunização e condições sensíveis
4122110168792;411990;20221109;A150;1820.47;21;2022;11;01 - Doenças preveníveis por imunização e condições sensíveis
4122110168792;411990;20221109;A150;2315.23;28;2023;02;01 - Doenças preveníveis por imunização e condições sensíveis
4122110168803;411820;20221108;A150;2353.33;28;2023;02;01 - Doenças preveníveis por imunização e condições sensíveis
4122110168803;411820;20221108;A150;2632.46;31;2022;12;01 - Doenças preveníveis por imunização e condições sensíveis
4122110168803;411820;20221108;A150;1928.33;22;2022;11;01 - Doenças preveníveis por imunização e condições sensíveis
4122110168803;411820;20221108;A150;2556.26;31;2023;03;01 - Doenças preveníveis por imunização e condições sensíveis
4122110168803;411820;20221108;A150;2600.71;31;2023;01;01 - Doenças preveníveis por imunização e condições sensíveis
4122110168803;411820;20221108;A150;2061.5;26;2023;04;01 - Doenças preveníveis por imunização e condições sensíveis
4122110168814;410690;20221105;A150;2143.96;25;2022;11;01 - Doenças preveníveis por imunização e condições sensíveis
4122110168814;410690;20221105;A150;1566.74;20;2022;12;01 - Doenças preveníveis por imunização e condições sensíveis
4122110168825;410690;20221117;A150;1154.44;13;2022;11;01 - Doenças preveníveis por imunização e condições sensíveis
4122110168825;410690;20221117;A150;2391.34;29;2022;12;01 - Doenças preveníveis por imunização e condições sensíveis
4122110168836;410580;20221118;A150;1071.98;12;2022;11;01 - Doenças preveníveis por imunização e condições sensíveis
4122110168836;410580;20221118;A150;1649.2;21;2022;12;01 - Doenças preveníveis por imunização e condições sensíveis
4122110168847;410690;20221112;A150;82.46;2;2022;12;01 - Doenças preveníveis por imunização e condições sensíveis
4122110168847;410690;20221112;A150;1566.74;18;2022;11;01 - Doenças preveníveis por imunização e condições sensíveis
4122110168858;410765;20221118;A150;2321.58;28;2023;02;01 - Doenças preveníveis por imunização e condições sensíveis
4122110168858;410765;20221118;A150;1071.98;12;2022;11;01 - Doenças preveníveis por imunização e condições sensíveis
4122110168858;410765;20221118;A150;2473.8;31;2023;03;01 - Doenças preveníveis por imunização e condições sensíveis
4122110168858;410765;20221118;A150;2556.26;31;2023;01;01 - Doenças preveníveis por imunização e condições sensíveis
4122110168858;410765;20221118;A150;2568.96;31;2022;12;01 - Doenças preveníveis por imunização e condições sensíveis
4122110168869;410690;20221121;A150;2562.61;31;2022;12;01 - Doenças preveníveis por imunização e condições sensíveis
4122110168869;410690;20221121;A150;2562.61;31;2023;01;01 - Doenças preveníveis por imunização e condições sensíveis
4122110168869;410690;20221121;A150;659.68;8;2023;03;01 - Doenças preveníveis por imunização e condições sensíveis
4122110168869;410690;20221121;A150;2315.23;28;2023;02;01 - Doenças preveníveis por imunização e condições sensíveis
4122110168869;410690;20221121;A150;843.65;9;2022;12;01 - Doenças preveníveis por imunização e condições sensíveis
4122111386151;410690;20220827;A150;2899.25;30;2022;11;01 - Doenças preveníveis por imunização e condições sensíveis
4122111386151;410690;20220827;A150;3273.31;31;2023;01;01 - Doenças preveníveis por imunização e condições sensíveis
4122111386151;410690;20220827;A150;1509.86;17;2023;02;01 - Doenças preveníveis por imunização e condições sensíveis
4122111386151;410690;20220827;A150;2971.2;31;2023;02;01 - Doenças preveníveis por imunização e condições sensíveis
4122111386151;410690;20220827;A150;2842.1;30;2023;02;01 - Doenças preveníveis por imunização e condições sensíveis
4122111386151;410690;20220827;A150;830.29;4;2022;11;01 - Doenças preveníveis por imunização e condições sensíveis
4122111386415;411570;20221023;A150;2693.04;8;2023;01;01 - Doenças preveníveis por imunização e condições sensíveis
4122111386415;411570;20221023;A150;3331.95;30;2023;01;01 - Doenças preveníveis por imunização e condições sensíveis
4122111386415;411570;20221023;A150;558.26;6;2023;01;01 - Doenças preveníveis por imunização e condições sensíveis
4122111386569;410690;20221030;A150;208.75;1;2022;12;01 - Doenças preveníveis por imunização e condições sensíveis
4122111386569;410690;20221030;A150;602.96;7;2022;12;01 - Doenças preveníveis por imunização e condições sensíveis
4122111390705;411950;20221124;A150;2626.11;31;2023;01;01 - Doenças preveníveis por imunização e condições sensíveis
4122111390705;411950;20221124;A150;577.22;6;2022;11;01 - Doenças preveníveis por imunização e condições sensíveis
4122111390705;411950;20221124;A150;2385.08;28;2023;02;01 - Doenças preveníveis por imunização e condições sensíveis
4122111390705;411950;20221124;A150;2594.36;31;2022;12;01 - Doenças preveníveis por imunização e condições sensíveis
4122111390705;411950;20221124;A150;247.38;4;2023;04;01 - Doenças preveníveis por imunização e condições sensíveis
4122111390705;411950;20221124;A150;2556.26;31;2023;03;01 - Doenças preveníveis por imunização e condições sensíveis
4122111390716;410690;20221112;A150;2556.26;31;2022;12;01 - Doenças preveníveis por imunização e condições sensíveis
4122111390716;410690;20221112;A150;907.06;12;2023;01;01 - Doenças preveníveis por imunização e condições sensíveis
4122111390716;410690;20221112;A150;1566.74;18;2022;11;01 - Doenças preveníveis por imunização e condições sensíveis
4122111390727;410580;20221112;A150;1566.74;18;2022;11;01 - Doenças preveníveis por imunização e condições sensíveis
4122111390727;410580;20221112;A150;2556.26;31;2022;12;01 - Doenças preveníveis por imunização e condições sensíveis
4122111390727;410580;20221112;A150;1820.47;23;2023;01;01 - Doenças preveníveis por imunização e condições sensíveis
4122111390738;410690;20221126;A150;2594.36;31;2022;12;01 - Doenças preveníveis por imunização e condições sensíveis
4122111390738;410690;20221126;A150;412.3;6;2023;05;01 - Doenças preveníveis por imunização e condições sensíveis
4122111390738;410690;20221126;A150;2845.86;30;2023;04;01 - Doenças preveníveis por imunização e condições sensíveis
4122111390738;410690;20221126;A150;412.3;4;2022;11;01 - Doenças preveníveis por imunização e condições sensíveis
4122111390738;410690;20221126;A150;2626.11;31;2023;01;01 - Doenças preveníveis por imunização e condições sensíveis
4122111390738;410690;20221126;A150;2556.26;31;2023;03;01 - Doenças preveníveis por imunização e condições sensíveis
4122111390738;410690;20221126;A150;2372.38;28;2023;02;01 - Doenças preveníveis por imunização e condições sensíveis
4122111390749;410690;20221129;A150;2473.8;30;2023;04;01 - Doenças preveníveis por imunização e condições sensíveis
4122111390749;410690;20221129;A150;2150.31;27;2023;05;01 - Doenças preveníveis por imunização e condições sensíveis
4122111390749;410690;20221129;A150;2556.26;31;2023;03;01 - Doenças preveníveis por imunização e condições sensíveis
4122111390749;410690;20221129;A150;164.92;1;2022;11;01 - Doenças preveníveis por imunização e condições sensíveis
4122111390749;410690;20221129;A150;2556.26;31;2022;12;01 - Doenças preveníveis por imunização e condições sensíveis
4122111390749;410690;20221129;A150;2334.28;28;2023;02;01 - Doenças preveníveis por imunização e condições sensíveis
4122111390749;410690;20221129;A150;2562.61;31;2023;01;01 - Doenças preveníveis por imunização e condições sensíveis
4122111391310;411990;20221129;A150;2486.5;31;2023;01;01 - Doenças preveníveis por imunização e condições sensíveis
4122111391310;411990;20221129;A150;2556.26;31;2022;12;01 - Doenças preveníveis por imunização e condições sensíveis
4122111391310;411990;20221129;A150;164.92;1;2022;12;01 - Doenças preveníveis por imunização e condições sensíveis
4122111391673;411820;20221208;A150;577.22;8;2023;06;01 - Doenças preveníveis por imunização e condições sensíveis
4122111391673;411820;20221208;A150;2556.26;31;2023;03;01 - Doenças preveníveis por imunização e condições sensíveis
4122111391673;411820;20221208;A150;1979.04;23;2022;12;01 - Doenças preveníveis por imunização e condições sensíveis
4122111391673;411820;20221208;A150;2473.8;30;2023;04;01 - Doenças preveníveis por imunização e condições sensíveis
4122111391673;411820;20221208;A150;2562.61;31;2023;01;01 - Doenças preveníveis por imunização e condições sensíveis
4122111391673;411820;20221208;A150;2556.26;31;2023;05;01 - Doenças preveníveis por imunização e condições sensíveis
4122111391673;411820;20221208;A150;2308.88;28;2023;02;01 - Doenças preveníveis por imunização e condições sensíveis
4122111391684;411990;20221207;A150;2556.26;31;2023;05;01 - Doenças preveníveis por imunização e condições sensíveis
4122111391684;411990;20221207;A150;2061.5;24;2022;12;01 - Doenças preveníveis por imunização e condições sensíveis
4122111391684;411990;20221207;A150;2480.15;30;2023;06;01 - Doenças preveníveis por imunização e condições sensíveis
4122111391684;411990;20221207;A150;2556.26;31;2023;03;01 - Doenças preveníveis por imunização e condições sensíveis
4122111391684;411990;20221207;A150;2473.8;30;2023;04;01 - Doenças preveníveis por imunização e condições sensíveis
4122111391684;411990;20221207;A150;2562.61;31;2023;01;01 - Doenças preveníveis por imunização e condições sensíveis
4122111391684;411990;20221207;A150;2575.31;31;2023;08;01 - Doenças preveníveis por imunização e condições sensíveis
4122111391684;411990;20221207;A150;1236.9;16;2023;10;01 - Doenças preveníveis por imunização e condições sensíveis
4122111391684;411990;20221207;A150;2308.88;28;2023;02;01 - Doenças preveníveis por imunização e condições sensíveis
4122111391684;411990;20221207;A150;2473.8;30;2023;09;01 - Doenças preveníveis por imunização e condições sensíveis
4122111391684;411990;20221207;A150;2562.61;31;2023;07;01 - Doenças preveníveis por imunização e condições sensíveis
4122111391695;411520;20221208;A150;1998.09;23;2022;12;01 - Doenças preveníveis por imunização e condições sensíveis
4122111391695;411520;20221208;A150;2607.06;31;2023;01;01 - Doenças preveníveis por imunização e condições sensíveis
4122111391695;411520;20221208;A150;2556.26;31;2023;03;01 - Doenças preveníveis por imunização e condições sensíveis
4122111391695;411520;20221208;A150;907.06;11;2023;04;01 - Doenças preveníveis por imunização e condições sensíveis
4122111391695;411520;20221208;A150;2340.63;28;2023;02;01 - Doenças preveníveis por imunização e condições sensíveis
4122111391706;410690;20221213;A150;2473.8;30;2023;04;01 - Doenças preveníveis por imunização e condições sensíveis
4122111391706;410690;20221213;A150;2556.26;31;2023;05;01 - Doenças preveníveis por imunização e condições sensíveis
4122111391706;410690;20221213;A150;2321.58;28;2023;02;01 - Doenças preveníveis por imunização e condições sensíveis
4122111391706;410690;20221213;A150;2556.26;31;2023;03;01 - Doenças preveníveis por imunização e condições sensíveis
4122111391706;410690;20221213;A150;2556.26;31;2023;01;01 - Doenças preveníveis por imunização e condições sensíveis
4122111391706;410690;20221213;A150;82.46;2;2023;08;01 - Doenças preveníveis por imunização e condições sensíveis
4122111391706;410690;20221213;A150;2556.26;31;2023;07;01 - Doenças preveníveis por imunização e condições sensíveis
4122111391706;410690;20221213;A150;2473.8;30;2023;06;01 - Doenças preveníveis por imunização e condições sensíveis
4122111391706;410690;20221213;A150;1566.74;18;2022;12;01 - Doenças preveníveis por imunização e condições sensíveis
4122111391717;410765;20221227;A150;2480.15;31;2023;01;01 - Doenças preveníveis por imunização e condições sensíveis
4122111391717;410765;20221227;A150;412.3;4;2022;12;01 - Doenças preveníveis por imunização e condições sensíveis
4122111391728;410580;20221226;A150;494.76;5;2022;12;01 - Doenças preveníveis por imunização e condições sensíveis
4122111391728;410580;20221226;A150;907.06;12;2023;06;01 - Doenças preveníveis por imunização e condições sensíveis
4122111391728;410580;20221226;A150;2556.26;31;2023;03;01 - Doenças preveníveis por imunização e condições sensíveis
4122111391728;410580;20221226;A150;2315.23;28;2023;02;01 - Doenças preveníveis por imunização e condições sensíveis
4122111391728;410580;20221226;A150;2556.26;31;2023;05;01 - Doenças preveníveis por imunização e condições sensíveis
4122111391728;410580;20221226;A150;2556.26;31;2023;01;01 - Doenças preveníveis por imunização e condições sensíveis
4122111391728;410580;20221226;A150;2473.8;30;2023;04;01 - Doenças preveníveis por imunização e condições sensíveis
4122111391739;411915;20221231;A150;2378.73;28;2023;02;01 - Doenças preveníveis por imunização e condições sensíveis
4122111391739;411915;20221231;A150;2473.8;30;2023;04;01 - Doenças preveníveis por imunização e condições sensíveis
4122111391739;411915;20221231;A150;2556.26;31;2023;03;01 - Doenças preveníveis por imunização e condições sensíveis
4122111391739;411915;20221231;A150;82.46;0;2022;12;01 - Doenças preveníveis por imunização e condições sensíveis
4122111391739;411915;20221231;A150;742.14;10;2023;06;01 - Doenças preveníveis por imunização e condições sensíveis
4122111391739;411915;20221231;A150;2556.26;31;2023;05;01 - Doenças preveníveis por imunização e condições sensíveis
4122111391739;411915;20221231;A150;2556.26;31;2023;01;01 - Doenças preveníveis por imunização e condições sensíveis
4122111391740;410690;20221231;A150;659.68;9;2023;01;01 - Doenças preveníveis por imunização e condições sensíveis
4122111391740;410690;20221231;A150;82.46;0;2022;12;01 - Doenças preveníveis por imunização e condições sensíveis
4122111923600;410690;20221227;A150;1628.46;15;2023;03;01 - Doenças preveníveis por imunização e condições sensíveis
4122111923600;410690;20221227;A150;469.45;4;2023;03;01 - Doenças preveníveis por imunização e condições sensíveis
4122111923600;410690;20221227;A150;3048.27;31;2023;03;01 - Doenças preveníveis por imunização e condições sensíveis
4122111928231;410180;20221026;A150;247.38;3;2023;02;01 - Doenças preveníveis por imunização e condições sensíveis
4122111928231;410180;20221026;A150;2594.36;31;2023;01;01 - Doenças preveníveis por imunização e condições sensíveis
4122111928231;410180;20221026;A150;2486.5;30;2023;01;01 - Doenças preveníveis por imunização e condições sensíveis
4122111928231;410180;20221026;A150;494.76;5;2023;01;01 - Doenças preveníveis por imunização e condições sensíveis
4122111928231;410180;20221026;A150;2607.06;31;2023;01;01 - Doenças preveníveis por imunização e condições sensíveis
4123100281377;412550;20221001;A159;3590.39;31;2023;01;01 - Doenças preveníveis por imunização e condições sensíveis
4123100281377;412550;20221001;A159;18479.61;30;2023;01;01 - Doenças preveníveis por imunização e condições sensíveis
4123100281377;412550;20221001;A159;121.21;2;2023;01;01 - Doenças preveníveis por imunização e condições sensíveis
4123100281377;412550;20221001;A159;25415.96;30;2023;01;01 - Doenças preveníveis por imunização e condições sensíveis
4123100482446;410690;20230220;I694;1034.11;8;2023;02;12 - Doenças cerebrovasculares
4123100482446;410690;20230220;I694;2410.65;31;2023;10;12 - Doenças cerebrovasculares
4123100534190;410690;20230302;I10;2410.65;31;2023;10;09 - Hipertensão
4123100534190;410690;20230302;I10;2293.87;29;2023;03;09 - Hipertensão
4123100651967;410690;20230327;I110;378.42;4;2023;03;09 - Hipertensão
4123100651967;410690;20230327;I110;2382.63;31;2023;10;09 - Hipertensão
4123100687376;410690;20230117;A159;10713.95;14;2023;03;01 - Doenças preveníveis por imunização e condições sensíveis
4123100687376;410690;20230117;A159;5009.08;23;2023;03;01 - Doenças preveníveis por imunização e condições sensíveis
4123100807738;410690;20230502;I694;3307.9;29;2023;05;12 - Doenças cerebrovasculares
4123100807738;410690;20230502;I694;3368.35;31;2023;10;12 - Doenças cerebrovasculares
4123100826834;410690;20230224;I10;3004.5;30;2023;05;09 - Hipertensão
4123100826834;410690;20230224;I10;2979.1;30;2023;05;09 - Hipertensão
4123100826834;410690;20230224;I10;3630.8;35;2023;05;09 - Hipertensão
4123101041851;410690;20230619;I694;3363.68;31;2023;10;12 - Doenças cerebrovasculares
4123101041851;410690;20230619;I694;929.69;11;2023;06;12 - Doenças cerebrovasculares
4123101113220;410690;20230701;I694;2391.97;30;2023;07;12 - Doenças cerebrovasculares
4123101113220;410690;20230701;I694;2391.97;31;2023;10;12 - Doenças cerebrovasculares
4123101162180;410690;20230606;I694;2503.75;24;2023;06;12 - Doenças cerebrovasculares
4123101162180;410690;20230606;I694;2557.68;23;2023;07;12 - Doenças cerebrovasculares
4123101162213;410690;20230523;I694;3004.5;30;2023;09;12 - Doenças cerebrovasculares
4123101162213;410690;20230523;I694;3112.65;31;2023;07;12 - Doenças cerebrovasculares
4123101162213;410690;20230523;I694;3905.85;38;2023;06;12 - Doenças cerebrovasculares
4123101162213;410690;20230523;I694;2603.9;26;2023;10;12 - Doenças cerebrovasculares
4123101162213;410690;20230523;I694;3104.65;31;2023;08;12 - Doenças cerebrovasculares
4123101165348;411950;20230528;J448;3060.02;31;2023;07;08 - Doenças pulmonares
4123101165348;411950;20230528;J448;2577.12;26;2023;10;08 - Doenças pulmonares
4123101165348;411950;20230528;J448;3072.72;31;2023;08;08 - Doenças pulmonares
4123101165348;411950;20230528;J448;3370.08;33;2023;06;08 - Doenças pulmonares
4123101165348;411950;20230528;J448;2973.6;30;2023;09;08 - Doenças pulmonares
4123101250631;410690;20230801;I694;2410.65;30;2023;08;12 - Doenças cerebrovasculares
4123101250631;410690;20230801;I694;2410.65;31;2023;10;12 - Doenças cerebrovasculares
4123101250675;410690;20230801;J438;3355.1;31;2023;10;08 - Doenças pulmonares
4123101250675;410690;20230801;J438;2378.72;30;2023;08;08 - Doenças pulmonares
4123101360169;410690;20230825;I694;551.27;6;2023;08;12 - Doenças cerebrovasculares
4123101360169;410690;20230825;I694;2410.65;31;2023;10;12 - Doenças cerebrovasculares
4123101360180;410690;20230825;I694;2410.65;31;2023;10;12 - Doenças cerebrovasculares
4123101360180;410690;20230825;I694;537.26;6;2023;08;12 - Doenças cerebrovasculares
4123101395644;410690;20230813;J441;623.42;7;2023;09;08 - Doenças pulmonares
4123101395644;410690;20230813;J441;1857.88;18;2023;08;08 - Doenças pulmonares
4123101479662;410690;20230901;G405;2249.62;31;2023;10;14 - Epilepsias
4123101479662;410690;20230901;G405;3132.33;29;2023;09;14 - Epilepsias
4123101479740;410690;20230905;I694;2396.64;31;2023;10;12 - Doenças cerebrovasculares
4123101479740;410690;20230905;I694;2008.88;25;2023;09;12 - Doenças cerebrovasculares
4123101479761;410690;20230914;I694;1298.77;16;2023;09;12 - Doenças cerebrovasculares
4123101479761;410690;20230914;I694;2387.3;31;2023;10;12 - Doenças cerebrovasculares
4123101761174;410690;20230923;I694;1471.85;15;2023;11;12 - Doenças cerebrovasculares
4123101761174;410690;20230923;I694;4049.86;38;2023;11;12 - Doenças cerebrovasculares
4123101783867;410690;20230802;A153;685.08;9;2023;11;01 - Doenças preveníveis por imunização e condições sensíveis
4123101783867;410690;20230802;A153;2683.26;31;2023;11;01 - Doenças preveníveis por imunização e condições sensíveis
4123101783867;410690;20230802;A153;2863.85;30;2023;11;01 - Doenças preveníveis por imunização e condições sensíveis
4123101783867;410690;20230802;A153;3742.03;29;2023;11;01 - Doenças preveníveis por imunização e condições sensíveis
4123101963574;410420;20231122;I110;4009.3;39;2023;12;09 - Hipertensão
4123101963574;410420;20231122;I110;1101.65;11;2024;01;09 - Hipertensão
4123103806470;412810;20231204;G40;988.79;13;2024;05;14 - Epilepsias
4123103806470;412810;20231204;G40;2554.39;31;2024;03;14 - Epilepsias
4123103806470;412810;20231204;G40;2307.19;27;2024;02;14 - Epilepsias
4123103806470;412810;20231204;G40;2389.59;29;2024;04;14 - Epilepsias
4123107053439;410690;20230125;A150;329.84;4;2023;04;01 - Doenças preveníveis por imunização e condições sensíveis
4123107053439;410690;20230125;A150;577.22;6;2023;01;01 - Doenças preveníveis por imunização e condições sensíveis
4123107053439;410690;20230125;A150;2315.23;28;2023;02;01 - Doenças preveníveis por imunização e condições sensíveis
4123107053439;410690;20230125;A150;2556.26;31;2023;03;01 - Doenças preveníveis por imunização e condições sensíveis
4123107053440;410690;20230125;A150;2556.26;31;2023;03;01 - Doenças preveníveis por imunização e condições sensíveis
4123107053440;410690;20230125;A150;2755.19;30;2023;04;01 - Doenças preveníveis por imunização e condições sensíveis
4123107053440;410690;20230125;A150;2556.26;31;2023;05;01 - Doenças preveníveis por imunização e condições sensíveis
4123107053440;410690;20230125;A150;628.02;6;2023;01;01 - Doenças preveníveis por imunização e condições sensíveis
4123107053440;410690;20230125;A150;2473.8;30;2023;06;01 - Doenças preveníveis por imunização e condições sensíveis
4123107053440;410690;20230125;A150;2359.68;28;2023;02;01 - Doenças preveníveis por imunização e condições sensíveis
4123107053440;410690;20230125;A150;2556.26;31;2023;07;01 - Doenças preveníveis por imunização e condições sensíveis
4123107053440;410690;20230125;A150;742.14;9;2023;08;01 - Doenças preveníveis por imunização e condições sensíveis
4123107053461;410120;20230118;A150;2556.26;31;2023;03;01 - Doenças preveníveis por imunização e condições sensíveis
4123107053461;410120;20230118;A150;2321.58;28;2023;02;01 - Doenças preveníveis por imunização e condições sensíveis
4123107053461;410120;20230118;A150;2556.26;31;2023;05;01 - Doenças preveníveis por imunização e condições sensíveis
4123107053461;410120;20230118;A150;329.84;5;2023;07;01 - Doenças preveníveis por imunização e condições sensíveis
4123107053461;410120;20230118;A150;2473.8;30;2023;06;01 - Doenças preveníveis por imunização e condições sensíveis
4123107053461;410120;20230118;A150;2473.8;30;2023;04;01 - Doenças preveníveis por imunização e condições sensíveis
4123107053461;410120;20230118;A150;1160.79;13;2023;01;01 - Doenças preveníveis por imunização e condições sensíveis
4123107053472;412625;20230121;A150;907.06;10;2023;01;01 - Doenças preveníveis por imunização e condições sensíveis
4123107053472;412625;20230121;A150;2556.26;31;2023;03;01 - Doenças preveníveis por imunização e condições sensíveis
4123107053472;412625;20230121;A150;1622.91;18;2023;04;01 - Doenças preveníveis por imunização e condições sensíveis
4123107053472;412625;20230121;A150;2327.93;28;2023;02;01 - Doenças preveníveis por imunização e condições sensíveis
4123107053483;411990;20230113;A150;2556.26;31;2023;03;01 - Doenças preveníveis por imunização e condições sensíveis
4123107053483;411990;20230113;A150;1683.21;18;2023;04;01 - Doenças preveníveis por imunização e condições sensíveis
4123107053483;411990;20230113;A150;2327.93;28;2023;02;01 - Doenças preveníveis por imunização e condições sensíveis
4123107053483;411990;20230113;A150;1573.09;18;2023;01;01 - Doenças preveníveis por imunização e condições sensíveis
4123107061590;410690;20230103;A150;2985.95;28;2023;02;01 - Doenças preveníveis por imunização e condições sensíveis
4123107061590;410690;20230103;A150;321.5;4;2023;02;01 - Doenças preveníveis por imunização e condições sensíveis
4123107061623;412550;20230120;A150;1402.04;11;2023;02;01 - Doenças preveníveis por imunização e condições sensíveis
4123107061623;412550;20230120;A150;279.13;3;2023;02;01 - Doenças preveníveis por imunização e condições sensíveis
4123107061931;411570;20230118;A150;564.61;7;2023;05;01 - Doenças preveníveis por imunização e condições sensíveis
4123107061931;411570;20230118;A150;1455.34;13;2023;05;01 - Doenças preveníveis por imunização e condições sensíveis
4123107062129;410180;20230121;A150;1229.81;10;2023;03;01 - Doenças preveníveis por imunização e condições sensíveis
4123107062129;410180;20230121;A150;1306.84;14;2023;03;01 - Doenças preveníveis por imunização e condições sensíveis
4123107062206;411570;20230117;A150;2004.2;14;2023;04;01 - Doenças preveníveis por imunização e condições sensíveis
4123107062206;411570;20230117;A150;95.16;2;2023;04;01 - Doenças preveníveis por imunização e condições sensíveis
4123107062206;411570;20230117;A150;3233.65;28;2023;04;01 - Doenças preveníveis por imunização e condições sensíveis
4123107062272;410180;20230207;A150;2232.97;21;2023;03;01 - Doenças preveníveis por imunização e condições sensíveis
4123107062272;410180;20230207;A150;678.42;7;2023;03;01 - Doenças preveníveis por imunização e condições sensíveis
4123107062426;410690;20230131;A192;95.16;0;2023;04;01 - Doenças preveníveis por imunização e condições sensíveis
4123107062426;410690;20230131;A192;3150.07;28;2023;04;01 - Doenças preveníveis por imunização e condições sensíveis
4123107062426;410690;20230131;A192;2005.49;13;2023;04;01 - Doenças preveníveis por imunização e condições sensíveis
4123107062492;410690;20230225;A150;585.91;3;2023;03;01 - Doenças preveníveis por imunização e condições sensíveis
4123107062492;410690;20230225;A150;1452.8;16;2023;03;01 - Doenças preveníveis por imunização e condições sensíveis
4123107620203;411320;20230202;A150;2251.82;26;2023;02;01 - Doenças preveníveis por imunização e condições sensíveis
4123107620203;411320;20230202;A150;2556.26;31;2023;05;01 - Doenças preveníveis por imunização e condições sensíveis
4123107620203;411320;20230202;A150;2473.8;30;2023;06;01 - Doenças preveníveis por imunização e condições sensíveis
4123107620203;411320;20230202;A150;824.6;11;2023;07;01 - Doenças preveníveis por imunização e condições sensíveis
4123107620203;411320;20230202;A150;2473.8;30;2023;04;01 - Doenças preveníveis por imunização e condições sensíveis
4123107620203;411320;20230202;A150;2556.26;31;2023;03;01 - Doenças preveníveis por imunização e condições sensíveis
4123107620214;410120;20230202;A150;82.46;1;2023;03;01 - Doenças preveníveis por imunização e condições sensíveis
4123107620214;410120;20230202;A150;2458.15;26;2023;02;01 - Doenças preveníveis por imunização e condições sensíveis
4123107620225;412710;20230202;A150;2556.26;31;2023;03;01 - Doenças preveníveis por imunização e condições sensíveis
4123107620225;412710;20230202;A150;2308.88;29;2023;06;01 - Doenças preveníveis por imunização e condições sensíveis
4123107620225;412710;20230202;A150;2556.26;31;2023;05;01 - Doenças preveníveis por imunização e condições sensíveis
4123107620225;412710;20230202;A150;2239.12;26;2023;02;01 - Doenças preveníveis por imunização e condições sensíveis
4123107620225;412710;20230202;A150;2486.5;30;2023;04;01 - Doenças preveníveis por imunização e condições sensíveis
4123107620247;412550;20230203;A150;164.92;2;2023;03;01 - Doenças preveníveis por imunização e condições sensíveis
4123107620247;412550;20230203;A150;2188.41;25;2023;02;01 - Doenças preveníveis por imunização e condições sensíveis
4123107620258;410180;20230214;A150;2562.61;31;2023;07;01 - Doenças preveníveis por imunização e condições sensíveis
4123107620258;410180;20230214;A150;2893.82;30;2023;04;01 - Doenças preveníveis por imunização e condições sensíveis
4123107620258;410180;20230214;A150;2480.15;30;2023;06;01 - Doenças preveníveis por imunização e condições sensíveis
4123107620258;410180;20230214;A150;2473.8;30;2023;09;01 - Doenças preveníveis por imunização e condições sensíveis
4123107620258;410180;20230214;A150;2556.26;31;2023;05;01 - Doenças preveníveis por imunização e condições sensíveis
4123107620258;410180;20230214;A150;2556.26;31;2023;03;01 - Doenças preveníveis por imunização e condições sensíveis
4123107620258;410180;20230214;A150;1249.6;14;2023;02;01 - Doenças preveníveis por imunização e condições sensíveis
4123107620258;410180;20230214;A150;1236.9;16;2023;10;01 - Doenças preveníveis por imunização e condições sensíveis
4123107620258;410180;20230214;A150;2562.61;31;2023;08;01 - Doenças preveníveis por imunização e condições sensíveis
4123107620269;410940;20230217;A150;2556.26;31;2023;07;01 - Doenças preveníveis por imunização e condições sensíveis
4123107620269;410940;20230217;A150;2556.26;31;2023;03;01 - Doenças preveníveis por imunização e condições sensíveis
4123107620269;410940;20230217;A150;1979.04;24;2023;08;01 - Doenças preveníveis por imunização e condições sensíveis
4123107620269;410940;20230217;A150;995.87;11;2023;02;01 - Doenças preveníveis por imunização e condições sensíveis
4123107620269;410940;20230217;A150;2473.8;30;2023;06;01 - Doenças preveníveis por imunização e condições sensíveis
4123107620269;410940;20230217;A150;2911.72;30;2023;04;01 - Doenças preveníveis por imunização e condições sensíveis
4123107620269;410940;20230217;A150;2556.26;31;2023;05;01 - Doenças preveníveis por imunização e condições sensíveis
4123107620270;411820;20230217;A150;1484.28;18;2023;03;01 - Doenças preveníveis por imunização e condições sensíveis
4123107620270;411820;20230217;A150;995.87;11;2023;02;01 - Doenças preveníveis por imunização e condições sensíveis
4123107620280;410180;20230221;A150;659.68;7;2023;02;01 - Doenças preveníveis por imunização e condições sensíveis
4123107620280;410180;20230221;A150;2556.26;31;2023;03;01 - Doenças preveníveis por imunização e condições sensíveis
4123107620280;410180;20230221;A150;1566.74;20;2023;04;01 - Doenças preveníveis por imunização e condições sensíveis
4123107621303;412550;20230212;A150;260.08;3;2023;03;01 - Doenças preveníveis por imunização e condições sensíveis
4123107621303;412550;20230212;A150;1904.62;16;2023;03;01 - Doenças preveníveis por imunização e condições sensíveis
4123107628596;410690;20230331;A150;88.81;0;2023;06;01 - Doenças preveníveis por imunização e condições sensíveis
4123107628596;410690;20230331;A150;1802.28;19;2023;06;01 - Doenças preveníveis por imunização e condições sensíveis
4123107628959;410690;20230226;A150;409.19;2;2023;05;01 - Doenças preveníveis por imunização e condições sensíveis
4123107628959;410690;20230226;A150;2943.61;31;2023;05;01 - Doenças preveníveis por imunização e condições sensíveis
4123107628959;410690;20230226;A150;2470.96;25;2023;05;01 - Doenças preveníveis por imunização e condições sensíveis
4123108131274;410610;20230306;A150;2143.96;25;2023;03;01 - Doenças preveníveis por imunização e condições sensíveis
4123108131274;410610;20230306;A150;995.87;13;2023;05;01 - Doenças preveníveis por imunização e condições sensíveis
4123108131274;410610;20230306;A150;2480.15;30;2023;04;01 - Doenças preveníveis por imunização e condições sensíveis
4123108131285;410690;20230316;A150;2473.8;30;2023;04;01 - Doenças preveníveis por imunização e condições sensíveis
4123108131285;410690;20230316;A150;1319.36;15;2023;03;01 - Doenças preveníveis por imunização e condições sensíveis
4123108131285;410690;20230316;A150;2308.88;29;2023;05;01 - Doenças preveníveis por imunização e condições sensíveis
4123108131296;412470;20230311;A150;1731.66;20;2023;03;01 - Doenças preveníveis por imunização e condições sensíveis
4123108131296;412470;20230311;A150;2156.66;27;2023;04;01 - Doenças preveníveis por imunização e condições sensíveis
4123108131307;412550;20230314;A150;2480.15;30;2023;06;01 - Doenças preveníveis por imunização e condições sensíveis
4123108131307;412550;20230314;A150;1484.28;17;2023;03;01 - Doenças preveníveis por imunização e condições sensíveis
4123108131307;412550;20230314;A150;2480.15;30;2023;04;01 - Doenças preveníveis por imunização e condições sensíveis
4123108131307;412550;20230314;A150;1731.66;22;2023;07;01 - Doenças preveníveis por imunização e condições sensíveis
4123108131307;412550;20230314;A150;2556.26;31;2023;05;01 - Doenças preveníveis por imunização e condições sensíveis
4123108131318;410940;20230325;A150;577.22;6;2023;03;01 - Doenças preveníveis por imunização e condições sensíveis
4123108131318;410940;20230325;A150;2540.45;29;2023;04;01 - Doenças preveníveis por imunização e condições sensíveis
4123108131329;411820;20230314;A150;1484.28;17;2023;03;01 - Doenças preveníveis por imunização e condições sensíveis
4123108131329;411820;20230314;A150;1579.44;20;2023;04;01 - Doenças preveníveis por imunização e condições sensíveis
4123108131330;411410;20230325;A150;247.38;4;2023;08;01 - Doenças preveníveis por imunização e condições sensíveis
4123108131330;411410;20230325;A150;2562.61;31;2023;07;01 - Doenças preveníveis por imunização e condições sensíveis
4123108131330;411410;20230325;A150;2473.8;30;2023;06;01 - Doenças preveníveis por imunização e condições sensíveis
4123108131330;411410;20230325;A150;2590.29;30;2023;04;01 - Doenças preveníveis por imunização e condições sensíveis
4123108131330;411410;20230325;A150;577.22;6;2023;03;01 - Doenças preveníveis por imunização e condições sensíveis
4123108131330;411410;20230325;A150;2562.61;31;2023;05;01 - Doenças preveníveis por imunização e condições sensíveis
4123108131340;411150;20230325;A150;2492.85;31;2023;05;01 - Doenças preveníveis por imunização e condições sensíveis
4123108131340;411150;20230325;A150;2735.27;30;2023;04;01 - Doenças preveníveis por imunização e condições sensíveis
4123108131340;411150;20230325;A150;577.22;6;2023;03;01 - Doenças preveníveis por imunização e condições sensíveis
4123108139689;410690;20230429;A150;1271.98;12;2023;07;01 - Doenças preveníveis por imunização e condições sensíveis
4123108139689;410690;20230429;A150;178.62;1;2023;07;01 - Doenças preveníveis por imunização e condições sensíveis
4123108139799;410690;20230412;A150;1611.19;18;2023;05;01 - Doenças preveníveis por imunização e condições sensíveis
4123108139799;410690;20230412;A150;1312.91;15;2023;05;01 - Doenças preveníveis por imunização e condições sensíveis
4123108140250;410690;20230427;A150;3283.22;31;2023;06;01 - Doenças preveníveis por imunização e condições sensíveis
4123108140250;410690;20230427;A150;628.19;3;2023;06;01 - Doenças preveníveis por imunização e condições sensíveis
4123108140250;410690;20230427;A150;1089.13;12;2023;06;01 - Doenças preveníveis por imunização e condições sensíveis
4123108654049;410690;20230404;A150;2562.61;31;2023;08;01 - Doenças preveníveis por imunização e condições sensíveis
4123108654049;410690;20230404;A150;2232.77;26;2023;04;01 - Doenças preveníveis por imunização e condições sensíveis
4123108654049;410690;20230404;A150;2556.26;31;2023;07;01 - Doenças preveníveis por imunização e condições sensíveis
4123108654049;410690;20230404;A150;1154.44;15;2023;09;01 - Doenças preveníveis por imunização e condições sensíveis
4123108654049;410690;20230404;A150;2556.26;31;2023;05;01 - Doenças preveníveis por imunização e condições sensíveis
4123108654049;410690;20230404;A150;2480.15;30;2023;06;01 - Doenças preveníveis por imunização e condições sensíveis
4123108654050;410690;20230407;A150;2556.26;31;2023;05;01 - Doenças preveníveis por imunização e condições sensíveis
4123108654050;410690;20230407;A150;88.81;2;2023;06;01 - Doenças preveníveis por imunização e condições sensíveis
4123108654050;410690;20230407;A150;2128.15;23;2023;04;01 - Doenças preveníveis por imunização e condições sensíveis
4123108654060;411820;20230410;A150;2562.61;31;2023;05;01 - Doenças preveníveis por imunização e condições sensíveis
4123108654060;411820;20230410;A150;2473.8;30;2023;06;01 - Doenças preveníveis por imunização e condições sensíveis
4123108654060;411820;20230410;A150;1744.36;20;2023;04;01 - Doenças preveníveis por imunização e condições sensíveis
4123108654060;411820;20230410;A150;2556.26;31;2023;07;01 - Doenças preveníveis por imunização e condições sensíveis
4123108654060;411820;20230410;A150;659.68;9;2023;08;01 - Doenças preveníveis por imunização e condições sensíveis
4123108654071;410690;20230411;A150;1798.31;19;2023;04;01 - Doenças preveníveis por imunização e condições sensíveis
4123108654071;410690;20230411;A150;1401.82;18;2023;07;01 - Doenças preveníveis por imunização e condições sensíveis
4123108654071;410690;20230411;A150;2480.15;30;2023;06;01 - Doenças preveníveis por imunização e condições sensíveis
4123108654071;410690;20230411;A150;2556.26;31;2023;05;01 - Doenças preveníveis por imunização e condições sensíveis
4123108654082;412625;20230423;A150;2556.26;31;2023;05;01 - Doenças preveníveis por imunização e condições sensíveis
4123108654082;412625;20230423;A150;164.92;3;2023;10;01 - Doenças preveníveis por imunização e condições sensíveis
4123108654082;412625;20230423;A150;798.31;7;2023;04;01 - Doenças preveníveis por imunização e condições sensíveis
4123108654082;412625;20230423;A150;2480.15;30;2023;06;01 - Doenças preveníveis por imunização e condições sensíveis
4123108654082;412625;20230423;A150;2473.8;30;2023;09;01 - Doenças preveníveis por imunização e condições sensíveis
4123108654082;412625;20230423;A150;2562.61;31;2023;07;01 - Doenças preveníveis por imunização e condições sensíveis
4123108654082;412625;20230423;A150;2562.61;31;2023;08;01 - Doenças preveníveis por imunização e condições sensíveis
4123108654093;412625;20230421;A150;2556.26;31;2023;05;01 - Doenças preveníveis por imunização e condições sensíveis
4123108654093;412625;20230421;A150;2480.15;30;2023;06;01 - Doenças preveníveis por imunização e condições sensíveis
4123108654093;412625;20230421;A150;824.6;9;2023;04;01 - Doenças preveníveis por imunização e condições sensíveis
4123108654093;412625;20230421;A150;1566.74;20;2023;07;01 - Doenças preveníveis por imunização e condições sensíveis
4123108654104;411320;20230425;A150;2473.8;30;2023;09;01 - Doenças preveníveis por imunização e condições sensíveis
4123108654104;411320;20230425;A150;1236.9;16;2023;10;01 - Doenças preveníveis por imunização e condições sensíveis
4123108654104;411320;20230425;A150;2556.26;31;2023;08;01 - Doenças preveníveis por imunização e condições sensíveis
4123108654104;411320;20230425;A150;2556.26;31;2023;07;01 - Doenças preveníveis por imunização e condições sensíveis
4123108654104;411320;20230425;A150;2556.26;31;2023;05;01 - Doenças preveníveis por imunização e condições sensíveis
4123108654104;411320;20230425;A150;2480.15;30;2023;06;01 - Doenças preveníveis por imunização e condições sensíveis
4123108654104;411320;20230425;A150;494.76;5;2023;04;01 - Doenças preveníveis por imunização e condições sensíveis
4123108654115;410690;20230428;A150;907.06;12;2023;10;01 - Doenças preveníveis por imunização e condições sensíveis
4123108654115;410690;20230428;A150;2568.96;31;2023;07;01 - Doenças preveníveis por imunização e condições sensíveis
4123108654115;410690;20230428;A150;2473.8;30;2023;09;01 - Doenças preveníveis por imunização e condições sensíveis
4123108654115;410690;20230428;A150;2562.61;31;2023;05;01 - Doenças preveníveis por imunização e condições sensíveis
4123108654115;410690;20230428;A150;2473.8;30;2023;06;01 - Doenças preveníveis por imunização e condições sensíveis
4123108654115;410690;20230428;A150;2568.96;31;2023;08;01 - Doenças preveníveis por imunização e condições sensíveis
4123108654115;410690;20230428;A150;247.38;2;2023;04;01 - Doenças preveníveis por imunização e condições sensíveis
4123109187307;411370;20230512;A150;2556.26;31;2023;07;01 - Doenças preveníveis por imunização e condições sensíveis
4123109187307;411370;20230512;A150;2473.8;30;2023;09;01 - Doenças preveníveis por imunização e condições sensíveis
4123109187307;411370;20230512;A150;2556.26;31;2023;10;01 - Doenças preveníveis por imunização e condições sensíveis
4123109187307;411370;20230512;A150;1872.36;19;2023;05;01 - Doenças preveníveis por imunização e condições sensíveis
4123109187307;411370;20230512;A150;1154.44;15;2023;12;01 - Doenças preveníveis por imunização e condições sensíveis
4123109187307;411370;20230512;A150;2556.26;31;2023;08;01 - Doenças preveníveis por imunização e condições sensíveis
4123109187307;411370;20230512;A150;2473.8;30;2023;11;01 - Doenças preveníveis por imunização e condições sensíveis
4123109187307;411370;20230512;A150;2473.8;30;2023;06;01 - Doenças preveníveis por imunização e condições sensíveis
4123109187318;412170;20230503;A150;2666.38;28;2023;05;01 - Doenças preveníveis por imunização e condições sensíveis
4123109187318;412170;20230503;A150;2556.26;31;2023;07;01 - Doenças preveníveis por imunização e condições sensíveis
4123109187318;412170;20230503;A150;1236.9;16;2023;10;01 - Doenças preveníveis por imunização e condições sensíveis
4123109187318;412170;20230503;A150;2480.15;30;2023;06;01 - Doenças preveníveis por imunização e condições sensíveis
4123109187318;412170;20230503;A150;2562.61;31;2023;08;01 - Doenças preveníveis por imunização e condições sensíveis
4123109187318;412170;20230503;A150;2473.8;30;2023;09;01 - Doenças preveníveis por imunização e condições sensíveis
4123109187329;410690;20230515;A150;2556.26;31;2023;08;01 - Doenças preveníveis por imunização e condições sensíveis
4123109187329;410690;20230515;A150;2473.8;30;2023;09;01 - Doenças preveníveis por imunização e condições sensíveis
4123109187329;410690;20230515;A150;2480.15;30;2023;06;01 - Doenças preveníveis por imunização e condições sensíveis
4123109187329;410690;20230515;A150;2061.5;26;2023;10;01 - Doenças preveníveis por imunização e condições sensíveis
4123109187329;410690;20230515;A150;2562.61;31;2023;07;01 - Doenças preveníveis por imunização e condições sensíveis
4123109187329;410690;20230515;A150;1401.82;16;2023;05;01 - Doenças preveníveis por imunização e condições sensíveis
4123109187330;410620;20230519;A150;1071.98;12;2023;05;01 - Doenças preveníveis por imunização e condições sensíveis
4123109187330;410620;20230519;A150;1325.71;17;2023;06;01 - Doenças preveníveis por imunização e condições sensíveis
4123109187340;410690;20230523;A150;82.46;1;2023;06;01 - Doenças preveníveis por imunização e condições sensíveis
4123109187340;410690;20230523;A150;935.7;8;2023;05;01 - Doenças preveníveis por imunização e condições sensíveis
4123109187351;410580;20230525;A150;2486.5;30;2023;06;01 - Doenças preveníveis por imunização e condições sensíveis
4123109187351;410580;20230525;A150;713.63;6;2023;05;01 - Doenças preveníveis por imunização e condições sensíveis
4123109187351;410580;20230525;A150;2473.8;30;2023;09;01 - Doenças preveníveis por imunização e condições sensíveis
4123109187351;410580;20230525;A150;577.22;8;2023;11;01 - Doenças preveníveis por imunização e condições sensíveis
4123109187351;410580;20230525;A150;2562.61;31;2023;07;01 - Doenças preveníveis por imunização e condições sensíveis
4123109187351;410580;20230525;A150;2562.61;31;2023;08;01 - Doenças preveníveis por imunização e condições sensíveis
4123109187351;410580;20230525;A150;2562.61;31;2023;10;01 - Doenças preveníveis por imunização e condições sensíveis
4123109187362;410180;20230525;A150;2473.8;30;2023;09;01 - Doenças preveníveis por imunização e condições sensíveis
4123109187362;410180;20230525;A150;2556.26;31;2023;10;01 - Doenças preveníveis por imunização e condições sensíveis
4123109187362;410180;20230525;A150;2480.15;30;2023;11;01 - Doenças preveníveis por imunização e condições sensíveis
4123109187362;410180;20230525;A150;1071.98;14;2023;12;01 - Doenças preveníveis por imunização e condições sensíveis
4123109187362;410180;20230525;A150;2562.61;31;2023;08;01 - Doenças preveníveis por imunização e condições sensíveis
4123109187362;410180;20230525;A150;852.26;6;2023;05;01 - Doenças preveníveis por imunização e condições sensíveis
4123109187362;410180;20230525;A150;2480.15;30;2023;06;01 - Doenças preveníveis por imunização e condições sensíveis
4123109187362;410180;20230525;A150;2556.26;31;2023;07;01 - Doenças preveníveis por imunização e condições sensíveis
4123109187373;410690;20230531;A150;82.46;0;2023;05;01 - Doenças preveníveis por imunização e condições sensíveis
4123109187373;410690;20230531;A150;1579.44;20;2023;06;01 - Doenças preveníveis por imunização e condições sensíveis
4123109195579;410690;20230606;A153;2895.12;24;2023;07;01 - Doenças preveníveis por imunização e condições sensíveis
4123109195579;410690;20230606;A153;423.1;5;2023;07;01 - Doenças preveníveis por imunização e condições sensíveis
4123109195722;410690;20230518;A150;2854.3;30;2023;07;01 - Doenças preveníveis por imunização e condições sensíveis
4123109195722;410690;20230518;A150;1072.07;13;2023;07;01 - Doenças preveníveis por imunização e condições sensíveis
4123109195722;410690;20230518;A150;1542.64;13;2023;07;01 - Doenças preveníveis por imunização e condições sensíveis
4123109195755;410690;20230520;A150;1122.87;11;2023;07;01 - Doenças preveníveis por imunização e condições sensíveis
4123109195755;410690;20230520;A150;2853.6;30;2023;07;01 - Doenças preveníveis por imunização e condições sensíveis
4123109195755;410690;20230520;A150;945.25;11;2023;07;01 - Doenças preveníveis por imunização e condições sensíveis
4123109195799;410690;20230627;A159;1208.48;12;2023;07;01 - Doenças preveníveis por imunização e condições sensíveis
4123109195799;410690;20230627;A159;492.65;3;2023;07;01 - Doenças preveníveis por imunização e condições sensíveis
4123109196173;410690;20230728;A150;285.48;4;2023;08;01 - Doenças preveníveis por imunização e condições sensíveis
4123109196173;410690;20230728;A150;355.24;3;2023;08;01 - Doenças preveníveis por imunização e condições sensíveis
4123109196184;410690;20230727;A150;595.2;4;2023;08;01 - Doenças preveníveis por imunização e condições sensíveis
4123109196184;410690;20230727;A150;291.83;4;2023;08;01 - Doenças preveníveis por imunização e condições sensíveis
4123109196206;410580;20230607;A178;1065.72;12;2023;09;01 - Doenças preveníveis por imunização e condições sensíveis
4123109196206;410580;20230607;A178;2996.86;31;2023;09;01 - Doenças preveníveis por imunização e condições sensíveis
4123109196206;410580;20230607;A178;2330.48;23;2023;09;01 - Doenças preveníveis por imunização e condições sensíveis
4123109196217;410690;20230614;A150;748.58;9;2023;08;01 - Doenças preveníveis por imunização e condições sensíveis
4123109196217;410690;20230614;A150;3529.3;31;2023;08;01 - Doenças preveníveis por imunização e condições sensíveis
4123109196217;410690;20230614;A150;1554.22;16;2023;08;01 - Doenças preveníveis por imunização e condições sensíveis
4123109724019;411320;20230602;A150;2562.61;31;2023;07;01 - Doenças preveníveis por imunização e condições sensíveis
4123109724019;411320;20230602;A150;2875.97;28;2023;06;01 - Doenças preveníveis por imunização e condições sensíveis
4123109724020;410560;20230605;A150;2473.8;30;2023;09;01 - Doenças preveníveis por imunização e condições sensíveis
4123109724020;410560;20230605;A150;2562.61;31;2023;08;01 - Doenças preveníveis por imunização e condições sensíveis
4123109724020;410560;20230605;A150;2293.07;25;2023;06;01 - Doenças preveníveis por imunização e condições sensíveis
4123109724020;410560;20230605;A150;659.68;9;2023;11;01 - Doenças preveníveis por imunização e condições sensíveis
4123109724020;410560;20230605;A150;2562.61;31;2023;10;01 - Doenças preveníveis por imunização e condições sensíveis
4123109724020;410560;20230605;A150;2562.61;31;2023;07;01 - Doenças preveníveis por imunização e condições sensíveis
4123109724030;410690;20230609;A150;2308.88;29;2023;09;01 - Doenças preveníveis por imunização e condições sensíveis
4123109724030;410690;20230609;A150;2556.26;31;2023;07;01 - Doenças preveníveis por imunização e condições sensíveis
4123109724030;410690;20230609;A150;1956.88;21;2023;06;01 - Doenças preveníveis por imunização e condições sensíveis
4123109724030;410690;20230609;A150;2562.61;31;2023;08;01 - Doenças preveníveis por imunização e condições sensíveis
4123109724041;411370;20230627;A150;893.53;8;2023;08;01 - Doenças preveníveis por imunização e condições sensíveis
4123109724041;411370;20230627;A150;2556.26;31;2023;07;01 - Doenças preveníveis por imunização e condições sensíveis
4123109724041;411370;20230627;A150;336.19;3;2023;06;01 - Doenças preveníveis por imunização e condições sensíveis
4123109724052;410690;20230612;A150;2562.61;31;2023;08;01 - Doenças preveníveis por imunização e condições sensíveis
4123109724052;410690;20230612;A150;2391.34;29;2023;09;01 - Doenças preveníveis por imunização e condições sensíveis
4123109724052;410690;20230612;A150;2568.96;31;2023;07;01 - Doenças preveníveis por imunização e condições sensíveis
4123109724052;410690;20230612;A150;1579.44;18;2023;06;01 - Doenças preveníveis por imunização e condições sensíveis
4123109724063;410690;20230627;A150;2061.5;26;2023;10;01 - Doenças preveníveis por imunização e condições sensíveis
4123109724063;410690;20230627;A150;2556.26;31;2023;07;01 - Doenças preveníveis por imunização e condições sensíveis
4123109724063;410690;20230627;A150;2473.8;30;2023;09;01 - Doenças preveníveis por imunização e condições sensíveis
4123109724063;410690;20230627;A150;2568.96;31;2023;08;01 - Doenças preveníveis por imunização e condições sensíveis
4123109724063;410690;20230627;A150;336.19;3;2023;06;01 - Doenças preveníveis por imunização e condições sensíveis
4123109724074;410690;20230613;A150;1236.9;16;2023;10;01 - Doenças preveníveis por imunização e condições sensíveis
4123109724074;410690;20230613;A150;1484.28;17;2023;06;01 - Doenças preveníveis por imunização e condições sensíveis
4123109724074;410690;20230613;A150;2556.26;31;2023;08;01 - Doenças preveníveis por imunização e condições sensíveis
4123109724074;410690;20230613;A150;2473.8;30;2023;09;01 - Doenças preveníveis por imunização e condições sensíveis
4123109724074;410690;20230613;A150;2556.26;31;2023;07;01 - Doenças preveníveis por imunização e condições sensíveis
4123109724085;410940;20230627;A150;2568.96;31;2023;08;01 - Doenças preveníveis por imunização e condições sensíveis
4123109724085;410940;20230627;A150;2568.96;31;2023;07;01 - Doenças preveníveis por imunização e condições sensíveis
4123109724085;410940;20230627;A150;2473.8;30;2023;09;01 - Doenças preveníveis por imunização e condições sensíveis
4123109724085;410940;20230627;A150;824.6;11;2023;10;01 - Doenças preveníveis por imunização e condições sensíveis
4123109724085;410940;20230627;A150;336.19;3;2023;06;01 - Doenças preveníveis por imunização e condições sensíveis
4123109724096;410690;20230628;A150;2562.61;31;2023;08;01 - Doenças preveníveis por imunização e condições sensíveis
4123109724096;410690;20230628;A150;2562.61;31;2023;07;01 - Doenças preveníveis por imunização e condições sensíveis
4123109724096;410690;20230628;A150;1236.9;16;2023;09;01 - Doenças preveníveis por imunização e condições sensíveis
4123109724096;410690;20230628;A150;253.73;2;2023;06;01 - Doenças preveníveis por imunização e condições sensíveis
4123109724107;410690;20230618;A150;412.3;6;2023;09;01 - Doenças preveníveis por imunização e condições sensíveis
4123109724107;410690;20230618;A150;2562.61;31;2023;08;01 - Doenças preveníveis por imunização e condições sensíveis
4123109724107;410690;20230618;A150;2556.26;31;2023;07;01 - Doenças preveníveis por imunização e condições sensíveis
4123109724107;410690;20230618;A150;1084.68;12;2023;06;01 - Doenças preveníveis por imunização e condições sensíveis
4123109725130;411990;20230701;A150;2562.61;31;2023;10;01 - Doenças preveníveis por imunização e condições sensíveis
4123109725130;411990;20230701;A150;2575.31;31;2023;08;01 - Doenças preveníveis por imunização e condições sensíveis
4123109725130;411990;20230701;A150;2473.8;30;2023;11;01 - Doenças preveníveis por imunização e condições sensíveis
4123109725130;411990;20230701;A150;2562.61;30;2023;07;01 - Doenças preveníveis por imunização e condições sensíveis
4123109725130;411990;20230701;A150;2473.8;30;2023;09;01 - Doenças preveníveis por imunização e condições sensíveis
4123109725130;411990;20230701;A150;1154.44;15;2023;12;01 - Doenças preveníveis por imunização e condições sensíveis
4123109725141;410480;20230702;A150;2480.15;30;2023;11;01 - Doenças preveníveis por imunização e condições sensíveis
4123109725141;410480;20230702;A150;2473.8;29;2023;07;01 - Doenças preveníveis por imunização e condições sensíveis
4123109725141;410480;20230702;A150;1874.42;21;2024;03;01 - Doenças preveníveis por imunização e condições sensíveis
4123109725141;410480;20230702;A150;2556.26;31;2023;10;01 - Doenças preveníveis por imunização e condições sensíveis
4123109725141;410480;20230702;A150;2620.26;31;2023;12;01 - Doenças preveníveis por imunização e condições sensíveis
4123109725141;410480;20230702;A150;2692.67;31;2024;01;01 - Doenças preveníveis por imunização e condições sensíveis
4123109725141;410480;20230702;A150;2404.04;29;2024;02;01 - Doenças preveníveis por imunização e condições sensíveis
4123109725141;410480;20230702;A150;2473.8;30;2023;09;01 - Doenças preveníveis por imunização e condições sensíveis
4123109725141;410480;20230702;A150;2562.61;31;2023;08;01 - Doenças preveníveis por imunização e condições sensíveis
4123109725152;410690;20230712;A150;1655.55;21;2023;12;01 - Doenças preveníveis por imunização e condições sensíveis
4123109725152;410690;20230712;A150;2568.96;31;2023;10;01 - Doenças preveníveis por imunização e condições sensíveis
4123109725152;410690;20230712;A150;2473.8;30;2023;09;01 - Doenças preveníveis por imunização e condições sensíveis
4123109725152;410690;20230712;A150;2562.61;31;2023;08;01 - Doenças preveníveis por imunização e condições sensíveis
4123109725152;410690;20230712;A150;1661.9;19;2023;07;01 - Doenças preveníveis por imunização e condições sensíveis
4123109725152;410690;20230712;A150;2486.5;30;2023;11;01 - Doenças preveníveis por imunização e condições sensíveis
4123109725163;410690;20230715;A150;2556.26;31;2023;12;01 - Doenças preveníveis por imunização e condições sensíveis
4123109725163;410690;20230715;A150;2556.26;31;2023;10;01 - Doenças preveníveis por imunização e condições sensíveis
4123109725163;410690;20230715;A150;2473.8;30;2023;09;01 - Doenças preveníveis por imunização e condições sensíveis
4123109725163;410690;20230715;A150;1408.17;16;2023;07;01 - Doenças preveníveis por imunização e condições sensíveis
4123109725163;410690;20230715;A150;2562.61;31;2023;08;01 - Doenças preveníveis por imunização e condições sensíveis
4123109725163;410690;20230715;A150;2473.8;30;2023;11;01 - Doenças preveníveis por imunização e condições sensíveis
4123109725163;410690;20230715;A150;164.92;3;2024;01;01 - Doenças preveníveis por imunização e condições sensíveis
4123109725174;410690;20230719;A150;907.06;12;2023;08;01 - Doenças preveníveis por imunização e condições sensíveis
4123109725174;410690;20230719;A150;1078.33;12;2023;07;01 - Doenças preveníveis por imunização e condições sensíveis
4123109725185;410620;20230719;A150;1071.98;12;2023;07;01 - Doenças preveníveis por imunização e condições sensíveis
4123109725185;410620;20230719;A150;1896.58;23;2023;09;01 - Doenças preveníveis por imunização e condições sensíveis
4123109725185;410620;20230719;A150;2562.61;31;2023;08;01 - Doenças preveníveis por imunização e condições sensíveis
4123109725196;410960;20230725;A150;2562.61;31;2023;08;01 - Doenças preveníveis por imunização e condições sensíveis
4123109725196;410960;20230725;A150;2556.26;31;2023;10;01 - Doenças preveníveis por imunização e condições sensíveis
4123109725196;410960;20230725;A150;2097.73;23;2023;11;01 - Doenças preveníveis por imunização e condições sensíveis
4123109725196;410960;20230725;A150;2473.8;30;2023;09;01 - Doenças preveníveis por imunização e condições sensíveis
4123109725196;410960;20230725;A150;577.22;6;2023;07;01 - Doenças preveníveis por imunização e condições sensíveis
4123109725207;410690;20230726;A150;1388.23;16;2023;08;01 - Doenças preveníveis por imunização e condições sensíveis
4123109725207;410690;20230726;A150;501.11;5;2023;07;01 - Doenças preveníveis por imunização e condições sensíveis
4123109725218;410690;20230726;A150;2473.8;30;2023;09;01 - Doenças preveníveis por imunização e condições sensíveis
4123109725218;410690;20230726;A150;2562.61;31;2023;08;01 - Doenças preveníveis por imunização e condições sensíveis
4123109725218;410690;20230726;A150;501.11;5;2023;07;01 - Doenças preveníveis por imunização e condições sensíveis
4123109725218;410690;20230726;A150;2699.02;31;2023;10;01 - Doenças preveníveis por imunização e condições sensíveis
4123109725218;410690;20230726;A150;1814.12;23;2023;11;01 - Doenças preveníveis por imunização e condições sensíveis
4123109725229;410690;20230726;A150;301.33;3;2023;11;01 - Doenças preveníveis por imunização e condições sensíveis
4123109725229;410690;20230726;A150;2588.01;31;2023;08;01 - Doenças preveníveis por imunização e condições sensíveis
4123109725229;410690;20230726;A150;501.11;5;2023;07;01 - Doenças preveníveis por imunização e condições sensíveis
4123109725229;410690;20230726;A150;2473.8;30;2023;09;01 - Doenças preveníveis por imunização e condições sensíveis
4123109725229;410690;20230726;A150;2556.26;31;2023;10;01 - Doenças preveníveis por imunização e condições sensíveis
4123110271401;410690;20230829;A150;475.8;6;2023;09;01 - Doenças preveníveis por imunização e condições sensíveis
4123110271401;410690;20230829;A150;409.19;2;2023;09;01 - Doenças preveníveis por imunização e condições sensíveis
4123110271687;410690;20230824;A150;891.34;7;2023;09;01 - Doenças preveníveis por imunização e condições sensíveis
4123110271687;410690;20230824;A150;2277.49;25;2023;09;01 - Doenças preveníveis por imunização e condições sensíveis
4123110812997;410580;20230812;A150;1752.99;19;2023;08;01 - Doenças preveníveis por imunização e condições sensíveis
4123110812997;410580;20230812;A150;329.84;4;2023;09;01 - Doenças preveníveis por imunização e condições sensíveis
4123110813008;410690;20230819;A150;1071.98;12;2023;08;01 - Doenças preveníveis por imunização e condições sensíveis
4123110813008;410690;20230819;A150;2150.31;26;2023;11;01 - Doenças preveníveis por imunização e condições sensíveis
4123110813008;410690;20230819;A150;2556.26;31;2023;10;01 - Doenças preveníveis por imunização e condições sensíveis
4123110813008;410690;20230819;A150;2473.8;30;2023;09;01 - Doenças preveníveis por imunização e condições sensíveis
4123110813019;410690;20230819;A150;2473.8;30;2023;09;01 - Doenças preveníveis por imunização e condições sensíveis
4123110813019;410690;20230819;A150;1979.04;24;2023;11;01 - Doenças preveníveis por imunização e condições sensíveis
4123110813019;410690;20230819;A150;1071.98;12;2023;08;01 - Doenças preveníveis por imunização e condições sensíveis
4123110813019;410690;20230819;A150;2556.26;31;2023;10;01 - Doenças preveníveis por imunização e condições sensíveis
4123110813020;412625;20230826;A150;2473.8;30;2023;09;01 - Doenças preveníveis por imunização e condições sensíveis
4123110813020;412625;20230826;A150;501.11;5;2023;08;01 - Doenças preveníveis por imunização e condições sensíveis
4123110813020;412625;20230826;A150;583.57;8;2023;12;01 - Doenças preveníveis por imunização e condições sensíveis
4123110813020;412625;20230826;A150;2562.61;31;2023;10;01 - Doenças preveníveis por imunização e condições sensíveis
4123110813020;412625;20230826;A150;2473.8;30;2023;11;01 - Doenças preveníveis por imunização e condições sensíveis
4123110813041;412150;20230831;A150;412.3;5;2023;09;01 - Doenças preveníveis por imunização e condições sensíveis
4123110813041;412150;20230831;A150;82.46;0;2023;08;01 - Doenças preveníveis por imunização e condições sensíveis
4123110820653;411370;20230808;A150;3787.48;23;2023;10;01 - Doenças preveníveis por imunização e condições sensíveis
4123110820653;411370;20230808;A150;2638.86;28;2023;10;01 - Doenças preveníveis por imunização e condições sensíveis
4123110820719;411915;20230929;A150;418.82;1;2023;10;01 - Doenças preveníveis por imunização e condições sensíveis
4123110820719;411915;20230929;A150;183.97;3;2023;10;01 - Doenças preveníveis por imunização e condições sensíveis
4123110820730;410690;20230911;A150;196.67;3;2023;10;01 - Doenças preveníveis por imunização e condições sensíveis
4123110820730;410690;20230911;A150;2002.51;19;2023;10;01 - Doenças preveníveis por imunização e condições sensíveis
4123110820763;410690;20230925;A150;101.51;2;2023;10;01 - Doenças preveníveis por imunização e condições sensíveis
4123110820763;410690;20230925;A150;701.02;5;2023;10;01 - Doenças preveníveis por imunização e condições sensíveis
4123110820873;410690;20230822;A150;1006.31;9;2023;10;01 - Doenças preveníveis por imunização e condições sensíveis
4123110820873;410690;20230822;A150;862.79;10;2023;10;01 - Doenças preveníveis por imunização e condições sensíveis
4123110820873;410690;20230822;A150;3070.6;30;2023;10;01 - Doenças preveníveis por imunização e condições sensíveis
4123110820906;411570;20230925;A150;1141.92;13;2023;10;01 - Doenças preveníveis por imunização e condições sensíveis
4123110820906;411570;20230925;A150;891.72;5;2023;10;01 - Doenças preveníveis por imunização e condições sensíveis
4123110821071;410690;20230822;A150;1137.66;9;2023;10;01 - Doenças preveníveis por imunização e condições sensíveis
4123110821071;410690;20230822;A150;3135.98;30;2023;10;01 - Doenças preveníveis por imunização e condições sensíveis
4123110821071;410690;20230822;A150;1843.5;20;2023;10;01 - Doenças preveníveis por imunização e condições sensíveis
4123110821302;410690;20230825;A150;621.67;6;2023;11;01 - Doenças preveníveis por imunização e condições sensíveis
4123110821302;410690;20230825;A150;2074.47;22;2023;11;01 - Doenças preveníveis por imunização e condições sensíveis
4123110821302;410690;20230825;A150;2829.25;30;2023;11;01 - Doenças preveníveis por imunização e condições sensíveis
4123110821302;410690;20230825;A150;2892.81;31;2023;11;01 - Doenças preveníveis por imunização e condições sensíveis
4123110821346;411820;20230913;A150;1857.82;17;2023;11;01 - Doenças preveníveis por imunização e condições sensíveis
4123110821346;411820;20230913;A150;1382.85;14;2023;11;01 - Doenças preveníveis por imunização e condições sensíveis
4123110821346;411820;20230913;A150;3329.72;31;2023;11;01 - Doenças preveníveis por imunização e condições sensíveis
4123110821368;411480;20230923;A150;95.16;2;2023;12;01 - Doenças preveníveis por imunização e condições sensíveis
4123110821368;411480;20230923;A150;2907.45;30;2023;12;01 - Doenças preveníveis por imunização e condições sensíveis
4123110821368;411480;20230923;A150;940.34;7;2023;12;01 - Doenças preveníveis por imunização e condições sensíveis
4123110821368;411480;20230923;A150;3164.76;31;2023;12;01 - Doenças preveníveis por imunização e condições sensíveis
4123110821511;411995;20231017;A150;2078.05;14;2024;01;01 - Doenças preveníveis por imunização e condições sensíveis
4123110821511;411995;20231017;A150;811.99;10;2024;01;01 - Doenças preveníveis por imunização e condições sensíveis
4123110821720;410240;20231018;A150;1783.82;13;2024;01;01 - Doenças preveníveis por imunização e condições sensíveis
4123110821720;410240;20231018;A150;2134.77;22;2024;01;01 - Doenças preveníveis por imunização e condições sensíveis
4123110821731;410690;20231027;A150;2055.42;22;2023;12;01 - Doenças preveníveis por imunização e condições sensíveis
4123110821731;410690;20231027;A150;501.2;4;2023;12;01 - Doenças preveníveis por imunização e condições sensíveis
4123110821797;410690;20231031;A150;231.57;0;2023;12;01 - Doenças preveníveis por imunização e condições sensíveis
4123110821797;410690;20231031;A150;2326.33;23;2023;12;01 - Doenças preveníveis por imunização e condições sensíveis
4123110821852;410765;20231031;A150;88.81;0;2024;01;01 - Doenças preveníveis por imunização e condições sensíveis
4123110821852;410765;20231031;A150;2832.07;24;2024;01;01 - Doenças preveníveis por imunização e condições sensíveis
4123110822072;411820;20231128;A150;378.77;2;2023;12;01 - Doenças preveníveis por imunização e condições sensíveis
4123110822072;411820;20231128;A150;279.13;2;2023;12;01 - Doenças preveníveis por imunização e condições sensíveis
4123111508956;410690;20230925;A150;2568.96;31;2023;10;01 - Doenças preveníveis por imunização e condições sensíveis
4123111508956;410690;20230925;A150;631.17;5;2023;09;01 - Doenças preveníveis por imunização e condições sensíveis
4123111508956;410690;20230925;A150;2562.61;31;2023;12;01 - Doenças preveníveis por imunização e condições sensíveis
4123111508956;410690;20230925;A150;2473.8;30;2023;11;01 - Doenças preveníveis por imunização e condições sensíveis
4123111508956;410690;20230925;A150;1979.04;25;2024;01;01 - Doenças preveníveis por imunização e condições sensíveis
4123111508967;410690;20230920;A150;1236.9;16;2023;10;01 - Doenças preveníveis por imunização e condições sensíveis
4123111508967;410690;20230920;A150;913.41;10;2023;09;01 - Doenças preveníveis por imunização e condições sensíveis
4123111508978;410360;20230911;A150;2562.61;31;2023;10;01 - Doenças preveníveis por imunização e condições sensíveis
4123111508978;410360;20230911;A150;2556.26;31;2024;01;01 - Doenças preveníveis por imunização e condições sensíveis
4123111508978;410360;20230911;A150;2391.34;29;2024;02;01 - Doenças preveníveis por imunização e condições sensíveis
4123111508978;410360;20230911;A150;1661.9;19;2023;09;01 - Doenças preveníveis por imunização e condições sensíveis
4123111508978;410360;20230911;A150;2473.8;30;2023;11;01 - Doenças preveníveis por imunização e condições sensíveis
4123111508978;410360;20230911;A150;577.22;8;2024;03;01 - Doenças preveníveis por imunização e condições sensíveis
4123111508978;410360;20230911;A150;2556.26;31;2023;12;01 - Doenças preveníveis por imunização e condições sensíveis
4123111508990;410765;20230921;A150;824.6;9;2023;09;01 - Doenças preveníveis por imunização e condições sensíveis
4123111508990;410765;20230921;A150;577.22;8;2023;11;01 - Doenças preveníveis por imunização e condições sensíveis
4123111508990;410765;20230921;A150;2575.31;31;2023;10;01 - Doenças preveníveis por imunização e condições sensíveis
4123111509000;412150;20230921;A150;2568.96;31;2023;10;01 - Doenças preveníveis por imunização e condições sensíveis
4123111509000;412150;20230921;A150;82.46;2;2024;02;01 - Doenças preveníveis por imunização e condições sensíveis
4123111509000;412150;20230921;A150;2473.8;30;2023;11;01 - Doenças preveníveis por imunização e condições sensíveis
4123111509000;412150;20230921;A150;2562.61;31;2024;01;01 - Doenças preveníveis por imunização e condições sensíveis
4123111509000;412150;20230921;A150;830.95;9;2023;09;01 - Doenças preveníveis por imunização e condições sensíveis
4123111509000;412150;20230921;A150;2900.05;31;2023;12;01 - Doenças preveníveis por imunização e condições sensíveis
4123112157252;411320;20231003;A150;2556.26;31;2023;12;01 - Doenças preveníveis por imunização e condições sensíveis
4123112157252;411320;20231003;A150;2404.04;28;2023;10;01 - Doenças preveníveis por imunização e condições sensíveis
4123112157252;411320;20231003;A150;2391.34;29;2024;02;01 - Doenças preveníveis por imunização e condições sensíveis
4123112157252;411320;20231003;A150;2632.46;31;2024;01;01 - Doenças preveníveis por imunização e condições sensíveis
4123112157252;411320;20231003;A150;2480.15;30;2023;11;01 - Doenças preveníveis por imunização e condições sensíveis
4123112157263;410620;20231003;A150;2391.34;28;2023;10;01 - Doenças preveníveis por imunização e condições sensíveis
4123112157263;410620;20231003;A150;2480.15;30;2023;11;01 - Doenças preveníveis por imunização e condições sensíveis
4123112157263;410620;20231003;A150;2649.36;31;2023;12;01 - Doenças preveníveis por imunização e condições sensíveis
4123112157263;410620;20231003;A150;164.92;3;2024;01;01 - Doenças preveníveis por imunização e condições sensíveis
4123112157274;410425;20231003;A150;2473.8;30;2023;11;01 - Doenças preveníveis por imunização e condições sensíveis
4123112157274;410425;20231003;A150;2150.31;26;2024;03;01 - Doenças preveníveis por imunização e condições sensíveis
4123112157274;410425;20231003;A150;2397.69;28;2023;10;01 - Doenças preveníveis por imunização e condições sensíveis
4123112157274;410425;20231003;A150;2397.69;29;2024;02;01 - Doenças preveníveis por imunização e condições sensíveis
4123112157274;410425;20231003;A150;2562.61;31;2023;12;01 - Doenças preveníveis por imunização e condições sensíveis
4123112157274;410425;20231003;A150;2562.61;31;2024;01;01 - Doenças preveníveis por imunização e condições sensíveis
4123112157296;410690;20231014;A150;2480.15;30;2023;11;01 - Doenças preveníveis por imunização e condições sensíveis
4123112157296;410690;20231014;A150;2562.61;31;2023;12;01 - Doenças preveníveis por imunização e condições sensíveis
4123112157296;410690;20231014;A150;631.17;6;2024;04;01 - Doenças preveníveis por imunização e condições sensíveis
4123112157296;410690;20231014;A150;1490.63;17;2023;10;01 - Doenças preveníveis por imunização e condições sensíveis
4123112157296;410690;20231014;A150;2562.61;31;2024;03;01 - Doenças preveníveis por imunização e condições sensíveis
4123112157296;410690;20231014;A150;2527.75;29;2024;02;01 - Doenças preveníveis por imunização e condições sensíveis
4123112157296;410690;20231014;A150;2692.67;31;2024;01;01 - Doenças preveníveis por imunização e condições sensíveis
4123112157307;410180;20231021;A150;2698.61;31;2023;12;01 - Doenças preveníveis por imunização e condições sensíveis
4123112157307;410180;20231021;A150;913.41;10;2023;10;01 - Doenças preveníveis por imunização e condições sensíveis
4123112157307;410180;20231021;A150;164.92;3;2024;01;01 - Doenças preveníveis por imunização e condições sensíveis
4123112157307;410180;20231021;A150;2473.8;30;2023;11;01 - Doenças preveníveis por imunização e condições sensíveis
4123112157318;410690;20231002;A150;2618.78;29;2023;10;01 - Doenças preveníveis por imunização e condições sensíveis
4123112157318;410690;20231002;A150;2283.57;27;2023;11;01 - Doenças preveníveis por imunização e condições sensíveis
4123112692842;410690;20231101;A150;2486.5;29;2023;11;01 - Doenças preveníveis por imunização e condições sensíveis
4123112692842;410690;20231101;A150;1649.2;21;2023;12;01 - Doenças preveníveis por imunização e condições sensíveis
4123112692853;410690;20231121;A150;2404.04;29;2024;02;01 - Doenças preveníveis por imunização e condições sensíveis
4123112692853;410690;20231121;A150;2568.96;31;2023;12;01 - Doenças preveníveis por imunização e condições sensíveis
4123112692853;410690;20231121;A150;2562.61;31;2024;01;01 - Doenças preveníveis por imunização e condições sensíveis
4123112692853;410690;20231121;A150;824.6;9;2023;11;01 - Doenças preveníveis por imunização e condições sensíveis
4123112692853;410690;20231121;A150;2480.15;30;2024;04;01 - Doenças preveníveis por imunização e condições sensíveis
4123112692853;410690;20231121;A150;2568.96;31;2024;03;01 - Doenças preveníveis por imunização e condições sensíveis
4123112692864;411320;20231102;A150;2562.61;31;2024;03;01 - Doenças preveníveis por imunização e condições sensíveis
4123112692864;411320;20231102;A150;2534.1;29;2024;02;01 - Doenças preveníveis por imunização e condições sensíveis
4123112692864;411320;20231102;A150;2473.8;30;2024;04;01 - Doenças preveníveis por imunização e condições sensíveis
4123112692864;411320;20231102;A150;2562.61;31;2023;12;01 - Doenças preveníveis por imunização e condições sensíveis
4123112692864;411320;20231102;A150;2562.61;31;2024;05;01 - Doenças preveníveis por imunização e condições sensíveis
4123112692864;411320;20231102;A150;2486.5;30;2024;06;01 - Doenças preveníveis por imunização e condições sensíveis
4123112692864;411320;20231102;A150;412.3;6;2024;09;01 - Doenças preveníveis por imunização e condições sensíveis
4123112692864;411320;20231102;A150;2562.61;31;2024;07;01 - Doenças preveníveis por imunização e condições sensíveis
4123112692864;411320;20231102;A150;2556.26;31;2024;01;01 - Doenças preveníveis por imunização e condições sensíveis
4123112692864;411320;20231102;A150;2681.3;28;2023;11;01 - Doenças preveníveis por imunização e condições sensíveis
4123112692875;412215;20231124;A150;2061.5;26;2024;01;01 - Doenças preveníveis por imunização e condições sensíveis
4123112692875;412215;20231124;A150;577.22;6;2023;11;01 - Doenças preveníveis por imunização e condições sensíveis
4123112692875;412215;20231124;A150;2562.61;31;2023;12;01 - Doenças preveníveis por imunização e condições sensíveis
4123112692886;410690;20231124;A150;2650.61;31;2023;12;01 - Doenças preveníveis por imunização e condições sensíveis
4123112692886;410690;20231124;A150;1820.47;23;2024;03;01 - Doenças preveníveis por imunização e condições sensíveis
4123112692886;410690;20231124;A150;2397.69;29;2024;02;01 - Doenças preveníveis por imunização e condições sensíveis
4123112692886;410690;20231124;A150;577.22;6;2023;11;01 - Doenças preveníveis por imunização e condições sensíveis
4123112692886;410690;20231124;A150;2660.05;31;2024;01;01 - Doenças preveníveis por imunização e condições sensíveis
4123112692897;410690;20231126;A150;412.3;4;2023;11;01 - Doenças preveníveis por imunização e condições sensíveis
4123112692897;410690;20231126;A150;2391.34;29;2024;02;01 - Doenças preveníveis por imunização e condições sensíveis
4123112692897;410690;20231126;A150;2592.15;30;2024;04;01 - Doenças preveníveis por imunização e condições sensíveis
4123112692897;410690;20231126;A150;2570.61;31;2024;03;01 - Doenças preveníveis por imunização e condições sensíveis
4123112692897;410690;20231126;A150;1845.87;23;2024;05;01 - Doenças preveníveis por imunização e condições sensíveis
4123112692897;410690;20231126;A150;2556.26;31;2023;12;01 - Doenças preveníveis por imunização e condições sensíveis
4123112692897;410690;20231126;A150;2562.61;31;2024;01;01 - Doenças preveníveis por imunização e condições sensíveis
4123112692908;410690;20231129;A150;164.92;1;2023;11;01 - Doenças preveníveis por imunização e condições sensíveis
4123112692908;410690;20231129;A150;2562.61;31;2023;12;01 - Doenças preveníveis por imunização e condições sensíveis
4123112692919;411370;20231115;A150;1319.36;15;2023;11;01 - Doenças preveníveis por imunização e condições sensíveis
4123112692919;411370;20231115;A150;82.46;2;2024;02;01 - Doenças preveníveis por imunização e condições sensíveis
4123112692919;411370;20231115;A150;2556.26;31;2024;01;01 - Doenças preveníveis por imunização e condições sensíveis
4123112692919;411370;20231115;A150;2556.26;31;2023;12;01 - Doenças preveníveis por imunização e condições sensíveis
4123112692920;411500;20231116;A150;2244.58;26;2024;01;01 - Doenças preveníveis por imunização e condições sensíveis
4123112692920;411500;20231116;A150;2643.01;31;2023;12;01 - Doenças preveníveis por imunização e condições sensíveis
4123112692920;411500;20231116;A150;1281.35;14;2023;11;01 - Doenças preveníveis por imunização e condições sensíveis
4123112692930;411990;20231120;A150;2226.42;27;2024;02;01 - Doenças preveníveis por imunização e condições sensíveis
4123112692930;411990;20231120;A150;1418.17;10;2023;11;01 - Doenças preveníveis por imunização e condições sensíveis
4123112692930;411990;20231120;A150;2705.37;31;2023;12;01 - Doenças preveníveis por imunização e condições sensíveis
4123112692930;411990;20231120;A150;2562.61;31;2024;01;01 - Doenças preveníveis por imunização e condições sensíveis
4123112692952;410690;20231130;A150;1078.33;14;2023;12;01 - Doenças preveníveis por imunização e condições sensíveis
4123112692952;410690;20231130;A150;82.46;0;2023;11;01 - Doenças preveníveis por imunização e condições sensíveis
4123112700872;411995;20231129;A150;3096.9;28;2024;01;01 - Doenças preveníveis por imunização e condições sensíveis
4123112700872;411995;20231129;A150;190.32;1;2024;01;01 - Doenças preveníveis por imunização e condições sensíveis
4123112700894;410180;20231118;A150;1825.39;12;2024;01;01 - Doenças preveníveis por imunização e condições sensíveis
4123112700894;410180;20231118;A150;2913.9;31;2024;01;01 - Doenças preveníveis por imunização e condições sensíveis
4123112700894;410180;20231118;A150;1490.81;17;2024;01;01 - Doenças preveníveis por imunização e condições sensíveis
4123112700916;410690;20231023;A150;1141.92;13;2024;01;01 - Doenças preveníveis por imunização e condições sensíveis
4123112700916;410690;20231023;A150;1127.35;8;2024;01;01 - Doenças preveníveis por imunização e condições sensíveis
4123112700916;410690;20231023;A150;3353.21;30;2024;01;01 - Doenças preveníveis por imunização e condições sensíveis
4123113266305;411990;20231206;A150;1979.04;25;2024;01;01 - Doenças preveníveis por imunização e condições sensíveis
4123113266305;411990;20231206;A150;2150.31;25;2023;12;01 - Doenças preveníveis por imunização e condições sensíveis
4123113266316;410960;20231201;A150;2556.26;31;2024;01;01 - Doenças preveníveis por imunização e condições sensíveis
4123113266316;410960;20231201;A150;2562.61;30;2023;12;01 - Doenças preveníveis por imunização e condições sensíveis
4123113266349;410690;20231231;A153;2556.26;31;2024;05;01 - Doenças preveníveis por imunização e condições sensíveis
4123113266349;410690;20231231;A153;907.06;12;2024;06;01 - Doenças preveníveis por imunização e condições sensíveis
4123113266349;410690;20231231;A153;2534.1;29;2024;02;01 - Doenças preveníveis por imunização e condições sensíveis
4123113266349;410690;20231231;A153;2486.5;30;2024;04;01 - Doenças preveníveis por imunização e condições sensíveis
4123113266349;410690;20231231;A153;2556.26;31;2024;01;01 - Doenças preveníveis por imunização e condições sensíveis
4123113266349;410690;20231231;A153;2594.61;31;2024;03;01 - Doenças preveníveis por imunização e condições sensíveis
4123113266349;410690;20231231;A153;82.46;0;2023;12;01 - Doenças preveníveis por imunização e condições sensíveis
4123113266350;412550;20231229;A150;754.84;10;2024;04;01 - Doenças preveníveis por imunização e condições sensíveis
4123113266350;412550;20231229;A150;247.38;2;2023;12;01 - Doenças preveníveis por imunização e condições sensíveis
4123113266350;412550;20231229;A150;2556.26;31;2024;01;01 - Doenças preveníveis por imunização e condições sensíveis
4123113266350;412550;20231229;A150;2581.66;31;2024;03;01 - Doenças preveníveis por imunização e condições sensíveis
4123113266350;412550;20231229;A150;2397.69;29;2024;02;01 - Doenças preveníveis por imunização e condições sensíveis
4123113266360;410465;20231226;A159;2480.15;30;2024;04;01 - Doenças preveníveis por imunização e condições sensíveis
4123113266360;410465;20231226;A159;2397.69;29;2024;02;01 - Doenças preveníveis por imunização e condições sensíveis
4123113266360;410465;20231226;A159;494.76;5;2023;12;01 - Doenças preveníveis por imunização e condições sensíveis
4123113266360;410465;20231226;A159;1236.9;16;2024;05;01 - Doenças preveníveis por imunização e condições sensíveis
4123113266360;410465;20231226;A159;2568.96;31;2024;03;01 - Doenças preveníveis por imunização e condições sensíveis
4123113266360;410465;20231226;A159;2556.26;31;2024;01;01 - Doenças preveníveis por imunização e condições sensíveis
4123113274490;410690;20231218;A150;1563.81;16;2024;02;01 - Doenças preveníveis por imunização e condições sensíveis
4123113274490;410690;20231218;A150;1320.54;13;2024;02;01 - Doenças preveníveis por imunização e condições sensíveis
4123113274566;411310;20231216;A150;2753.29;29;2024;03;01 - Doenças preveníveis por imunização e condições sensíveis
4123113274566;411310;20231216;A150;1639.92;15;2024;02;01 - Doenças preveníveis por imunização e condições sensíveis
4123113274566;411310;20231216;A150;285.48;4;2024;03;01 - Doenças preveníveis por imunização e condições sensíveis
4123113274566;411310;20231216;A150;2930.91;31;2024;02;01 - Doenças preveníveis por imunização e condições sensíveis
4124100376946;410690;20240201;J441;3105.12;31;2024;03;08 - Doenças pulmonares
4124100376946;410690;20240201;J441;297.36;3;2024;04;08 - Doenças pulmonares
4124100376946;410690;20240201;J441;2903.83;28;2024;02;08 - Doenças pulmonares
4124100521024;410040;20240306;J441;2759.72;25;2024;03;08 - Doenças pulmonares
4124100521024;410040;20240306;J441;415.53;5;2024;04;08 - Doenças pulmonares
4124107595531;411915;20240108;A150;1979.04;23;2024;01;01 - Doenças preveníveis por imunização e condições sensíveis
4124107595531;411915;20240108;A150;2480.15;30;2024;04;01 - Doenças preveníveis por imunização e condições sensíveis
4124107595531;411915;20240108;A150;2562.61;31;2024;03;01 - Doenças preveníveis por imunização e condições sensíveis
4124107595531;411915;20240108;A150;2562.61;31;2024;05;01 - Doenças preveníveis por imunização e condições sensíveis
4124107595531;411915;20240108;A150;2397.69;29;2024;02;01 - Doenças preveníveis por imunização e condições sensíveis
4124107595531;411915;20240108;A150;1985.39;25;2024;07;01 - Doenças preveníveis por imunização e condições sensíveis
4124107595531;411915;20240108;A150;2480.15;30;2024;06;01 - Doenças preveníveis por imunização e condições sensíveis
4124107595542;411570;20240108;A150;2492.85;30;2024;04;01 - Doenças preveníveis por imunização e condições sensíveis
4124107595542;411570;20240108;A150;2588.01;31;2024;05;01 - Doenças preveníveis por imunização e condições sensíveis
4124107595542;411570;20240108;A150;2568.96;31;2024;03;01 - Doenças preveníveis por imunização e condições sensíveis
4124107595542;411570;20240108;A150;2256.3;23;2024;01;01 - Doenças preveníveis por imunização e condições sensíveis
4124107595542;411570;20240108;A150;2397.69;29;2024;02;01 - Doenças preveníveis por imunização e condições sensíveis
4124107595542;411570;20240108;A150;2480.15;30;2024;07;01 - Doenças preveníveis por imunização e condições sensíveis
4124107595542;411570;20240108;A150;1319.36;17;2024;09;01 - Doenças preveníveis por imunização e condições sensíveis
4124107595553;410690;20240126;A150;329.84;5;2024;02;01 - Doenças preveníveis por imunização e condições sensíveis
4124107595553;410690;20240126;A150;631.17;5;2024;01;01 - Doenças preveníveis por imunização e condições sensíveis
4124107595564;410425;20240115;A150;1401.82;16;2024;01;01 - Doenças preveníveis por imunização e condições sensíveis
4124107595564;410425;20240115;A150;2397.69;29;2024;02;01 - Doenças preveníveis por imunização e condições sensíveis
4124107595564;410425;20240115;A150;1255.95;16;2024;06;01 - Doenças preveníveis por imunização e condições sensíveis
4124107595564;410425;20240115;A150;2732.99;31;2024;05;01 - Doenças preveníveis por imunização e condições sensíveis
4124107595564;410425;20240115;A150;2562.61;31;2024;03;01 - Doenças preveníveis por imunização e condições sensíveis
4124107595564;410425;20240115;A150;2480.15;30;2024;04;01 - Doenças preveníveis por imunização e condições sensíveis
4124107595575;410180;20240117;A150;1236.9;14;2024;01;01 - Doenças preveníveis por imunização e condições sensíveis
4124107595575;410180;20240117;A150;2353.33;28;2024;07;01 - Doenças preveníveis por imunização e condições sensíveis
4124107595575;410180;20240117;A150;2588.01;31;2024;05;01 - Doenças preveníveis por imunização e condições sensíveis
4124107595575;410180;20240117;A150;2530.95;30;2024;06;01 - Doenças preveníveis por imunização e condições sensíveis
4124107595586;410960;20240119;A150;2562.61;31;2024;03;01 - Doenças preveníveis por imunização e condições sensíveis
4124107595586;410960;20240119;A150;1071.98;12;2024;01;01 - Doenças preveníveis por imunização e condições sensíveis
4124107595586;410960;20240119;A150;1325.71;17;2024;07;01 - Doenças preveníveis por imunização e condições sensíveis
4124107595586;410960;20240119;A150;2568.96;31;2024;05;01 - Doenças preveníveis por imunização e condições sensíveis
4124107595586;410960;20240119;A150;2486.5;30;2024;06;01 - Doenças preveníveis por imunização e condições sensíveis
4124107595586;410960;20240119;A150;2404.04;29;2024;02;01 - Doenças preveníveis por imunização e condições sensíveis
4124107595586;410960;20240119;A150;2480.15;30;2024;04;01 - Doenças preveníveis por imunização e condições sensíveis
4124107595597;410690;20240107;A150;2397.69;29;2024;02;01 - Doenças preveníveis por imunização e condições sensíveis
4124107595597;410690;20240107;A150;2568.96;31;2024;03;01 - Doenças preveníveis por imunização e condições sensíveis
4124107595597;410690;20240107;A150;2061.5;24;2024;01;01 - Doenças preveníveis por imunização e condições sensíveis
4124107595608;410580;20240128;A150;2546.8;29;2024;02;01 - Doenças preveníveis por imunização e condições sensíveis
4124107595608;410580;20240128;A150;164.92;2;2024;05;01 - Doenças preveníveis por imunização e condições sensíveis
4124107595608;410580;20240128;A150;2480.15;30;2024;04;01 - Doenças preveníveis por imunização e condições sensíveis
4124107595608;410580;20240128;A150;329.84;3;2024;01;01 - Doenças preveníveis por imunização e condições sensíveis
4124107595608;410580;20240128;A150;2660.05;31;2024;03;01 - Doenças preveníveis por imunização e condições sensíveis
4124107595619;412550;20240127;A150;2846.22;31;2024;06;01 - Doenças preveníveis por imunização e condições sensíveis
4124107595619;412550;20240127;A150;1820.47;23;2024;08;01 - Doenças preveníveis por imunização e condições sensíveis
4124107595619;412550;20240127;A150;2486.5;30;2024;07;01 - Doenças preveníveis por imunização e condições sensíveis
4124107595619;412550;20240127;A150;2397.69;29;2024;05;01 - Doenças preveníveis por imunização e condições sensíveis
4124107595619;412550;20240127;A150;412.3;4;2024;01;01 - Doenças preveníveis por imunização e condições sensíveis
4124107595620;410690;20240111;A150;2008.92;20;2024;01;01 - Doenças preveníveis por imunização e condições sensíveis
4124107595620;410690;20240111;A150;1492.0;13;2024;05;01 - Doenças preveníveis por imunização e condições sensíveis
4124107595620;410690;20240111;A150;2397.69;29;2024;02;01 - Doenças preveníveis por imunização e condições sensíveis
4124107595630;411990;20240127;A150;412.3;4;2024;01;01 - Doenças preveníveis por imunização e condições sensíveis
4124107595630;411990;20240127;A150;2404.04;29;2024;02;01 - Doenças preveníveis por imunização e condições sensíveis
4124107595630;411990;20240127;A150;1160.79;15;2024;03;01 - Doenças preveníveis por imunização e condições sensíveis
4124107604342;410180;20240117;A150;1887.17;14;2024;03;01 - Doenças preveníveis por imunização e condições sensíveis
4124107604342;410180;20240117;A150;570.96;7;2024;03;01 - Doenças preveníveis por imunização e condições sensíveis
4124107604595;410690;20240129;A150;1351.36;17;2024;03;01 - Doenças preveníveis por imunização e condições sensíveis
4124107604595;410690;20240129;A150;279.13;2;2024;03;01 - Doenças preveníveis por imunização e condições sensíveis
4124107605090;411915;20240118;A150;2565.74;24;2024;03;01 - Doenças preveníveis por imunização e condições sensíveis
4124107605090;411915;20240118;A150;1520.45;13;2024;03;01 - Doenças preveníveis por imunização e condições sensíveis
4124107605233;410690;20240207;A198;951.6;11;2024;03;01 - Doenças preveníveis por imunização e condições sensíveis
4124107605233;410690;20240207;A198;2156.93;22;2024;03;01 - Doenças preveníveis por imunização e condições sensíveis
4124108148226;411730;20240131;A150;2480.15;30;2024;06;01 - Doenças preveníveis por imunização e condições sensíveis
4124108148226;411730;20240131;A150;2391.34;29;2024;03;01 - Doenças preveníveis por imunização e condições sensíveis
4124108148226;411730;20240131;A150;2562.61;31;2024;03;01 - Doenças preveníveis por imunização e condições sensíveis
4124108148226;411730;20240131;A150;82.46;0;2024;02;01 - Doenças preveníveis por imunização e condições sensíveis
4124108148226;411730;20240131;A150;2486.5;30;2024;04;01 - Doenças preveníveis por imunização e condições sensíveis
4124108148226;411730;20240131;A150;2067.85;26;2024;07;01 - Doenças preveníveis por imunização e condições sensíveis
4124108148226;411730;20240131;A150;2575.31;31;2024;05;01 - Doenças preveníveis por imunização e condições sensíveis
4124108148248;411320;20240220;A150;837.3;9;2024;02;01 - Doenças preveníveis por imunização e condições sensíveis
4124108148248;411320;20240220;A150;577.22;7;2024;03;01 - Doenças preveníveis por imunização e condições sensíveis
4124108148259;410960;20240226;A150;2748.42;31;2024;03;01 - Doenças preveníveis por imunização e condições sensíveis
4124108148259;410960;20240226;A150;2600.71;31;2024;07;01 - Doenças preveníveis por imunização e condições sensíveis
4124108148259;410960;20240226;A150;2537.3;30;2024;04;01 - Doenças preveníveis por imunização e condições sensíveis
4124108148259;410960;20240226;A150;2619.76;31;2024;05;01 - Doenças preveníveis por imunização e condições sensíveis
4124108148259;410960;20240226;A150;2518.25;30;2024;06;01 - Doenças preveníveis por imunização e condições sensíveis
4124108148259;410960;20240226;A150;336.19;3;2024;02;01 - Doenças preveníveis por imunização e condições sensíveis
4124108148260;410600;20240217;A150;2600.71;31;2024;07;01 - Doenças preveníveis por imunização e condições sensíveis
4124108148260;410600;20240217;A150;2568.96;31;2024;03;01 - Doenças preveníveis por imunização e condições sensíveis
4124108148260;410600;20240217;A150;1071.97;12;2024;02;01 - Doenças preveníveis por imunização e condições sensíveis
4124108148260;410600;20240217;A150;2499.2;30;2024;06;01 - Doenças preveníveis por imunização e condições sensíveis
4124108148260;410600;20240217;A150;164.92;3;2024;09;01 - Doenças preveníveis por imunização e condições sensíveis
4124108148260;410600;20240217;A150;2581.66;31;2024;05;01 - Doenças preveníveis por imunização e condições sensíveis
4124108148260;410600;20240217;A150;2486.5;30;2024;04;01 - Doenças preveníveis por imunização e condições sensíveis
4124108148260;410600;20240217;A150;2613.41;31;2024;08;01 - Doenças preveníveis por imunização e condições sensíveis
4124108156652;410690;20240302;A150;3064.12;29;2024;04;01 - Doenças preveníveis por imunização e condições sensíveis
4124108156652;410690;20240302;A150;610.34;3;2024;04;01 - Doenças preveníveis por imunização e condições sensíveis
4124108156740;410690;20240316;A150;2012.35;15;2024;04;01 - Doenças preveníveis por imunização e condições sensíveis
4124108156740;410690;20240316;A150;523.4;5;2024;04;01 - Doenças preveníveis por imunização e condições sensíveis
4124108156751;410690;20240304;A150;469.45;5;2024;04;01 - Doenças preveníveis por imunização e condições sensíveis
4124108156751;410690;20240304;A150;2902.41;27;2024;04;01 - Doenças preveníveis por imunização e condições sensíveis
4124108156762;410580;20240304;A150;382.29;3;2024;04;01 - Doenças preveníveis por imunização e condições sensíveis
4124108156762;410580;20240304;A150;3764.98;27;2024;04;01 - Doenças preveníveis por imunização e condições sensíveis
4124108156784;411950;20240206;A170;2859.2;23;2024;04;01 - Doenças preveníveis por imunização e condições sensíveis
4124108156784;411950;20240206;A170;2930.91;31;2024;04;01 - Doenças preveníveis por imunização e condições sensíveis
4124108156784;411950;20240206;A170;393.34;5;2024;04;01 - Doenças preveníveis por imunização e condições sensíveis
4124108157048;410690;20240317;A150;970.65;11;2024;05;01 - Doenças preveníveis por imunização e condições sensíveis
4124108157048;410690;20240317;A150;1977.87;14;2024;05;01 - Doenças preveníveis por imunização e condições sensíveis
4124108157092;412550;20240303;A181;1949.83;16;2024;05;01 - Doenças preveníveis por imunização e condições sensíveis
4124108157092;412550;20240303;A181;3421.87;28;2024;05;01 - Doenças preveníveis por imunização e condições sensíveis
4124108157202;410425;20240329;A150;2052.53;19;2024;05;01 - Doenças preveníveis por imunização e condições sensíveis
4124108157202;410425;20240329;A150;305.53;2;2024;05;01 - Doenças preveníveis por imunização e condições sensíveis
4124108157257;410690;20240224;A150;3033.02;30;2024;05;01 - Doenças preveníveis por imunização e condições sensíveis
4124108157257;410690;20240224;A150;3678.48;31;2024;05;01 - Doenças preveníveis por imunização e condições sensíveis
4124108157257;410690;20240224;A150;1326.59;5;2024;05;01 - Doenças preveníveis por imunização e condições sensíveis
4124108157257;410690;20240224;A150;577.22;7;2024;05;01 - Doenças preveníveis por imunização e condições sensíveis
4124108157576;411915;20240415;A150;2150.04;15;2024;05;01 - Doenças preveníveis por imunização e condições sensíveis
4124108157576;411915;20240415;A150;469.45;5;2024;05;01 - Doenças preveníveis por imunização e condições sensíveis
4124108157587;410690;20240413;A150;196.67;3;2024;05;01 - Doenças preveníveis por imunização e condições sensíveis
4124108157587;410690;20240413;A150;2225.88;17;2024;05;01 - Doenças preveníveis por imunização e condições sensíveis
4124108157610;410490;20240418;A150;570.96;6;2024;05;01 - Doenças preveníveis por imunização e condições sensíveis
4124108157610;410490;20240418;A150;1380.84;12;2024;05;01 - Doenças preveníveis por imunização e condições sensíveis
4124108157620;410490;20240415;A150;1647.27;15;2024;05;01 - Doenças preveníveis por imunização e condições sensíveis
4124108157620;410490;20240415;A150;570.96;6;2024;05;01 - Doenças preveníveis por imunização e condições sensíveis
4124108157697;410120;20240418;A150;1360.79;12;2024;05;01 - Doenças preveníveis por imunização e condições sensíveis
4124108157697;410120;20240418;A150;987.68;8;2024;05;01 - Doenças preveníveis por imunização e condições sensíveis
4124108157940;410690;20240427;A150;367.94;3;2024;05;01 - Doenças preveníveis por imunização e condições sensíveis
4124108157940;410690;20240427;A150;1535.26;17;2024;05;01 - Doenças preveníveis por imunização e condições sensíveis
4124108158049;411660;20240422;A150;998.0;8;2024;05;01 - Doenças preveníveis por imunização e condições sensíveis
4124108158049;411660;20240422;A150;1985.66;21;2024;05;01 - Doenças preveníveis por imunização e condições sensíveis
4124108698996;410040;20240207;A153;1851.44;19;2024;05;01 - Doenças preveníveis por imunização e condições sensíveis
4124108698996;410040;20240207;A153;1950.93;22;2024;04;01 - Doenças preveníveis por imunização e condições sensíveis
4124108699084;410140;20240311;A150;2763.76;30;2024;05;01 - Doenças preveníveis por imunização e condições sensíveis
4124108699084;410140;20240311;A150;2568.96;31;2024;10;01 - Doenças preveníveis por imunização e condições sensíveis
4124108699084;410140;20240311;A150;1868.07;20;2024;04;01 - Doenças preveníveis por imunização e condições sensíveis
4124108699084;410140;20240311;A150;2506.55;30;2024;09;01 - Doenças preveníveis por imunização e condições sensíveis
4124108699084;410140;20240311;A150;2568.96;31;2024;06;01 - Doenças preveníveis por imunização e condições sensíveis
4124108699084;410140;20240311;A150;2568.96;31;2024;09;01 - Doenças preveníveis por imunização e condições sensíveis
4124108699084;410140;20240311;A150;2568.96;31;2024;09;01 - Doenças preveníveis por imunização e condições sensíveis
4124108699084;410140;20240311;A150;995.87;13;2024;11;01 - Doenças preveníveis por imunização e condições sensíveis
4124108699084;410140;20240311;A150;2480.15;30;2024;07;01 - Doenças preveníveis por imunização e condições sensíveis
4124108699095;411995;20240313;A150;2562.61;31;2024;06;01 - Doenças preveníveis por imunização e condições sensíveis
4124108699095;411995;20240313;A150;2607.06;31;2024;09;01 - Doenças preveníveis por imunização e condições sensíveis
4124108699095;411995;20240313;A150;2480.15;30;2024;05;01 - Doenças preveníveis por imunização e condições sensíveis
4124108699095;411995;20240313;A150;1579.44;18;2024;04;01 - Doenças preveníveis por imunização e condições sensíveis
4124108699095;411995;20240313;A150;2556.26;31;2024;09;01 - Doenças preveníveis por imunização e condições sensíveis
4124108699095;411995;20240313;A150;266.43;4;2024;09;01 - Doenças preveníveis por imunização e condições sensíveis
4124108699095;411995;20240313;A150;2505.55;30;2024;07;01 - Doenças preveníveis por imunização e condições sensíveis
4124108706498;410690;20240506;A150;2577.95;25;2024;06;01 - Doenças preveníveis por imunização e condições sensíveis
4124108706498;410690;20240506;A150;558.26;6;2024;06;01 - Doenças preveníveis por imunização e condições sensíveis
4124108706597;412550;20240528;A150;523.4;3;2024;06;01 - Doenças preveníveis por imunização e condições sensíveis
4124108706597;412550;20240528;A150;995.96;11;2024;06;01 - Doenças preveníveis por imunização e condições sensíveis
4124108706630;410690;20240507;A192;1137.85;12;2024;07;01 - Doenças preveníveis por imunização e condições sensíveis
4124108706630;410690;20240507;A192;2996.11;24;2024;06;01 - Doenças preveníveis por imunização e condições sensíveis
4124108706839;410690;20240515;A150;2684.81;25;2024;07;01 - Doenças preveníveis por imunização e condições sensíveis
4124108706839;410690;20240515;A150;2018.69;16;2024;07;01 - Doenças preveníveis por imunização e condições sensíveis
4124108707026;410690;20240504;A150;1126.08;11;2024;07;01 - Doenças preveníveis por imunização e condições sensíveis
4124108707026;410690;20240504;A150;3087.61;30;2024;07;01 - Doenças preveníveis por imunização e condições sensíveis
4124108707026;410690;20240504;A150;3021.99;27;2024;07;01 - Doenças preveníveis por imunização e condições sensíveis
4124108707070;411125;20240614;A150;291.83;4;2024;08;01 - Doenças preveníveis por imunização e condições sensíveis
4124108707070;411125;20240614;A150;2091.73;16;2024;08;01 - Doenças preveníveis por imunização e condições sensíveis
4124108707191;412170;20240507;A191;3151.55;30;2024;07;01 - Doenças preveníveis por imunização e condições sensíveis
4124108707191;412170;20240507;A191;3309.46;24;2024;07;01 - Doenças preveníveis por imunização e condições sensíveis
4124108707191;412170;20240507;A191;3404.1;31;2024;09;01 - Doenças preveníveis por imunização e condições sensíveis
4124108707235;411780;20240406;A150;2439.21;24;2024;07;01 - Doenças preveníveis por imunização e condições sensíveis
4124108707235;411780;20240406;A150;95.16;2;2024;07;01 - Doenças preveníveis por imunização e condições sensíveis
4124109298452;411320;20240322;A150;2588.1;30;2024;09;01 - Doenças preveníveis por imunização e condições sensíveis
4124109298452;411320;20240322;A150;837.3;9;2024;04;01 - Doenças preveníveis por imunização e condições sensíveis
4124109298452;411320;20240322;A150;2315.23;29;2024;09;01 - Doenças preveníveis por imunização e condições sensíveis
4124109298452;411320;20240322;A150;2759.46;31;2024;09;01 - Doenças preveníveis por imunização e condições sensíveis
4124109298452;411320;20240322;A150;2613.41;31;2024;07;01 - Doenças preveníveis por imunização e condições sensíveis
4124109298452;411320;20240322;A150;2480.15;30;2024;06;01 - Doenças preveníveis por imunização e condições sensíveis
4124109298463;411990;20240319;A150;1078.33;12;2024;04;01 - Doenças preveníveis por imunização e condições sensíveis
4124109298463;411990;20240319;A150;830.95;11;2024;09;01 - Doenças preveníveis por imunização e condições sensíveis
4124109298463;411990;20240319;A150;2480.15;30;2024;07;01 - Doenças preveníveis por imunização e condições sensíveis
4124109298463;411990;20240319;A150;2833.52;31;2024;06;01 - Doenças preveníveis por imunização e condições sensíveis
4124109298463;411990;20240319;A150;2480.15;30;2024;05;01 - Doenças preveníveis por imunização e condições sensíveis
4124109298881;410580;20240311;A150;2480.15;30;2024;05;01 - Doenças preveníveis por imunização e condições sensíveis
4124109298881;410580;20240311;A150;247.38;4;2024;06;01 - Doenças preveníveis por imunização e condições sensíveis
4124109298881;410580;20240311;A150;1874.42;20;2024;04;01 - Doenças preveníveis por imunização e condições sensíveis
4124109924935;410690;20240602;A150;3209.33;28;2024;07;01 - Doenças preveníveis por imunização e condições sensíveis
4124109924935;410690;20240602;A150;1088.01;11;2024;07;01 - Doenças preveníveis por imunização e condições sensíveis
4124109925144;410690;20240620;A150;2234.83;19;2024;08;01 - Doenças preveníveis por imunização e condições sensíveis
4124109925144;410690;20240620;A150;1034.06;10;2024;08;01 - Doenças preveníveis por imunização e condições sensíveis
4124109925298;410690;20240623;A150;729.53;7;2024;08;01 - Doenças preveníveis por imunização e condições sensíveis
4124109925298;410690;20240623;A150;4769.85;22;2024;08;01 - Doenças preveníveis por imunização e condições sensíveis
4124109925342;411915;20240619;A150;1993.78;25;2024;08;01 - Doenças preveníveis por imunização e condições sensíveis
4124109925342;411915;20240619;A150;1590.68;11;2024;08;01 - Doenças preveníveis por imunização e condições sensíveis
4124109925420;410040;20240525;A150;5999.03;30;2024;08;01 - Doenças preveníveis por imunização e condições sensíveis
4124109925420;410040;20240525;A150;1827.15;6;2024;08;01 - Doenças preveníveis por imunização e condições sensíveis
4124109925420;410040;20240525;A150;2044.47;19;2024;08;01 - Doenças preveníveis por imunização e condições sensíveis
4124109925573;410690;20240726;A150;101.51;2;2024;08;01 - Doenças preveníveis por imunização e condições sensíveis
4124109925573;410690;20240726;A150;930.74;5;2024;08;01 - Doenças preveníveis por imunização e condições sensíveis
4124109925727;412660;20240529;A150;3430.93;30;2024;08;01 - Doenças preveníveis por imunização e condições sensíveis
4124109925727;412660;20240529;A150;285.48;2;2024;08;01 - Doenças preveníveis por imunização e condições sensíveis
4124109925727;412660;20240529;A150;2842.1;30;2024;08;01 - Doenças preveníveis por imunização e condições sensíveis
4124109925815;410690;20240725;A150;750.86;6;2024;08;01 - Doenças preveníveis por imunização e condições sensíveis
4124109925815;410690;20240725;A150;1040.41;11;2024;08;01 - Doenças preveníveis por imunização e condições sensíveis
4124109925837;410690;20240727;A150;574.5;4;2024;09;01 - Doenças preveníveis por imunização e condições sensíveis
4124109925837;410690;20240727;A150;907.24;10;2024;09;01 - Doenças preveníveis por imunização e condições sensíveis
4124109926123;411915;20240730;A150;177.62;1;2024;09;01 - Doenças preveníveis por imunização e condições sensíveis
4124109926123;411915;20240730;A150;1814.39;20;2024;09;01 - Doenças preveníveis por imunização e condições sensíveis
4124110166605;410420;20240304;A150;329.84;5;2024;06;01 - Doenças preveníveis por imunização e condições sensíveis
4124110166605;410420;20240304;A150;2315.23;27;2024;05;01 - Doenças preveníveis por imunização e condições sensíveis
4124110166836;412625;20240318;A150;2486.5;30;2024;06;01 - Doenças preveníveis por imunização e condições sensíveis
4124110166836;412625;20240318;A150;2562.61;31;2024;07;01 - Doenças preveníveis por imunização e condições sensíveis
4124110166836;412625;20240318;A150;1573.09;20;2024;09;01 - Doenças preveníveis por imunização e condições sensíveis
4124110166836;412625;20240318;A150;1154.44;13;2024;05;01 - Doenças preveníveis por imunização e condições sensíveis
4124110166847;411990;20240315;A150;2473.8;30;2024;06;01 - Doenças preveníveis por imunização e condições sensíveis
4124110166847;411990;20240315;A150;1319.36;17;2024;07;01 - Doenças preveníveis por imunização e condições sensíveis
4124110166847;411990;20240315;A150;1408.17;16;2024;05;01 - Doenças preveníveis por imunização e condições sensíveis
4124110166858;410960;20240326;A158;501.11;5;2024;05;01 - Doenças preveníveis por imunização e condições sensíveis
4124110166858;410960;20240326;A158;2486.5;30;2024;06;01 - Doenças preveníveis por imunização e condições sensíveis
4124110166858;410960;20240326;A158;1363.81;17;2024;07;01 - Doenças preveníveis por imunização e condições sensíveis
4124110509288;410690;20240412;A159;1167.14;15;2024;08;01 - Doenças preveníveis por imunização e condições sensíveis
4124110509288;410690;20240412;A159;2749.82;31;2024;06;01 - Doenças preveníveis por imunização e condições sensíveis
4124110509288;410690;20240412;A159;2641.96;30;2024;07;01 - Doenças preveníveis por imunização e condições sensíveis
4124110509288;410690;20240412;A159;1579.44;18;2024;05;01 - Doenças preveníveis por imunização e condições sensíveis
4124110509288;410690;20240412;A159;2737.12;31;2024;08;01 - Doenças preveníveis por imunização e condições sensíveis
4124110509300;412625;20240406;A150;2562.61;31;2024;08;01 - Doenças preveníveis por imunização e condições sensíveis
4124110509300;412625;20240406;A150;2480.15;30;2024;11;01 - Doenças preveníveis por imunização e condições sensíveis
4124110509300;412625;20240406;A150;2699.02;31;2024;10;01 - Doenças preveníveis por imunização e condições sensíveis
4124110509300;412625;20240406;A150;2480.15;30;2024;07;01 - Doenças preveníveis por imunização e condições sensíveis
4124110509300;412625;20240406;A150;2473.8;30;2024;09;01 - Doenças preveníveis por imunização e condições sensíveis
4124110509300;412625;20240406;A150;2556.26;31;2024;08;01 - Doenças preveníveis por imunização e condições sensíveis
4124110509300;412625;20240406;A150;2562.61;31;2024;12;01 - Doenças preveníveis por imunização e condições sensíveis
4124110509300;412625;20240406;A150;2568.96;31;2024;06;01 - Doenças preveníveis por imunização e condições sensíveis
4124110509300;412625;20240406;A150;1154.44;15;2025;01;01 - Doenças preveníveis por imunização e condições sensíveis
4124110509300;412625;20240406;A150;2061.5;24;2024;05;01 - Doenças preveníveis por imunização e condições sensíveis
4124110509321;410690;20240411;A150;2756.17;31;2024;06;01 - Doenças preveníveis por imunização e condições sensíveis
4124110509321;410690;20240411;A150;1933.85;19;2024;05;01 - Doenças preveníveis por imunização e condições sensíveis
4124110509321;410690;20240411;A150;1785.61;21;2024;10;01 - Doenças preveníveis por imunização e condições sensíveis
4124110509321;410690;20240411;A150;2594.36;31;2024;08;01 - Doenças preveníveis por imunização e condições sensíveis
4124110509321;410690;20240411;A150;2518.25;30;2024;07;01 - Doenças preveníveis por imunização e condições sensíveis
4124110509321;410690;20240411;A150;2594.36;31;2024;08;01 - Doenças preveníveis por imunização e condições sensíveis
4124110509321;410690;20240411;A150;2480.15;30;2024;09;01 - Doenças preveníveis por imunização e condições sensíveis
4124110509343;410490;20240427;A150;2071.27;21;2024;06;01 - Doenças preveníveis por imunização e condições sensíveis
4124110509343;410490;20240427;A150;329.84;3;2024;05;01 - Doenças preveníveis por imunização e condições sensíveis
4124110509376;410690;20240409;A150;1917.91;21;2024;05;01 - Doenças preveníveis por imunização e condições sensíveis
4124110509376;410690;20240409;A150;2486.5;31;2024;06;01 - Doenças preveníveis por imunização e condições sensíveis
4124110509409;410480;20240403;A150;342.54;4;2024;08;01 - Doenças preveníveis por imunização e condições sensíveis
4124110509409;410480;20240403;A150;2626.11;31;2024;06;01 - Doenças preveníveis por imunização e condições sensíveis
4124110509409;410480;20240403;A150;2511.9;30;2024;07;01 - Doenças preveníveis por imunização e condições sensíveis
4124110509409;410480;20240403;A150;2334.28;27;2024;05;01 - Doenças preveníveis por imunização e condições sensíveis
4124110509486;410940;20240401;A158;2654.66;29;2024;05;01 - Doenças preveníveis por imunização e condições sensíveis
4124110509486;410940;20240401;A158;1249.6;16;2024;06;01 - Doenças preveníveis por imunização e condições sensíveis
4124110509497;410690;20240404;A159;2575.31;31;2024;10;01 - Doenças preveníveis por imunização e condições sensíveis
4124110509497;410690;20240404;A159;2524.6;30;2024;07;01 - Doenças preveníveis por imunização e condições sensíveis
4124110509497;410690;20240404;A159;2486.5;30;2025;04;01 - Doenças preveníveis por imunização e condições sensíveis
4124110509497;410690;20240404;A159;2518.25;30;2024;11;01 - Doenças preveníveis por imunização e condições sensíveis
4124110509497;410690;20240404;A159;2556.26;31;2025;05;01 - Doenças preveníveis por imunização e condições sensíveis
4124110509497;410690;20240404;A159;2638.81;31;2026;01;01 - Doenças preveníveis por imunização e condições sensíveis
4124110509497;410690;20240404;A159;2619.76;31;2024;06;01 - Doenças preveníveis por imunização e condições sensíveis
4124110509497;410690;20240404;A159;1281.35;16;2026;03;01 - Doenças preveníveis por imunização e condições sensíveis
4124110509497;410690;20240404;A159;2239.12;26;2024;05;01 - Doenças preveníveis por imunização e condições sensíveis
4124110509497;410690;20240404;A159;2378.73;28;2025;02;01 - Doenças preveníveis por imunização e condições sensíveis
4124110509497;410690;20240404;A159;2518.25;30;2025;09;01 - Doenças preveníveis por imunização e condições sensíveis
4124110509497;410690;20240404;A159;2385.08;28;2026;02;01 - Doenças preveníveis por imunização e condições sensíveis
4124110509497;410690;20240404;A159;2613.41;31;2024;08;01 - Doenças preveníveis por imunização e condições sensíveis
4124110509497;410690;20240404;A159;2626.11;31;2025;10;01 - Doenças preveníveis por imunização e condições sensíveis
4124110509497;410690;20240404;A159;2741.25;31;2025;07;01 - Doenças preveníveis por imunização e condições sensíveis
4124110509497;410690;20240404;A159;2638.81;31;2024;12;01 - Doenças preveníveis por imunização e condições sensíveis
4124110509497;410690;20240404;A159;2638.81;31;2024;08;01 - Doenças preveníveis por imunização e condições sensíveis
4124110509497;410690;20240404;A159;2600.71;31;2025;08;01 - Doenças preveníveis por imunização e condições sensíveis
4124110509497;410690;20240404;A159;2670.56;31;2025;12;01 - Doenças preveníveis por imunização e condições sensíveis
4124110509497;410690;20240404;A159;2499.2;30;2024;09;01 - Doenças preveníveis por imunização e condições sensíveis
4124110509497;410690;20240404;A159;2619.76;31;2025;03;01 - Doenças preveníveis por imunização e condições sensíveis
4124110509497;410690;20240404;A159;2480.15;30;2025;06;01 - Doenças preveníveis por imunização e condições sensíveis
4124110509497;410690;20240404;A159;2588.1;30;2025;11;01 - Doenças preveníveis por imunização e condições sensíveis
4124110509849;410180;20240530;A150;1401.82;18;2024;09;01 - Doenças preveníveis por imunização e condições sensíveis
4124110509849;410180;20240530;A150;2492.85;30;2024;07;01 - Doenças preveníveis por imunização e condições sensíveis
4124110509849;410180;20240530;A150;307.68;1;2024;06;01 - Doenças preveníveis por imunização e condições sensíveis
4124110509970;411820;20240526;A150;1078.33;14;2024;07;01 - Doenças preveníveis por imunização e condições sensíveis
4124110509970;411820;20240526;A150;643.87;5;2024;06;01 - Doenças preveníveis por imunização e condições sensíveis
4124110510157;412550;20240522;A150;2492.85;30;2024;07;01 - Doenças preveníveis por imunização e condições sensíveis
4124110510157;412550;20240522;A150;830.95;9;2024;06;01 - Doenças preveníveis por imunização e condições sensíveis
4124110510157;412550;20240522;A150;2486.5;30;2024;09;01 - Doenças preveníveis por imunização e condições sensíveis
4124110510157;412550;20240522;A150;2067.85;26;2024;11;01 - Doenças preveníveis por imunização e condições sensíveis
4124110510157;412550;20240522;A150;2798.47;31;2024;08;01 - Doenças preveníveis por imunização e condições sensíveis
4124110510157;412550;20240522;A150;2562.61;31;2024;10;01 - Doenças preveníveis por imunização e condições sensíveis
4124110510157;412550;20240522;A150;2575.31;31;2024;08;01 - Doenças preveníveis por imunização e condições sensíveis
4124110510168;411660;20240521;A158;1902.93;24;2024;10;01 - Doenças preveníveis por imunização e condições sensíveis
4124110510168;411660;20240521;A158;2568.96;31;2024;08;01 - Doenças preveníveis por imunização e condições sensíveis
4124110510168;411660;20240521;A158;913.41;10;2024;06;01 - Doenças preveníveis por imunização e condições sensíveis
4124110510168;411660;20240521;A158;2480.15;30;2024;09;01 - Doenças preveníveis por imunização e condições sensíveis
4124110510168;411660;20240521;A158;2575.31;31;2024;08;01 - Doenças preveníveis por imunização e condições sensíveis
4124110510168;411660;20240521;A158;2486.5;30;2024;07;01 - Doenças preveníveis por imunização e condições sensíveis
4124110510179;410490;20240506;A150;2598.65;30;2024;10;01 - Doenças preveníveis por imunização e condições sensíveis
4124110510179;410490;20240506;A150;2188.41;25;2024;06;01 - Doenças preveníveis por imunização e condições sensíveis
4124110510179;410490;20240506;A150;2486.5;30;2024;07;01 - Doenças preveníveis por imunização e condições sensíveis
4124110510180;410490;20240506;A150;2607.06;31;2024;08;01 - Doenças preveníveis por imunização e condições sensíveis
4124110510180;410490;20240506;A150;2239.12;28;2024;09;01 - Doenças preveníveis por imunização e condições sensíveis
4124110510180;410490;20240506;A150;2492.85;30;2024;07;01 - Doenças preveníveis por imunização e condições sensíveis
4124110510180;410490;20240506;A150;2607.06;31;2024;08;01 - Doenças preveníveis por imunização e condições sensíveis
4124110510180;410490;20240506;A150;2143.96;25;2024;06;01 - Doenças preveníveis por imunização e condições sensíveis
4124110510190;410660;20240506;A158;2588.01;31;2024;09;01 - Doenças preveníveis por imunização e condições sensíveis
4124110510190;410660;20240506;A158;2505.55;30;2024;07;01 - Doenças preveníveis por imunização e condições sensíveis
4124110510190;410660;20240506;A158;2175.71;25;2024;06;01 - Doenças preveníveis por imunização e condições sensíveis
4124110510190;410660;20240506;A158;1693.24;20;2024;08;01 - Doenças preveníveis por imunização e condições sensíveis
4124110510201;410180;20240505;A150;2787.92;31;2024;09;01 - Doenças preveníveis por imunização e condições sensíveis
4124110510201;410180;20240505;A150;2562.7;30;2024;09;01 - Doenças preveníveis por imunização e condições sensíveis
4124110510201;410180;20240505;A150;2626.11;31;2024;09;01 - Doenças preveníveis por imunização e condições sensíveis
4124110510201;410180;20240505;A150;2232.77;26;2024;06;01 - Doenças preveníveis por imunização e condições sensíveis
4124110510201;410180;20240505;A150;2492.85;30;2024;07;01 - Doenças preveníveis por imunização e condições sensíveis
4124110510212;410690;20240503;A150;830.95;11;2024;10;01 - Doenças preveníveis por imunização e condições sensíveis
4124110510212;410690;20240503;A150;2480.15;30;2024;07;01 - Doenças preveníveis por imunização e condições sensíveis
4124110510212;410690;20240503;A150;2397.69;28;2024;06;01 - Doenças preveníveis por imunização e condições sensíveis
4124110774289;412550;20240611;A153;1833.17;23;2024;09;01 - Doenças preveníveis por imunização e condições sensíveis
4124110774289;412550;20240611;A153;1655.55;19;2024;07;01 - Doenças preveníveis por imunização e condições sensíveis
4124110774290;412550;20240624;A150;577.22;6;2024;07;01 - Doenças preveníveis por imunização e condições sensíveis
4124110774290;412550;20240624;A150;2556.26;31;2024;09;01 - Doenças preveníveis por imunização e condições sensíveis
4124110774290;412550;20240624;A150;2579.29;29;2024;09;01 - Doenças preveníveis por imunização e condições sensíveis
4124110774300;410690;20240625;A150;2562.61;31;2025;03;01 - Doenças preveníveis por imunização e condições sensíveis
4124110774300;410690;20240625;A150;2556.26;31;2024;09;01 - Doenças preveníveis por imunização e condições sensíveis
4124110774300;410690;20240625;A150;2613.41;31;2024;09;01 - Doenças preveníveis por imunização e condições sensíveis
4124110774300;410690;20240625;A150;2562.7;30;2025;04;01 - Doenças preveníveis por imunização e condições sensíveis
4124110774300;410690;20240625;A150;2607.06;31;2024;10;01 - Doenças preveníveis por imunização e condições sensíveis
4124110774300;410690;20240625;A150;291.68;4;2025;09;01 - Doenças preveníveis por imunização e condições sensíveis
4124110774300;410690;20240625;A150;2645.16;31;2024;12;01 - Doenças preveníveis por imunização e condições sensíveis
4124110774300;410690;20240625;A150;494.76;5;2024;07;01 - Doenças preveníveis por imunização e condições sensíveis
4124110774300;410690;20240625;A150;2524.6;30;2024;09;01 - Doenças preveníveis por imunização e condições sensíveis
4124110774300;410690;20240625;A150;2575.4;30;2025;06;01 - Doenças preveníveis por imunização e condições sensíveis
4124110774300;410690;20240625;A150;2775.22;31;2025;07;01 - Doenças preveníveis por imunização e condições sensíveis
4124110774300;410690;20240625;A150;2632.46;31;2025;01;01 - Doenças preveníveis por imunização e condições sensíveis
4124110774300;410690;20240625;A150;2556.35;30;2024;11;01 - Doenças preveníveis por imunização e condições sensíveis
4124110774300;410690;20240625;A150;2689.61;31;2025;05;01 - Doenças preveníveis por imunização e condições sensíveis
4124110774300;410690;20240625;A150;2397.78;28;2025;02;01 - Doenças preveníveis por imunização e condições sensíveis
4124110774311;410180;20240625;A150;2315.23;28;2025;02;01 - Doenças preveníveis por imunização e condições sensíveis
4124110774311;410180;20240625;A150;2607.06;31;2025;03;01 - Doenças preveníveis por imunização e condições sensíveis
4124110774311;410180;20240625;A150;329.84;5;2025;06;01 - Doenças preveníveis por imunização e condições sensíveis
4124110774311;410180;20240625;A150;2492.85;30;2024;11;01 - Doenças preveníveis por imunização e condições sensíveis
4124110774311;410180;20240625;A150;2562.61;31;2024;10;01 - Doenças preveníveis por imunização e condições sensíveis
4124110774311;410180;20240625;A150;2480.15;30;2025;04;01 - Doenças preveníveis por imunização e condições sensíveis
4124110774311;410180;20240625;A150;2575.31;31;2025;01;01 - Doenças preveníveis por imunização e condições sensíveis
4124110774311;410180;20240625;A150;2575.31;31;2024;12;01 - Doenças preveníveis por imunização e condições sensíveis
4124110774311;410180;20240625;A150;2616.56;30;2024;09;01 - Doenças preveníveis por imunização e condições sensíveis
4124110774311;410180;20240625;A150;2562.61;31;2024;09;01 - Doenças preveníveis por imunização e condições sensíveis
4124110774311;410180;20240625;A150;2562.61;31;2024;09;01 - Doenças preveníveis por imunização e condições sensíveis
4124110774311;410180;20240625;A150;2575.31;31;2025;05;01 - Doenças preveníveis por imunização e condições sensíveis
4124110774311;410180;20240625;A150;494.76;5;2024;07;01 - Doenças preveníveis por imunização e condições sensíveis
4124111126993;411780;20240502;A150;2556.26;31;2024;08;01 - Doenças preveníveis por imunização e condições sensíveis
4124111126993;411780;20240502;A150;2556.26;31;2024;08;01 - Doenças preveníveis por imunização e condições sensíveis
4124111126993;411780;20240502;A150;2473.8;29;2024;07;01 - Doenças preveníveis por imunização e condições sensíveis
4124111126993;411780;20240502;A150;2473.8;30;2024;09;01 - Doenças preveníveis por imunização e condições sensíveis
4124111126993;411780;20240502;A150;555.06;6;2024;09;01 - Doenças preveníveis por imunização e condições sensíveis
4124111128973;410690;20240422;A150;2748.84;30;2024;08;01 - Doenças preveníveis por imunização e condições sensíveis
4124111128973;410690;20240422;A150;2692.67;31;2024;08;01 - Doenças preveníveis por imunização e condições sensíveis
4124111128973;410690;20240422;A150;2696.96;31;2024;08;01 - Doenças preveníveis por imunização e condições sensíveis
4124111128973;410690;20240422;A150;742.14;8;2024;07;01 - Doenças preveníveis por imunização e condições sensíveis
4124111128973;410690;20240422;A150;2692.67;31;2024;08;01 - Doenças preveníveis por imunização e condições sensíveis
4124111129413;410690;20240704;A153;2321.58;27;2024;08;01 - Doenças preveníveis por imunização e condições sensíveis
4124111129413;410690;20240704;A153;2568.96;31;2024;08;01 - Doenças preveníveis por imunização e condições sensíveis
4124111129413;410690;20240704;A153;659.68;9;2024;10;01 - Doenças preveníveis por imunização e condições sensíveis
4124111129413;410690;20240704;A153;2480.15;30;2024;09;01 - Doenças preveníveis por imunização e condições sensíveis
4124111129435;410180;20240723;A150;2308.88;29;2024;09;01 - Doenças preveníveis por imunização e condições sensíveis
4124111129435;410180;20240723;A150;742.14;8;2024;09;01 - Doenças preveníveis por imunização e condições sensíveis
4124111129446;411370;20240713;A150;2562.61;31;2024;10;01 - Doenças preveníveis por imunização e condições sensíveis
4124111129446;411370;20240713;A150;2556.26;31;2024;08;01 - Doenças preveníveis por imunização e condições sensíveis
4124111129446;411370;20240713;A150;2504.35;30;2024;09;01 - Doenças preveníveis por imunização e condições sensíveis
4124111129446;411370;20240713;A150;1566.74;18;2024;08;01 - Doenças preveníveis por imunização e condições sensíveis
4124111129446;411370;20240713;A150;1693.65;21;2024;11;01 - Doenças preveníveis por imunização e condições sensíveis
4124111129457;410773;20240724;A158;2505.55;30;2024;11;01 - Doenças preveníveis por imunização e condições sensíveis
4124111129457;410773;20240724;A158;2562.61;31;2024;10;01 - Doenças preveníveis por imunização e condições sensíveis
4124111129457;410773;20240724;A158;1738.01;22;2025;01;01 - Doenças preveníveis por imunização e condições sensíveis
4124111129457;410773;20240724;A158;659.68;7;2024;09;01 - Doenças preveníveis por imunização e condições sensíveis
4124111129457;410773;20240724;A158;2480.15;30;2024;09;01 - Doenças preveníveis por imunização e condições sensíveis
4124111129457;410773;20240724;A158;2556.26;31;2024;09;01 - Doenças preveníveis por imunização e condições sensíveis
4124111129457;410773;20240724;A158;2575.31;31;2024;12;01 - Doenças preveníveis por imunização e condições sensíveis
4124111129468;410960;20240704;A150;2321.58;29;2024;08;01 - Doenças preveníveis por imunização e condições sensíveis
4124111129468;410960;20240704;A150;2419.02;27;2024;08;01 - Doenças preveníveis por imunização e condições sensíveis
4124111143581;410180;20240718;A150;2639.08;29;2024;09;01 - Doenças preveníveis por imunização e condições sensíveis
4124111143581;410180;20240718;A150;1300.49;13;2024;09;01 - Doenças preveníveis por imunização e condições sensíveis
4124111143988;410690;20240805;A150;2556.62;26;2024;09;01 - Doenças preveníveis por imunização e condições sensíveis
4124111143988;410690;20240805;A150;266.43;3;2024;09;01 - Doenças preveníveis por imunização e condições sensíveis
4124111143999;410690;20240805;A150;2569.17;26;2024;09;01 - Doenças preveníveis por imunização e condições sensíveis
4124111143999;410690;20240805;A150;190.32;3;2024;09;01 - Doenças preveníveis por imunização e condições sensíveis
4124111144175;412550;20240813;A150;894.63;9;2024;10;01 - Doenças preveníveis por imunização e condições sensíveis
4124111144175;412550;20240813;A150;1801.69;18;2024;10;01 - Doenças preveníveis por imunização e condições sensíveis
4124111144318;411915;20240829;A150;1440.1;16;2024;10;01 - Doenças preveníveis por imunização e condições sensíveis
4124111144318;411915;20240829;A150;279.13;2;2024;10;01 - Doenças preveníveis por imunização e condições sensíveis
4124111144329;410690;20240721;A150;1427.4;16;2024;10;01 - Doenças preveníveis por imunização e condições sensíveis
4124111144329;410690;20240721;A150;2909.59;31;2024;10;01 - Doenças preveníveis por imunização e condições sensíveis
4124111144329;410690;20240721;A150;1059.46;10;2024;10;01 - Doenças preveníveis por imunização e condições sensíveis
4124111145264;410690;20240725;A150;2593.52;27;2024;10;01 - Doenças preveníveis por imunização e condições sensíveis
4124111145264;410690;20240725;A150;3021.85;31;2024;10;01 - Doenças preveníveis por imunização e condições sensíveis
4124111145264;410690;20240725;A150;744.51;6;2024;10;01 - Doenças preveníveis por imunização e condições sensíveis
4124111922777;410690;20240824;A150;577.22;8;2024;10;01 - Doenças preveníveis por imunização e condições sensíveis
4124111922777;410690;20240824;A150;802.44;7;2024;08;01 - Doenças preveníveis por imunização e condições sensíveis
4124111922777;410690;20240824;A150;2473.8;30;2024;09;01 - Doenças preveníveis por imunização e condições sensíveis
4124111922788;411820;20240823;A158;891.25;8;2024;08;01 - Doenças preveníveis por imunização e condições sensíveis
4124111922788;411820;20240823;A158;164.92;3;2024;09;01 - Doenças preveníveis por imunização e condições sensíveis
4124111922799;411320;20240815;A150;2626.11;31;2024;10;01 - Doenças preveníveis por imunização e condições sensíveis
4124111922799;411320;20240815;A150;2524.6;30;2024;09;01 - Doenças preveníveis por imunização e condições sensíveis
4124111922799;411320;20240815;A150;2442.14;30;2025;01;01 - Doenças preveníveis por imunização e condições sensíveis
4124111922799;411320;20240815;A150;2556.35;30;2024;11;01 - Doenças preveníveis por imunização e condições sensíveis
4124111922799;411320;20240815;A150;2645.16;31;2024;12;01 - Doenças preveníveis por imunização e condições sensíveis
4124111922799;411320;20240815;A150;1505.61;16;2024;08;01 - Doenças preveníveis por imunização e condições sensíveis
4124111922810;410140;20240823;A159;748.49;8;2024;09;01 - Doenças preveníveis por imunização e condições sensíveis
4124111922810;410140;20240823;A159;2480.15;30;2024;09;01 - Doenças preveníveis por imunização e condições sensíveis
4124111922810;410140;20240823;A159;742.14;10;2024;10;01 - Doenças preveníveis por imunização e condições sensíveis
4124111922832;411990;20240807;A150;2562.61;31;2024;10;01 - Doenças preveníveis por imunização e condições sensíveis
4124111922832;411990;20240807;A150;2254.05;24;2024;08;01 - Doenças preveníveis por imunização e condições sensíveis
4124111922832;411990;20240807;A150;2486.5;30;2024;11;01 - Doenças preveníveis por imunização e condições sensíveis
4124111922832;411990;20240807;A150;2660.05;31;2024;12;01 - Doenças preveníveis por imunização e condições sensíveis
4124111922832;411990;20240807;A150;2613.41;31;2025;01;01 - Doenças preveníveis por imunização e condições sensíveis
4124111922832;411990;20240807;A150;2510.7;30;2024;09;01 - Doenças preveníveis por imunização e condições sensíveis
4124111922832;411990;20240807;A150;393.34;5;2025;02;01 - Doenças preveníveis por imunização e condições sensíveis
4124111922843;411840;20240825;A150;1503.33;19;2024;11;01 - Doenças preveníveis por imunização e condições sensíveis
4124111922843;411840;20240825;A150;2632.46;31;2024;10;01 - Doenças preveníveis por imunização e condições sensíveis
4124111922843;411840;20240825;A150;2518.25;30;2024;09;01 - Doenças preveníveis por imunização e condições sensíveis
4124111922843;411840;20240825;A150;583.57;6;2024;08;01 - Doenças preveníveis por imunização e condições sensíveis
4124111922887;412310;20240830;A150;913.41;12;2025;02;01 - Doenças preveníveis por imunização e condições sensíveis
4124111922887;412310;20240830;A150;2607.06;31;2024;10;01 - Doenças preveníveis por imunização e condições sensíveis
4124111922887;412310;20240830;A150;2645.16;31;2024;12;01 - Doenças preveníveis por imunização e condições sensíveis
4124111922887;412310;20240830;A150;2486.5;30;2024;11;01 - Doenças preveníveis por imunização e condições sensíveis
4124111922887;412310;20240830;A150;2562.61;31;2025;01;01 - Doenças preveníveis por imunização e condições sensíveis
4124111922887;412310;20240830;A150;2537.3;30;2024;09;01 - Doenças preveníveis por imunização e condições sensíveis
4124111922887;412310;20240830;A150;164.92;1;2024;09;01 - Doenças preveníveis por imunização e condições sensíveis
4124111922898;410940;20240830;A150;1223.88;14;2024;11;01 - Doenças preveníveis por imunização e condições sensíveis
4124111922898;410940;20240830;A150;2638.81;31;2024;10;01 - Doenças preveníveis por imunização e condições sensíveis
4124111922898;410940;20240830;A150;2492.85;30;2024;09;01 - Doenças preveníveis por imunização e condições sensíveis
4124111922898;410940;20240830;A150;164.92;1;2024;09;01 - Doenças preveníveis por imunização e condições sensíveis
4124111922909;410180;20240829;A150;2486.5;30;2024;09;01 - Doenças preveníveis por imunização e condições sensíveis
4124111922909;410180;20240829;A150;247.38;2;2024;09;01 - Doenças preveníveis por imunização e condições sensíveis
4124111922909;410180;20240829;A150;2568.96;31;2024;10;01 - Doenças preveníveis por imunização e condições sensíveis
4124111922909;410180;20240829;A150;913.41;12;2024;12;01 - Doenças preveníveis por imunização e condições sensíveis
4124111922909;410180;20240829;A150;2480.15;30;2024;11;01 - Doenças preveníveis por imunização e condições sensíveis
4124111922910;410580;20240704;A150;2366.03;27;2024;09;01 - Doenças preveníveis por imunização e condições sensíveis
4124111922910;410580;20240704;A150;2628.39;31;2024;09;01 - Doenças preveníveis por imunização e condições sensíveis
4124111922920;410690;20240731;A150;82.46;0;2024;09;01 - Doenças preveníveis por imunização e condições sensíveis
4124111922920;410690;20240731;A150;2600.71;31;2024;10;01 - Doenças preveníveis por imunização e condições sensíveis
4124111922920;410690;20240731;A150;2550.0;30;2024;11;01 - Doenças preveníveis por imunização e condições sensíveis
4124111922920;410690;20240731;A150;2638.81;31;2024;12;01 - Doenças preveníveis por imunização e condições sensíveis
4124111922920;410690;20240731;A150;2492.85;30;2024;09;01 - Doenças preveníveis por imunização e condições sensíveis
4124111922920;410690;20240731;A150;2604.66;31;2024;09;01 - Doenças preveníveis por imunização e condições sensíveis
4124111922920;410690;20240731;A150;2404.04;30;2025;01;01 - Doenças preveníveis por imunização e condições sensíveis
4124111922931;412660;20240731;A150;2588.01;31;2024;10;01 - Doenças preveníveis por imunização e condições sensíveis
4124111922931;412660;20240731;A150;2480.15;30;2024;11;01 - Doenças preveníveis por imunização e condições sensíveis
4124111922931;412660;20240731;A150;2556.26;31;2024;09;01 - Doenças preveníveis por imunização e condições sensíveis
4124111922931;412660;20240731;A150;82.46;0;2024;09;01 - Doenças preveníveis por imunização e condições sensíveis
4124111922931;412660;20240731;A150;1325.71;17;2024;12;01 - Doenças preveníveis por imunização e condições sensíveis
4124111922931;412660;20240731;A150;2474.8;30;2024;09;01 - Doenças preveníveis por imunização e condições sensíveis
4124111922942;410480;20240723;A150;761.19;8;2024;09;01 - Doenças preveníveis por imunização e condições sensíveis
4124111922942;410480;20240723;A150;2568.96;31;2024;09;01 - Doenças preveníveis por imunização e condições sensíveis
4124111922942;410480;20240723;A150;2505.55;30;2024;09;01 - Doenças preveníveis por imunização e condições sensíveis
4124111922942;410480;20240723;A150;2626.2;30;2024;11;01 - Doenças preveníveis por imunização e condições sensíveis
4124111922942;410480;20240723;A150;2698.15;31;2024;10;01 - Doenças preveníveis por imunização e condições sensíveis
4124111922942;410480;20240723;A150;2025.86;23;2024;12;01 - Doenças preveníveis por imunização e condições sensíveis
4124111938067;411820;20241002;A150;3351.99;29;2025;01;01 - Doenças preveníveis por imunização e condições sensíveis
4124111938067;411820;20241002;A150;2680.33;28;2025;01;01 - Doenças preveníveis por imunização e condições sensíveis
4124111938188;411730;20241029;A150;1154.62;13;2024;12;01 - Doenças preveníveis por imunização e condições sensíveis
4124111938188;411730;20241029;A150;421.89;2;2024;12;01 - Doenças preveníveis por imunização e condições sensíveis
4124111938738;411840;20241119;A150;1189.43;11;2025;01;01 - Doenças preveníveis por imunização e condições sensíveis
4124111938738;411840;20241119;A150;2746.76;31;2025;04;01 - Doenças preveníveis por imunização e condições sensíveis
4124111938738;411840;20241119;A150;1490.72;18;2025;04;01 - Doenças preveníveis por imunização e condições sensíveis
4124111938738;411840;20241119;A150;2759.46;31;2025;01;01 - Doenças preveníveis por imunização e condições sensíveis
4124112547929;412550;20240714;A157;1718.13;17;2024;09;01 - Doenças preveníveis por imunização e condições sensíveis
4124112547929;412550;20240714;A157;1071.98;13;2024;09;01 - Doenças preveníveis por imunização e condições sensíveis
4124112548171;411320;20240619;A150;1985.39;25;2024;09;01 - Doenças preveníveis por imunização e condições sensíveis
4124112548171;411320;20240619;A150;1008.57;11;2024;09;01 - Doenças preveníveis por imunização e condições sensíveis
4124112548699;410765;20240927;A158;2619.76;31;2025;01;01 - Doenças preveníveis por imunização e condições sensíveis
4124112548699;410765;20240927;A158;2372.38;28;2025;02;01 - Doenças preveníveis por imunização e condições sensíveis
4124112548699;410765;20240927;A158;2575.31;31;2024;10;01 - Doenças preveníveis por imunização e condições sensíveis
4124112548699;410765;20240927;A158;2626.11;31;2025;03;01 - Doenças preveníveis por imunização e condições sensíveis
4124112548699;410765;20240927;A158;2480.15;30;2025;04;01 - Doenças preveníveis por imunização e condições sensíveis
4124112548699;410765;20240927;A158;2626.11;31;2024;12;01 - Doenças preveníveis por imunização e condições sensíveis
4124112548699;410765;20240927;A158;2480.15;30;2024;11;01 - Doenças preveníveis por imunização e condições sensíveis
4124112548699;410765;20240927;A158;329.84;3;2024;09;01 - Doenças preveníveis por imunização e condições sensíveis
4124112548699;410765;20240927;A158;418.65;6;2025;05;01 - Doenças preveníveis por imunização e condições sensíveis
4124112548700;411320;20240920;A153;1033.97;13;2024;11;01 - Doenças preveníveis por imunização e condições sensíveis
4124112548700;411320;20240920;A153;2600.71;31;2024;10;01 - Doenças preveníveis por imunização e condições sensíveis
4124112548700;411320;20240920;A153;914.41;10;2024;09;01 - Doenças preveníveis por imunização e condições sensíveis
4124112548710;410580;20240914;A153;1408.17;16;2024;09;01 - Doenças preveníveis por imunização e condições sensíveis
4124112548710;410580;20240914;A153;329.84;5;2024;10;01 - Doenças preveníveis por imunização e condições sensíveis
4124112548721;411995;20240906;A150;2638.81;31;2024;12;01 - Doenças preveníveis por imunização e condições sensíveis
4124112548721;411995;20240906;A150;2581.66;31;2024;10;01 - Doenças preveníveis por imunização e condições sensíveis
4124112548721;411995;20240906;A150;2645.16;31;2025;03;01 - Doenças preveníveis por imunização e condições sensíveis
4124112548721;411995;20240906;A150;780.24;10;2025;09;01 - Doenças preveníveis por imunização e condições sensíveis
4124112548721;411995;20240906;A150;2543.65;30;2024;11;01 - Doenças preveníveis por imunização e condições sensíveis
4124112548721;411995;20240906;A150;2670.56;31;2025;08;01 - Doenças preveníveis por imunização e condições sensíveis
4124112548721;411995;20240906;A150;2657.86;31;2025;07;01 - Doenças preveníveis por imunização e condições sensíveis
4124112548721;411995;20240906;A150;2068.85;24;2024;09;01 - Doenças preveníveis por imunização e condições sensíveis
4124112548721;411995;20240906;A150;2664.21;31;2025;05;01 - Doenças preveníveis por imunização e condições sensíveis
4124112548721;411995;20240906;A150;2562.61;31;2025;01;01 - Doenças preveníveis por imunização e condições sensíveis
4124112548721;411995;20240906;A150;2359.68;28;2025;02;01 - Doenças preveníveis por imunização e condições sensíveis
4124112548721;411995;20240906;A150;2556.35;30;2025;04;01 - Doenças preveníveis por imunização e condições sensíveis
4124112548721;411995;20240906;A150;2537.3;30;2025;06;01 - Doenças preveníveis por imunização e condições sensíveis
4124112548732;410690;20240930;A150;2613.41;31;2024;10;01 - Doenças preveníveis por imunização e condições sensíveis
4124112548732;410690;20240930;A150;82.46;0;2024;09;01 - Doenças preveníveis por imunização e condições sensíveis
4124112548732;410690;20240930;A150;2315.32;28;2024;11;01 - Doenças preveníveis por imunização e condições sensíveis
4124112548765;410490;20240831;A150;2499.2;30;2024;09;01 - Doenças preveníveis por imunização e condições sensíveis
4124112548765;410490;20240831;A150;82.46;0;2024;09;01 - Doenças preveníveis por imunização e condições sensíveis
4124112548765;410490;20240831;A150;1160.79;15;2024;10;01 - Doenças preveníveis por imunização e condições sensíveis
4124112549470;411320;20240821;A153;329.84;4;2024;10;01 - Doenças preveníveis por imunização e condições sensíveis
4124112549470;411320;20240821;A153;920.76;10;2024;10;01 - Doenças preveníveis por imunização e condições sensíveis
4124113268561;410465;20241026;A153;2150.31;27;2024;11;01 - Doenças preveníveis por imunização e condições sensíveis
4124113268561;410465;20241026;A153;638.52;5;2024;10;01 - Doenças preveníveis por imunização e condições sensíveis
4124113268572;410690;20241027;A153;900.8;11;2024;11;01 - Doenças preveníveis por imunização e condições sensíveis
4124113268572;410690;20241027;A153;598.31;4;2024;10;01 - Doenças preveníveis por imunização e condições sensíveis
4124113268583;410440;20241025;A153;2550.67;28;2025;02;01 - Doenças preveníveis por imunização e condições sensíveis
4124113268583;410440;20241025;A153;2562.61;31;2025;01;01 - Doenças preveníveis por imunização e condições sensíveis
4124113268583;410440;20241025;A153;2474.8;30;2024;11;01 - Doenças preveníveis por imunização e condições sensíveis
4124113268583;410440;20241025;A153;2676.91;31;2025;03;01 - Doenças preveníveis por imunização e condições sensíveis
4124113268583;410440;20241025;A153;1198.89;15;2025;04;01 - Doenças preveníveis por imunização e condições sensíveis
4124113268583;410440;20241025;A153;584.57;6;2024;10;01 - Doenças preveníveis por imunização e condições sensíveis
4124113268583;410440;20241025;A153;2556.26;31;2024;12;01 - Doenças preveníveis por imunização e condições sensíveis
4124113268616;412170;20241015;A153;1415.52;16;2024;10;01 - Doenças preveníveis por imunização e condições sensíveis
4124113268616;412170;20241015;A153;2109.6;19;2024;11;01 - Doenças preveníveis por imunização e condições sensíveis
4124113268627;411915;20241013;A159;1002.22;13;2024;12;01 - Doenças preveníveis por imunização e condições sensíveis
4124113268627;411915;20241013;A159;1728.55;18;2024;10;01 - Doenças preveníveis por imunização e condições sensíveis
4124113268627;411915;20241013;A159;2543.65;30;2024;11;01 - Doenças preveníveis por imunização e condições sensíveis
4124113268638;410580;20241006;A153;2150.31;25;2024;10;01 - Doenças preveníveis por imunização e condições sensíveis
4124113268638;410580;20241006;A153;2492.85;30;2024;11;01 - Doenças preveníveis por imunização e condições sensíveis
4124113268638;410580;20241006;A153;2568.96;31;2024;12;01 - Doenças preveníveis por imunização e condições sensíveis
4124113268638;410580;20241006;A153;2150.31;27;2025;01;01 - Doenças preveníveis por imunização e condições sensíveis
4124113268649;411915;20240916;A153;919.76;12;2025;03;01 - Doenças preveníveis por imunização e condições sensíveis
4124113268649;411915;20240916;A153;2600.71;31;2024;10;01 - Doenças preveníveis por imunização e condições sensíveis
4124113268649;411915;20240916;A153;1249.6;14;2024;10;01 - Doenças preveníveis por imunização e condições sensíveis
4124113268649;411915;20240916;A153;2562.61;31;2024;12;01 - Doenças preveníveis por imunização e condições sensíveis
4124113268649;411915;20240916;A153;2321.58;28;2025;02;01 - Doenças preveníveis por imunização e condições sensíveis
4124113268649;411915;20240916;A153;2562.61;31;2025;01;01 - Doenças preveníveis por imunização e condições sensíveis
4124113268649;411915;20240916;A153;2480.15;30;2024;11;01 - Doenças preveníveis por imunização e condições sensíveis
4124113268650;410030;20241013;A153;253.73;4;2024;11;01 - Doenças preveníveis por imunização e condições sensíveis
4124113268650;410030;20241013;A153;1843.85;18;2024;10;01 - Doenças preveníveis por imunização e condições sensíveis
4124113268660;410060;20241025;A153;2651.51;31;2025;01;01 - Doenças preveníveis por imunização e condições sensíveis
4124113268660;410060;20241025;A153;2512.9;30;2024;11;01 - Doenças preveníveis por imunização e condições sensíveis
4124113268660;410060;20241025;A153;720.98;6;2024;10;01 - Doenças preveníveis por imunização e condições sensíveis
4124113268660;410060;20241025;A153;2321.58;28;2025;02;01 - Doenças preveníveis por imunização e condições sensíveis
4124113268660;410060;20241025;A153;2568.96;31;2024;12;01 - Doenças preveníveis por imunização e condições sensíveis
4124113268660;410060;20241025;A153;2568.96;31;2025;03;01 - Doenças preveníveis por imunização e condições sensíveis
4124113268660;410060;20241025;A153;82.46;2;2025;04;01 - Doenças preveníveis por imunização e condições sensíveis
4124113268671;411950;20241030;A153;2531.95;30;2024;11;01 - Doenças preveníveis por imunização e condições sensíveis
4124113268671;411950;20241030;A153;3071.53;31;2024;12;01 - Doenças preveníveis por imunização e condições sensíveis
4124113268671;411950;20241030;A153;1907.32;22;2025;01;01 - Doenças preveníveis por imunização e condições sensíveis
4124113268671;411950;20241030;A153;164.92;1;2024;10;01 - Doenças preveníveis por imunização e condições sensíveis
4124113914415;411990;20241103;A152;2575.31;31;2024;12;01 - Doenças preveníveis por imunização e condições sensíveis
4124113914415;411990;20241103;A152;2315.23;28;2025;02;01 - Doenças preveníveis por imunização e condições sensíveis
4124113914415;411990;20241103;A152;1167.14;15;2025;04;01 - Doenças preveníveis por imunização e condições sensíveis
4124113914415;411990;20241103;A152;2521.49;27;2024;11;01 - Doenças preveníveis por imunização e condições sensíveis
4124113914415;411990;20241103;A152;2568.96;31;2025;01;01 - Doenças preveníveis por imunização e condições sensíveis
4124113914415;411990;20241103;A152;2619.76;31;2025;03;01 - Doenças preveníveis por imunização e condições sensíveis
4124113914426;410940;20241122;A150;910.3;8;2024;11;01 - Doenças preveníveis por imunização e condições sensíveis
4124113914426;410940;20241122;A150;2695.96;31;2025;01;01 - Doenças preveníveis por imunização e condições sensíveis
4124113914426;410940;20241122;A150;2497.24;28;2025;02;01 - Doenças preveníveis por imunização e condições sensíveis
4124113914426;410940;20241122;A150;507.46;6;2025;03;01 - Doenças preveníveis por imunização e condições sensíveis
4124113914426;410940;20241122;A150;2657.86;31;2024;12;01 - Doenças preveníveis por imunização e condições sensíveis
4124113914437;412260;20241106;A150;1154.44;15;2025;02;01 - Doenças preveníveis por imunização e condições sensíveis
4124113914437;412260;20241106;A150;2600.71;31;2025;01;01 - Doenças preveníveis por imunização e condições sensíveis
4124113914437;412260;20241106;A150;2607.06;31;2024;12;01 - Doenças preveníveis por imunização e condições sensíveis
4124113914437;412260;20241106;A150;2093.25;24;2024;11;01 - Doenças preveníveis por imunização e condições sensíveis
4124113914448;410040;20241118;A153;2588.01;31;2024;12;01 - Doenças preveníveis por imunização e condições sensíveis
4124113914448;410040;20241118;A153;1103.73;12;2024;11;01 - Doenças preveníveis por imunização e condições sensíveis
4124113914448;410040;20241118;A153;1243.25;16;2025;01;01 - Doenças preveníveis por imunização e condições sensíveis
4124113914459;410690;20241129;A150;2308.88;29;2025;01;01 - Doenças preveníveis por imunização e condições sensíveis
4124113914459;410690;20241129;A150;164.92;1;2024;11;01 - Doenças preveníveis por imunização e condições sensíveis
4124113914459;410690;20241129;A150;2775.22;31;2024;12;01 - Doenças preveníveis por imunização e condições sensíveis
4124113914460;411320;20241107;A153;2519.7;23;2024;11;01 - Doenças preveníveis por imunização e condições sensíveis
4124113914460;411320;20241107;A153;1186.19;15;2025;01;01 - Doenças preveníveis por imunização e condições sensíveis
4124113914460;411320;20241107;A153;2619.76;31;2024;12;01 - Doenças preveníveis por imunização e condições sensíveis
4124113914470;412410;20241108;A150;742.14;10;2025;02;01 - Doenças preveníveis por imunização e condições sensíveis
4124113914470;412410;20241108;A150;2568.96;31;2025;01;01 - Doenças preveníveis por imunização e condições sensíveis
4124113914470;412410;20241108;A150;2575.31;31;2024;12;01 - Doenças preveníveis por imunização e condições sensíveis
4124113914470;412410;20241108;A150;1903.93;22;2024;11;01 - Doenças preveníveis por imunização e condições sensíveis
4124113914481;410120;20241105;A153;2562.61;31;2025;03;01 - Doenças preveníveis por imunização e condições sensíveis
4124113914481;410120;20241105;A153;2638.81;31;2024;12;01 - Doenças preveníveis por imunização e condições sensíveis
4124113914481;410120;20241105;A153;2612.15;30;2025;04;01 - Doenças preveníveis por imunização e condições sensíveis
4124113914481;410120;20241105;A153;2213.81;25;2024;11;01 - Doenças preveníveis por imunização e condições sensíveis
4124113914481;410120;20241105;A153;2670.56;31;2025;01;01 - Doenças preveníveis por imunização e condições sensíveis
4124113914481;410120;20241105;A153;513.81;7;2025;05;01 - Doenças preveníveis por imunização e condições sensíveis
4124113914481;410120;20241105;A153;2429.53;28;2025;02;01 - Doenças preveníveis por imunização e condições sensíveis
4124113914492;412170;20241129;A150;2391.34;30;2025;04;01 - Doenças preveníveis por imunização e condições sensíveis
4124113914492;412170;20241129;A150;2562.61;31;2024;12;01 - Doenças preveníveis por imunização e condições sensíveis
4124113914492;412170;20241129;A150;164.92;1;2024;11;01 - Doenças preveníveis por imunização e condições sensíveis
4124113914492;412170;20241129;A150;2666.4;31;2025;03;01 - Doenças preveníveis por imunização e condições sensíveis
4124113914492;412170;20241129;A150;2623.04;28;2025;02;01 - Doenças preveníveis por imunização e condições sensíveis
4124113914492;412170;20241129;A150;2575.31;31;2025;01;01 - Doenças preveníveis por imunização e condições sensíveis
4124113914503;410140;20241130;A150;748.49;10;2025;01;01 - Doenças preveníveis por imunização e condições sensíveis
4124113914503;410140;20241130;A150;2626.11;31;2024;12;01 - Doenças preveníveis por imunização e condições sensíveis
4124113914503;410140;20241130;A150;82.46;0;2024;11;01 - Doenças preveníveis por imunização e condições sensíveis
4124113914525;410180;20241016;A153;1525.62;15;2024;12;01 - Doenças preveníveis por imunização e condições sensíveis
4124113914525;410180;20241016;A153;1681.04;20;2024;12;01 - Doenças preveníveis por imunização e condições sensíveis
4124113916890;410180;20241214;A150;2575.31;31;2025;03;01 - Doenças preveníveis por imunização e condições sensíveis
4124113916890;410180;20241214;A150;2664.34;30;2025;04;01 - Doenças preveníveis por imunização e condições sensíveis
4124113916890;410180;20241214;A150;2575.31;31;2025;01;01 - Doenças preveníveis por imunização e condições sensíveis
4124113916890;410180;20241214;A150;2321.58;28;2025;02;01 - Doenças preveníveis por imunização e condições sensíveis
4124113916890;410180;20241214;A150;247.38;4;2025;06;01 - Doenças preveníveis por imunização e condições sensíveis
4124113916890;410180;20241214;A150;2681.11;31;2025;05;01 - Doenças preveníveis por imunização e condições sensíveis
4124113916890;410180;20241214;A150;1497.98;17;2024;12;01 - Doenças preveníveis por imunização e condições sensíveis
4124113916901;410690;20241205;A150;1414.52;17;2025;02;01 - Doenças preveníveis por imunização e condições sensíveis
4124113916901;410690;20241205;A150;2259.17;26;2024;12;01 - Doenças preveníveis por imunização e condições sensíveis
4124113916901;410690;20241205;A150;2568.96;31;2025;01;01 - Doenças preveníveis por imunização e condições sensíveis
4124113916912;410690;20241226;A150;571.96;5;2024;12;01 - Doenças preveníveis por imunização e condições sensíveis
4124113916912;410690;20241226;A150;3412.46;31;2025;01;01 - Doenças preveníveis por imunização e condições sensíveis
4124113916912;410690;20241226;A150;2429.38;28;2025;02;01 - Doenças preveníveis por imunização e condições sensíveis
4124113916912;410690;20241226;A150;1617.54;20;2025;03;01 - Doenças preveníveis por imunização e condições sensíveis
4124113916923;411320;20241220;A158;1110.08;14;2025;02;01 - Doenças preveníveis por imunização e condições sensíveis
4124113916923;411320;20241220;A158;2775.22;31;2025;01;01 - Doenças preveníveis por imunização e condições sensíveis
4124113916923;411320;20241220;A158;1139.63;11;2024;12;01 - Doenças preveníveis por imunização e condições sensíveis
4124113916934;410440;20241216;A198;2949.53;31;2025;01;01 - Doenças preveníveis por imunização e condições sensíveis
4124113916934;410440;20241216;A198;2472.1;26;2025;03;01 - Doenças preveníveis por imunização e condições sensíveis
4124113916934;410440;20241216;A198;2554.38;28;2025;02;01 - Doenças preveníveis por imunização e condições sensíveis
4124113916934;410440;20241216;A198;1561.58;15;2024;12;01 - Doenças preveníveis por imunização e condições sensíveis
4124113916945;410470;20241218;A150;2562.61;31;2025;01;01 - Doenças preveníveis por imunização e condições sensíveis
4124113916945;410470;20241218;A150;2638.81;31;2025;03;01 - Doenças preveníveis por imunização e condições sensíveis
4124113916945;410470;20241218;A150;2530.95;30;2025;04;01 - Doenças preveníveis por imunização e condições sensíveis
4124113916945;410470;20241218;A150;2461.28;28;2025;02;01 - Doenças preveníveis por imunização e condições sensíveis
4124113916945;410470;20241218;A150;247.38;4;2025;06;01 - Doenças preveníveis por imunização e condições sensíveis
4124113916945;410470;20241218;A150;1167.14;13;2024;12;01 - Doenças preveníveis por imunização e condições sensíveis
4124113916945;410470;20241218;A150;2613.41;31;2025;05;01 - Doenças preveníveis por imunização e condições sensíveis
4124113916956;410773;20241211;A150;1826.91;20;2024;12;01 - Doenças preveníveis por imunização e condições sensíveis
4124113916956;410773;20241211;A150;1941.12;23;2025;01;01 - Doenças preveníveis por imunização e condições sensíveis
4124113930904;410690;20241115;A150;1148.27;13;2025;01;01 - Doenças preveníveis por imunização e condições sensíveis
4124113930904;410690;20241115;A150;1652.62;15;2025;01;01 - Doenças preveníveis por imunização e condições sensíveis
4124113931025;410690;20241213;A153;2124.75;18;2025;03;01 - Doenças preveníveis por imunização e condições sensíveis
4124113931025;410690;20241213;A153;2328.51;22;2025;03;01 - Doenças preveníveis por imunização e condições sensíveis
4124113931036;412120;20241219;A150;1814.3;21;2025;03;01 - Doenças preveníveis por imunização e condições sensíveis
4124113931036;412120;20241219;A150;2983.9;31;2025;03;01 - Doenças preveníveis por imunização e condições sensíveis
4124113931036;412120;20241219;A150;1224.38;12;2025;03;01 - Doenças preveníveis por imunização e condições sensíveis
4124113931212;410120;20241223;A150;1230.73;14;2025;03;01 - Doenças preveníveis por imunização e condições sensíveis
4124113931212;410120;20241223;A150;992.85;8;2025;03;01 - Doenças preveníveis por imunização e condições sensíveis
4124113931290;411520;20241228;A159;412.64;5;2025;03;01 - Doenças preveníveis por imunização e condições sensíveis
4124113931290;411520;20241228;A159;386.59;3;2025;03;01 - Doenças preveníveis por imunização e condições sensíveis
4124115183749;410580;20241230;A150;3041.05;31;2025;03;01 - Doenças preveníveis por imunização e condições sensíveis
4124115183749;410580;20241230;A150;2708.66;31;2025;06;01 - Doenças preveníveis por imunização e condições sensíveis
4124115183749;410580;20241230;A150;2664.48;28;2025;03;01 - Doenças preveníveis por imunização e condições sensíveis
4124115183749;410580;20241230;A150;183.97;1;2025;03;01 - Doenças preveníveis por imunização e condições sensíveis
4124115183749;410580;20241230;A150;2277.49;25;2025;06;01 - Doenças preveníveis por imunização e condições sensíveis
4125100147267;410690;20241001;A152;3462.78;30;2025;01;01 - Doenças preveníveis por imunização e condições sensíveis
4125100147267;410690;20241001;A152;5738.69;30;2025;01;01 - Doenças preveníveis por imunização e condições sensíveis
4125100147267;410690;20241001;A152;2339.61;16;2025;01;01 - Doenças preveníveis por imunização e condições sensíveis
4125100495880;410690;20250204;A153;2931.42;24;2025;03;01 - Doenças preveníveis por imunização e condições sensíveis
4125100495880;410690;20250204;A153;3590.42;14;2025;03;01 - Doenças preveníveis por imunização e condições sensíveis
4125100511136;410690;20250207;A157;1119.99;12;2025;03;01 - Doenças preveníveis por imunização e condições sensíveis
4125100511136;410690;20250207;A157;2649.61;21;2025;03;01 - Doenças preveníveis por imunização e condições sensíveis
4125100984345;410690;20250509;J449;2735.78;27;2025;07;08 - Doenças pulmonares
4125100984345;410690;20250509;J449;2362.31;22;2025;06;08 - Doenças pulmonares
4125101069056;410690;20250529;J449;3072.72;31;2025;10;08 - Doenças pulmonares
4125101069056;410690;20250529;J449;3079.07;31;2025;07;08 - Doenças pulmonares
4125101069056;410690;20250529;J449;73.72;1;2025;10;08 - Doenças pulmonares
4125101069056;410690;20250529;J449;3251.91;32;2025;06;08 - Doenças pulmonares
4125101462614;410690;20250805;A188;4058.96;26;2025;09;01 - Doenças preveníveis por imunização e condições sensíveis
4125101462614;410690;20250805;A188;1130.71;12;2025;09;01 - Doenças preveníveis por imunização e condições sensíveis
4125101462636;410690;20250702;A188;1676.51;17;2025;09;01 - Doenças preveníveis por imunização e condições sensíveis
4125101462636;410690;20250702;A188;5180.76;31;2025;09;01 - Doenças preveníveis por imunização e condições sensíveis
4125101462636;410690;20250702;A188;17995.81;29;2025;09;01 - Doenças preveníveis por imunização e condições sensíveis
4125101619056;410690;20250809;J449;2425.81;22;2025;10;08 - Doenças pulmonares
4125101619056;410690;20250809;J449;2713.25;30;2025;10;08 - Doenças pulmonares
4125101619056;410690;20250809;J449;3079.07;31;2025;11;08 - Doenças pulmonares
4125101619056;410690;20250809;J449;1691.39;18;2025;11;08 - Doenças pulmonares
4125109634350;410765;20250125;A150;926.11;12;2025;02;01 - Doenças preveníveis por imunização e condições sensíveis
4125109634350;410765;20250125;A150;633.17;6;2025;01;01 - Doenças preveníveis por imunização e condições sensíveis
4125109634360;410690;20250124;A159;659.68;7;2025;01;01 - Doenças preveníveis por imunização e condições sensíveis
4125109634360;410690;20250124;A159;2353.33;28;2025;02;01 - Doenças preveníveis por imunização e condições sensíveis
4125109634360;410690;20250124;A159;2695.96;31;2025;03;01 - Doenças preveníveis por imunização e condições sensíveis
4125109634360;410690;20250124;A159;2531.04;30;2025;04;01 - Doenças preveníveis por imunização e condições sensíveis
4125109634382;411320;20250117;A159;1721.62;14;2025;01;01 - Doenças preveníveis por imunização e condições sensíveis
4125109634382;411320;20250117;A159;418.77;4;2025;02;01 - Doenças preveníveis por imunização e condições sensíveis
4125109634393;411320;20250117;A159;1575.25;18;2025;02;01 - Doenças preveníveis por imunização e condições sensíveis
4125109634393;411320;20250117;A159;1300.4;14;2025;01;01 - Doenças preveníveis por imunização e condições sensíveis
4125109634404;410420;20250116;A159;1052.04;12;2025;03;01 - Doenças preveníveis por imunização e condições sensíveis
4125109634404;410420;20250116;A159;1370.16;15;2025;01;01 - Doenças preveníveis por imunização e condições sensíveis
4125109634404;410420;20250116;A159;2416.68;28;2025;02;01 - Doenças preveníveis por imunização e condições sensíveis
4125109634415;410690;20250106;A159;2207.46;25;2025;01;01 - Doenças preveníveis por imunização e condições sensíveis
4125109634415;410690;20250106;A159;2773.2;28;2025;02;01 - Doenças preveníveis por imunização e condições sensíveis
4125109634415;410690;20250106;A159;1141.83;14;2025;03;01 - Doenças preveníveis por imunização e condições sensíveis
4125109650079;410690;20250128;A150;1148.27;13;2025;08;01 - Doenças preveníveis por imunização e condições sensíveis
4125109650079;410690;20250128;A150;2613.68;28;2025;04;01 - Doenças preveníveis por imunização e condições sensíveis
4125109650079;410690;20250128;A150;386.99;3;2025;04;01 - Doenças preveníveis por imunização e condições sensíveis
4125109650079;410690;20250128;A150;2689.7;30;2025;07;01 - Doenças preveníveis por imunização e condições sensíveis
4125109650079;410690;20250128;A150;3062.12;31;2025;06;01 - Doenças preveníveis por imunização e condições sensíveis
4125109650080;410690;20250116;A150;577.31;7;2025;03;01 - Doenças preveníveis por imunização e condições sensíveis
4125109650080;410690;20250116;A150;1490.81;15;2025;03;01 - Doenças preveníveis por imunização e condições sensíveis
4125109650090;411915;20250110;A150;2530.32;21;2025;04;01 - Doenças preveníveis por imunização e condições sensíveis
4125109650090;411915;20250110;A150;3776.08;31;2025;06;01 - Doenças preveníveis por imunização e condições sensíveis
4125109650090;411915;20250110;A150;932.55;10;2025;06;01 - Doenças preveníveis por imunização e condições sensíveis
4125109650090;411915;20250110;A150;2681.54;28;2025;05;01 - Doenças preveníveis por imunização e condições sensíveis
4125109650101;411370;20250125;A150;1046.76;12;2025;03;01 - Doenças preveníveis por imunização e condições sensíveis
4125109650101;411370;20250125;A150;629.02;6;2025;03;01 - Doenças preveníveis por imunização e condições sensíveis
4125109650222;410690;20250121;A150;1237.08;14;2025;04;01 - Doenças preveníveis por imunização e condições sensíveis
4125109650222;410690;20250121;A150;1114.62;10;2025;04;01 - Doenças preveníveis por imunização e condições sensíveis
4125109650354;410690;20250216;A150;591.82;6;2025;05;01 - Doenças preveníveis por imunização e condições sensíveis
4125109650354;410690;20250216;A150;2056.62;12;2025;05;01 - Doenças preveníveis por imunização e condições sensíveis
4125109650365;411520;20250209;A150;291.83;4;2025;05;01 - Doenças preveníveis por imunização e condições sensíveis
4125109650365;411520;20250209;A150;1858.75;19;2025;05;01 - Doenças preveníveis por imunização e condições sensíveis
4125109650398;410690;20250227;A150;291.83;4;2025;05;01 - Doenças preveníveis por imunização e condições sensíveis
4125109650398;410690;20250227;A150;177.62;1;2025;05;01 - Doenças preveníveis por imunização e condições sensíveis
4125109650497;410690;20250218;A150;701.02;6;2025;05;01 - Doenças preveníveis por imunização e condições sensíveis
4125109650497;410690;20250218;A150;1538.07;10;2025;05;01 - Doenças preveníveis por imunização e condições sensíveis
4125109650520;410690;20250226;A150;2777.94;26;2025;06;01 - Doenças preveníveis por imunização e condições sensíveis
4125109650520;410690;20250226;A150;291.83;2;2025;05;01 - Doenças preveníveis por imunização e condições sensíveis
4125109650563;410690;20250117;A150;1514.01;14;2025;04;01 - Doenças preveníveis por imunização e condições sensíveis
4125109650563;410690;20250117;A150;2264.79;25;2025;04;01 - Doenças preveníveis por imunização e condições sensíveis
4125109650630;410690;20250114;A150;3145.52;31;2025;06;01 - Doenças preveníveis por imunização e condições sensíveis
4125109650630;410690;20250114;A150;1243.43;14;2025;06;01 - Doenças preveníveis por imunização e condições sensíveis
4125109650630;410690;20250114;A150;2721.63;28;2025;04;01 - Doenças preveníveis por imunização e condições sensíveis
4125109650630;410690;20250114;A150;2243.27;17;2025;04;01 - Doenças preveníveis por imunização e condições sensíveis
4125109650882;410690;20250216;A150;2779.69;25;2025;05;01 - Doenças preveníveis por imunização e condições sensíveis
4125109650882;410690;20250216;A150;1421.32;12;2025;05;01 - Doenças preveníveis por imunização e condições sensíveis
4125109650904;410690;20250324;A150;2277.49;25;2025;06;01 - Doenças preveníveis por imunização e condições sensíveis
4125109650904;410690;20250324;A150;988.78;7;2025;06;01 - Doenças preveníveis por imunização e condições sensíveis
4125109650915;410580;20250325;A150;973.05;6;2025;05;01 - Doenças preveníveis por imunização e condições sensíveis
4125109650915;410580;20250325;A150;291.83;4;2025;06;01 - Doenças preveníveis por imunização e condições sensíveis
4125109651080;410765;20250318;A150;1359.93;13;2025;05;01 - Doenças preveníveis por imunização e condições sensíveis
4125109651080;410765;20250318;A150;196.67;3;2025;05;01 - Doenças preveníveis por imunização e condições sensíveis
4125109651223;412550;20250328;A150;438.79;3;2025;05;01 - Doenças preveníveis por imunização e condições sensíveis
4125109651223;412550;20250328;A150;768.63;9;2025;05;01 - Doenças preveníveis por imunização e condições sensíveis
4125109651267;410690;20250330;A150;570.96;7;2025;06;01 - Doenças preveníveis por imunização e condições sensíveis
4125109651267;410690;20250330;A150;178.62;1;2025;06;01 - Doenças preveníveis por imunização e condições sensíveis
4125110348667;411320;20250214;A151;907.06;12;2025;09;01 - Doenças preveníveis por imunização e condições sensíveis
4125110348667;410240;20250214;A151;2663.23;30;2025;04;01 - Doenças preveníveis por imunização e condições sensíveis
4125110348667;410240;20250214;A151;2745.69;31;2025;03;01 - Doenças preveníveis por imunização e condições sensíveis
4125110348667;410240;20250214;A151;2613.41;31;2025;05;01 - Doenças preveníveis por imunização e condições sensíveis
4125110348667;410240;20250214;A151;2575.31;31;2025;07;01 - Doenças preveníveis por imunização e condições sensíveis
4125110348667;410240;20250214;A151;1276.0;14;2025;02;01 - Doenças preveníveis por imunização e condições sensíveis
4125110348667;410240;20250214;A151;2492.85;30;2025;06;01 - Doenças preveníveis por imunização e condições sensíveis
4125110348667;410240;20250214;A151;2568.96;31;2025;08;01 - Doenças preveníveis por imunização e condições sensíveis
4125110348678;410865;20250213;A153;2480.15;30;2025;06;01 - Doenças preveníveis por imunização e condições sensíveis
4125110348678;410865;20250213;A153;1333.06;15;2025;02;01 - Doenças preveníveis por imunização e condições sensíveis
4125110348678;410865;20250213;A153;2581.66;31;2025;07;01 - Doenças preveníveis por imunização e condições sensíveis
4125110348678;410865;20250213;A153;2505.55;30;2025;04;01 - Doenças preveníveis por imunização e condições sensíveis
4125110348678;410865;20250213;A153;2562.61;31;2025;03;01 - Doenças preveníveis por imunização e condições sensíveis
4125110348678;410865;20250213;A153;596.27;8;2025;08;01 - Doenças preveníveis por imunização e condições sensíveis
4125110348678;410865;20250213;A153;3008.03;31;2025;05;01 - Doenças preveníveis por imunização e condições sensíveis
4125110348689;412120;20250221;A159;2448.49;30;2025;06;01 - Doenças preveníveis por imunização e condições sensíveis
4125110348689;412120;20250221;A159;698.78;7;2025;02;01 - Doenças preveníveis por imunização e condições sensíveis
4125110348689;412120;20250221;A159;2619.76;31;2025;03;01 - Doenças preveníveis por imunização e condições sensíveis
4125110348689;412120;20250221;A159;2530.95;30;2025;04;01 - Doenças preveníveis por imunização e condições sensíveis
4125110348689;412120;20250221;A159;2645.16;31;2025;05;01 - Doenças preveníveis por imunização e condições sensíveis
4125110348690;410690;20250224;A151;432.35;4;2025;02;01 - Doenças preveníveis por imunização e condições sensíveis
4125110348690;410690;20250224;A151;2467.54;30;2025;04;01 - Doenças preveníveis por imunização e condições sensíveis
4125110348690;410690;20250224;A151;2645.16;31;2025;03;01 - Doenças preveníveis por imunização e condições sensíveis
4125110348700;410040;20250216;A151;1092.03;12;2025;02;01 - Doenças preveníveis por imunização e condições sensíveis
4125110348700;410040;20250216;A151;2562.61;31;2025;07;01 - Doenças preveníveis por imunização e condições sensíveis
4125110348700;410040;20250216;A151;2588.01;31;2025;08;01 - Doenças preveníveis por imunização e condições sensíveis
4125110348700;410040;20250216;A151;2480.15;30;2025;06;01 - Doenças preveníveis por imunização e condições sensíveis
4125110348700;410040;20250216;A151;2480.15;30;2025;09;01 - Doenças preveníveis por imunização e condições sensíveis
4125110348700;410040;20250216;A151;2575.31;31;2025;03;01 - Doenças preveníveis por imunização e condições sensíveis
4125110348700;410040;20250216;A151;2486.5;30;2025;04;01 - Doenças preveníveis por imunização e condições sensíveis
4125110348700;410040;20250216;A151;2568.96;31;2025;05;01 - Doenças preveníveis por imunização e condições sensíveis
4125110348711;410370;20250205;A159;1826.82;23;2025;07;01 - Doenças preveníveis por imunização e condições sensíveis
4125110348711;410370;20250205;A159;2505.55;30;2025;04;01 - Doenças preveníveis por imunização e condições sensíveis
4125110348711;410370;20250205;A159;2759.46;31;2025;03;01 - Doenças preveníveis por imunização e condições sensíveis
4125110348711;410370;20250205;A159;2030.84;23;2025;02;01 - Doenças preveníveis por imunização e condições sensíveis
4125110348711;410370;20250205;A159;2600.71;31;2025;05;01 - Doenças preveníveis por imunização e condições sensíveis
4125110348711;410370;20250205;A159;2480.15;30;2025;06;01 - Doenças preveníveis por imunização e condições sensíveis
4125110348722;412625;20250212;A150;1440.92;16;2025;02;01 - Doenças preveníveis por imunização e condições sensíveis
4125110348722;412625;20250212;A150;926.11;12;2025;03;01 - Doenças preveníveis por imunização e condições sensíveis
4125110348733;410690;20250212;A151;1497.92;16;2025;02;01 - Doenças preveníveis por imunização e condições sensíveis
4125110348733;410690;20250212;A151;1864.77;23;2025;04;01 - Doenças preveníveis por imunização e condições sensíveis
4125110348733;410690;20250212;A151;2645.16;31;2025;03;01 - Doenças preveníveis por imunização e condições sensíveis
4125110348744;412750;20250213;A150;2562.61;31;2025;05;01 - Doenças preveníveis por imunização e condições sensíveis
4125110348744;412750;20250213;A150;2480.15;30;2025;04;01 - Doenças preveníveis por imunização e condições sensíveis
4125110348744;412750;20250213;A150;1371.16;15;2025;02;01 - Doenças preveníveis por imunização e condições sensíveis
4125110348744;412750;20250213;A150;2480.15;30;2025;06;01 - Doenças preveníveis por imunização e condições sensíveis
4125110348744;412750;20250213;A150;82.46;2;2025;08;01 - Doenças preveníveis por imunização e condições sensíveis
4125110348744;412750;20250213;A150;2613.41;31;2025;03;01 - Doenças preveníveis por imunização e condições sensíveis
4125110348744;412750;20250213;A150;2575.31;31;2025;07;01 - Doenças preveníveis por imunização e condições sensíveis
4125110348832;410765;20250218;A153;2397.69;30;2025;04;01 - Doenças preveníveis por imunização e condições sensíveis
4125110348832;410765;20250218;A153;951.51;10;2025;02;01 - Doenças preveníveis por imunização e condições sensíveis
4125110348832;410765;20250218;A153;2562.61;31;2025;03;01 - Doenças preveníveis por imunização e condições sensíveis
4125110350350;410120;20250326;A153;2613.41;31;2025;07;01 - Doenças preveníveis por imunização e condições sensíveis
4125110350350;410120;20250326;A153;2505.55;30;2025;06;01 - Doenças preveníveis por imunização e condições sensíveis
4125110350350;410120;20250326;A153;514.81;5;2025;03;01 - Doenças preveníveis por imunização e condições sensíveis
4125110350350;410120;20250326;A153;2543.65;30;2025;04;01 - Doenças preveníveis por imunização e condições sensíveis
4125110350350;410120;20250326;A153;3129.18;31;2025;05;01 - Doenças preveníveis por imunização e condições sensíveis
4125110350350;411320;20250326;A153;1909.28;24;2025;09;01 - Doenças preveníveis por imunização e condições sensíveis
4125110350350;410120;20250326;A153;2568.96;31;2025;08;01 - Doenças preveníveis por imunização e condições sensíveis
4125110350361;410690;20250314;A153;2645.16;31;2025;05;01 - Doenças preveníveis por imunização e condições sensíveis
4125110350361;410690;20250314;A153;685.08;9;2025;07;01 - Doenças preveníveis por imunização e condições sensíveis
4125110350361;410690;20250314;A153;2550.0;30;2025;06;01 - Doenças preveníveis por imunização e condições sensíveis
4125110350361;410690;20250314;A153;2550.0;30;2025;04;01 - Doenças preveníveis por imunização e condições sensíveis
4125110350361;410690;20250314;A153;1529.73;17;2025;03;01 - Doenças preveníveis por imunização e condições sensíveis
4125110350372;410180;20250323;A153;762.19;8;2025;03;01 - Doenças preveníveis por imunização e condições sensíveis
4125110350372;410180;20250323;A153;1173.49;15;2025;04;01 - Doenças preveníveis por imunização e condições sensíveis
4125110350383;410690;20250307;A153;2473.8;30;2025;04;01 - Doenças preveníveis por imunização e condições sensíveis
4125110350383;410690;20250307;A153;2239.21;27;2025;09;01 - Doenças preveníveis por imunização e condições sensíveis
4125110350383;410690;20250307;A153;2656.16;24;2025;03;01 - Doenças preveníveis por imunização e condições sensíveis
4125110350383;410690;20250307;A153;2645.16;31;2025;07;01 - Doenças preveníveis por imunização e condições sensíveis
4125110350383;410690;20250307;A153;2638.81;31;2025;05;01 - Doenças preveníveis por imunização e condições sensíveis
4125110350383;410690;20250307;A153;2550.0;30;2025;06;01 - Doenças preveníveis por imunização e condições sensíveis
4125110350383;410690;20250307;A153;2626.11;31;2025;08;01 - Doenças preveníveis por imunização e condições sensíveis
4125110350394;411990;20250301;A153;2671.56;30;2025;03;01 - Doenças preveníveis por imunização e condições sensíveis
4125110350394;411990;20250301;A153;1996.98;24;2025;04;01 - Doenças preveníveis por imunização e condições sensíveis
4125110350405;411430;20250313;A153;513.81;7;2025;05;01 - Doenças preveníveis por imunização e condições sensíveis
4125110350405;411430;20250313;A153;1599.49;18;2025;03;01 - Doenças preveníveis por imunização e condições sensíveis
4125110350405;411430;20250313;A153;2550.0;30;2025;04;01 - Doenças preveníveis por imunização e condições sensíveis
4125110350416;410690;20250319;A153;1072.98;12;2025;03;01 - Doenças preveníveis por imunização e condições sensíveis
4125110350416;410690;20250319;A153;507.46;7;2025;05;01 - Doenças preveníveis por imunização e condições sensíveis
4125110350416;410690;20250319;A153;2912.87;30;2025;04;01 - Doenças preveníveis por imunização e condições sensíveis
4125110365365;410580;20250213;A150;272.78;3;2025;05;01 - Doenças preveníveis por imunização e condições sensíveis
4125110365365;410580;20250213;A150;1569.05;15;2025;05;01 - Doenças preveníveis por imunização e condições sensíveis
4125110365365;410580;20250213;A150;3655.87;31;2025;05;01 - Doenças preveníveis por imunização e condições sensíveis
4125110365365;410580;20250213;A150;3032.6;30;2025;05;01 - Doenças preveníveis por imunização e condições sensíveis
4125110365376;410690;20250424;A150;1072.16;12;2025;06;01 - Doenças preveníveis por imunização e condições sensíveis
4125110365376;410690;20250424;A150;788.96;6;2025;06;01 - Doenças preveníveis por imunização e condições sensíveis
4125110365442;410690;20250429;A150;672.47;8;2025;06;01 - Doenças preveníveis por imunização e condições sensíveis
4125110365442;410690;20250429;A150;177.62;1;2025;06;01 - Doenças preveníveis por imunização e condições sensíveis
4125110365673;410690;20250428;A150;914.33;2;2025;07;01 - Doenças preveníveis por imunização e condições sensíveis
4125110365673;410690;20250428;A150;1287.65;14;2025;07;01 - Doenças preveníveis por imunização e condições sensíveis
4125111010581;410180;20250423;A150;697.78;7;2025;04;01 - Doenças preveníveis por imunização e condições sensíveis
4125111010581;410180;20250423;A150;520.16;7;2025;05;01 - Doenças preveníveis por imunização e condições sensíveis
4125111010592;410040;20250401;A150;418.65;6;2025;10;01 - Doenças preveníveis por imunização e condições sensíveis
4125111010592;410040;20250401;A150;2480.15;30;2025;09;01 - Doenças preveníveis por imunização e condições sensíveis
4125111010592;410040;20250401;A150;2575.31;31;2025;05;01 - Doenças preveníveis por imunização e condições sensíveis
4125111010592;410040;20250401;A150;2562.61;31;2025;08;01 - Doenças preveníveis por imunização e condições sensíveis
4125111010592;410040;20250401;A150;2749.41;29;2025;04;01 - Doenças preveníveis por imunização e condições sensíveis
4125111010592;410040;20250401;A150;2480.15;30;2025;06;01 - Doenças preveníveis por imunização e condições sensíveis
4125111010592;410040;20250401;A150;2562.61;31;2025;07;01 - Doenças preveníveis por imunização e condições sensíveis
4125111010603;410690;20250424;A150;2575.31;31;2025;05;01 - Doenças preveníveis por imunização e condições sensíveis
4125111010603;410690;20250424;A150;1991.74;25;2025;06;01 - Doenças preveníveis por imunização e condições sensíveis
4125111010603;410690;20250424;A150;997.24;6;2025;04;01 - Doenças preveníveis por imunização e condições sensíveis
4125111026597;410690;20250530;A182;178.62;1;2025;07;01 - Doenças preveníveis por imunização e condições sensíveis
4125111026597;410690;20250530;A182;285.48;4;2025;07;01 - Doenças preveníveis por imunização e condições sensíveis
4125111026751;410690;20250529;A150;1078.51;12;2025;08;01 - Doenças preveníveis por imunização e condições sensíveis
4125111026751;410690;20250529;A150;279.13;2;2025;07;01 - Doenças preveníveis por imunização e condições sensíveis
4125111027158;410690;20250531;A150;1780.18;18;2025;07;01 - Doenças preveníveis por imunização e condições sensíveis
4125111027158;410690;20250531;A150;102.51;0;2025;07;01 - Doenças preveníveis por imunização e condições sensíveis
4125111786180;411320;20250530;A158;2704.59;30;2025;07;01 - Doenças preveníveis por imunização e condições sensíveis
4125111786180;411320;20250530;A158;2775.31;30;2025;06;01 - Doenças preveníveis por imunização e condições sensíveis
4125111786180;411320;20250530;A158;165.92;1;2025;05;01 - Doenças preveníveis por imunização e condições sensíveis
4125111786191;410690;20250530;A153;1718.22;18;2025;06;01 - Doenças preveníveis por imunização e condições sensíveis
4125111786191;410690;20250530;A153;165.92;1;2025;05;01 - Doenças preveníveis por imunização e condições sensíveis
4125111786202;411320;20250529;A153;2594.21;31;2025;10;01 - Doenças preveníveis por imunização e condições sensíveis
4125111786202;411320;20250529;A153;2315.23;29;2025;11;01 - Doenças preveníveis por imunização e condições sensíveis
4125111786202;411320;20250529;A153;2581.66;31;2025;07;01 - Doenças preveníveis por imunização e condições sensíveis
4125111786202;411320;20250529;A153;2518.1;30;2025;09;01 - Doenças preveníveis por imunização e condições sensíveis
4125111786202;411320;20250529;A153;2586.81;31;2025;08;01 - Doenças preveníveis por imunização e condições sensíveis
4125111786202;411320;20250529;A153;248.38;2;2025;05;01 - Doenças preveníveis por imunização e condições sensíveis
4125111786202;411320;20250529;A153;2622.91;30;2025;06;01 - Doenças preveníveis por imunização e condições sensíveis
4125111786224;410690;20250530;A150;2365.88;28;2026;02;01 - Doenças preveníveis por imunização e condições sensíveis
4125111786224;410690;20250530;A150;164.92;1;2025;05;01 - Doenças preveníveis por imunização e condições sensíveis
4125111786224;410690;20250530;A150;2670.41;31;2025;08;01 - Doenças preveníveis por imunização e condições sensíveis
4125111786224;410690;20250530;A150;266.43;4;2026;03;01 - Doenças preveníveis por imunização e condições sensíveis
4125111786224;410690;20250530;A150;2938.27;30;2025;11;01 - Doenças preveníveis por imunização e condições sensíveis
4125111786224;410690;20250530;A150;2543.65;30;2025;09;01 - Doenças preveníveis por imunização e condições sensíveis
4125111786224;410690;20250530;A150;3099.12;31;2026;01;01 - Doenças preveníveis por imunização e condições sensíveis
4125111786224;410690;20250530;A150;2588.01;31;2025;10;01 - Doenças preveníveis por imunização e condições sensíveis
4125111786224;410690;20250530;A150;2762.52;31;2025;12;01 - Doenças preveníveis por imunização e condições sensíveis
4125111786224;410690;20250530;A150;2783.85;30;2025;06;01 - Doenças preveníveis por imunização e condições sensíveis
4125111786224;410690;20250530;A150;2664.21;31;2025;07;01 - Doenças preveníveis por imunização e condições sensíveis
4125111786235;411320;20250527;A158;2792.4;29;2025;06;01 - Doenças preveníveis por imunização e condições sensíveis
4125111786235;411320;20250527;A158;426.0;4;2025;05;01 - Doenças preveníveis por imunização e condições sensíveis
4125111786246;411100;20250523;A153;2568.96;31;2025;08;01 - Doenças preveníveis por imunização e condições sensíveis
4125111786246;411100;20250523;A153;2550.0;30;2025;09;01 - Doenças preveníveis por imunização e condições sensíveis
4125111786246;411100;20250523;A153;2581.66;31;2025;12;01 - Doenças preveníveis por imunização e condições sensíveis
4125111786246;411100;20250523;A153;885.9;8;2025;05;01 - Doenças preveníveis por imunização e condições sensíveis
4125111786246;411100;20250523;A153;2492.85;30;2025;11;01 - Doenças preveníveis por imunização e condições sensíveis
4125111786246;411100;20250523;A153;82.46;2;2026;03;01 - Doenças preveníveis por imunização e condições sensíveis
4125111786246;411100;20250523;A153;2804.82;31;2026;01;01 - Doenças preveníveis por imunização e condições sensíveis
4125111786246;411100;20250523;A153;2626.11;31;2025;10;01 - Doenças preveníveis por imunização e condições sensíveis
4125111786246;411100;20250523;A153;2550.0;30;2025;06;01 - Doenças preveníveis por imunização e condições sensíveis
4125111786246;411100;20250523;A153;2685.45;31;2025;07;01 - Doenças preveníveis por imunização e condições sensíveis
4125111786246;411100;20250523;A153;2371.18;28;2026;02;01 - Doenças preveníveis por imunização e condições sensíveis
4125111786257;410690;20250505;A153;2597.78;26;2025;05;01 - Doenças preveníveis por imunização e condições sensíveis
4125111786257;410690;20250505;A153;444.05;6;2025;06;01 - Doenças preveníveis por imunização e condições sensíveis
4125111786268;411320;20250501;A153;678.73;9;2025;07;01 - Doenças preveníveis por imunização e condições sensíveis
4125111786268;411320;20250501;A153;2737.12;30;2025;05;01 - Doenças preveníveis por imunização e condições sensíveis
4125111786268;411320;20250501;A153;2518.25;30;2025;06;01 - Doenças preveníveis por imunização e condições sensíveis
4125111786279;411320;20250520;A153;2499.2;30;2025;06;01 - Doenças preveníveis por imunização e condições sensíveis
4125111786279;411320;20250520;A153;2581.66;31;2025;07;01 - Doenças preveníveis por imunização e condições sensíveis
4125111786279;411320;20250520;A153;1415.89;11;2025;05;01 - Doenças preveníveis por imunização e condições sensíveis
4125111786279;411320;20250520;A153;82.46;2;2025;08;01 - Doenças preveníveis por imunização e condições sensíveis
4125111786280;410180;20250506;A153;2440.08;29;2025;07;01 - Doenças preveníveis por imunização e condições sensíveis
4125111786280;410180;20250506;A153;2524.6;30;2025;06;01 - Doenças preveníveis por imunização e condições sensíveis
4125111786280;410180;20250506;A153;2195.76;25;2025;05;01 - Doenças preveníveis por imunização e condições sensíveis
4125111786664;410690;20250502;A150;2653.79;30;2025;06;01 - Doenças preveníveis por imunização e condições sensíveis
4125111786664;410690;20250502;A150;171.27;3;2025;09;01 - Doenças preveníveis por imunização e condições sensíveis
4125111786664;410690;20250502;A150;2550.0;29;2025;05;01 - Doenças preveníveis por imunização e condições sensíveis
4125111786664;410690;20250502;A150;2638.81;31;2025;07;01 - Doenças preveníveis por imunização e condições sensíveis
4125111786664;410690;20250502;A150;2626.11;31;2025;08;01 - Doenças preveníveis por imunização e condições sensíveis
4125111788204;412770;20250621;A198;831.95;9;2025;06;01 - Doenças preveníveis por imunização e condições sensíveis
4125111788204;412770;20250621;A198;2897.02;31;2025;08;01 - Doenças preveníveis por imunização e condições sensíveis
4125111788204;412770;20250621;A198;2651.51;31;2025;10;01 - Doenças preveníveis por imunização e condições sensíveis
4125111788204;412770;20250621;A198;748.49;10;2025;12;01 - Doenças preveníveis por imunização e condições sensíveis
4125111788204;412770;20250621;A198;2562.7;30;2025;09;01 - Doenças preveníveis por imunização e condições sensíveis
4125111788204;412770;20250621;A198;2543.65;30;2025;11;01 - Doenças preveníveis por imunização e condições sensíveis
4125111788204;412770;20250621;A198;2842.01;31;2025;08;01 - Doenças preveníveis por imunização e condições sensíveis
4125111788215;410690;20250606;A158;444.05;6;2025;12;01 - Doenças preveníveis por imunização e condições sensíveis
4125111788215;410690;20250606;A158;2619.76;31;2025;08;01 - Doenças preveníveis por imunização e condições sensíveis
4125111788215;410690;20250606;A158;2594.36;31;2025;08;01 - Doenças preveníveis por imunização e condições sensíveis
4125111788215;410690;20250606;A158;2550.0;30;2025;09;01 - Doenças preveníveis por imunização e condições sensíveis
4125111788215;410690;20250606;A158;2651.51;31;2025;10;01 - Doenças preveníveis por imunização e condições sensíveis
4125111788215;410690;20250606;A158;2575.4;30;2025;11;01 - Doenças preveníveis por imunização e condições sensíveis
4125111788215;410690;20250606;A158;2081.55;24;2025;08;01 - Doenças preveníveis por imunização e condições sensíveis
4125111788237;411320;20250618;A198;2556.35;30;2025;11;01 - Doenças preveníveis por imunização e condições sensíveis
4125111788237;411320;20250618;A198;2893.72;31;2025;10;01 - Doenças preveníveis por imunização e condições sensíveis
4125111788237;411320;20250618;A198;1233.79;12;2025;06;01 - Doenças preveníveis por imunização e condições sensíveis
4125111788237;411320;20250618;A198;945.16;12;2025;12;01 - Doenças preveníveis por imunização e condições sensíveis
4125111788237;411320;20250618;A198;2619.76;31;2025;08;01 - Doenças preveníveis por imunização e condições sensíveis
4125111788237;411320;20250618;A198;2663.8;30;2025;09;01 - Doenças preveníveis por imunização e condições sensíveis
4125111788237;411320;20250618;A198;2657.86;31;2025;07;01 - Doenças preveníveis por imunização e condições sensíveis
4125111788248;410940;20250611;A198;171.27;3;2025;07;01 - Doenças preveníveis por imunização e condições sensíveis
4125111788248;410940;20250611;A198;1662.9;19;2025;06;01 - Doenças preveníveis por imunização e condições sensíveis
4125111788314;410690;20250609;A158;164.92;2;2025;07;01 - Doenças preveníveis por imunização e condições sensíveis
4125111788314;410690;20250609;A158;1834.17;21;2025;06;01 - Doenças preveníveis por imunização e condições sensíveis
4125111788325;412625;20250605;A158;2273.15;25;2025;06;01 - Doenças preveníveis por imunização e condições sensíveis
4125111788325;412625;20250605;A158;2562.61;31;2025;07;01 - Doenças preveníveis por imunização e condições sensíveis
4125111788325;412625;20250605;A158;2613.41;31;2025;10;01 - Doenças preveníveis por imunização e condições sensíveis
4125111788325;412625;20250605;A158;1414.52;18;2025;12;01 - Doenças preveníveis por imunização e condições sensíveis
4125111788325;412625;20250605;A158;2537.3;30;2025;09;01 - Doenças preveníveis por imunização e condições sensíveis
4125111788325;412625;20250605;A158;2568.96;31;2025;08;01 - Doenças preveníveis por imunização e condições sensíveis
4125111788325;412625;20250605;A158;2504.35;30;2025;11;01 - Doenças preveníveis por imunização e condições sensíveis
4125111788336;410690;20250603;A158;1198.89;14;2025;07;01 - Doenças preveníveis por imunização e condições sensíveis
4125111788336;410690;20250603;A158;2592.49;27;2025;06;01 - Doenças preveníveis por imunização e condições sensíveis
4125111788347;410480;20250605;A158;2144.96;25;2025;06;01 - Doenças preveníveis por imunização e condições sensíveis
4125111788347;410480;20250605;A158;2194.76;27;2025;07;01 - Doenças preveníveis por imunização e condições sensíveis
4125111788358;410980;20250610;A158;1731.66;20;2025;06;01 - Doenças preveníveis por imunização e condições sensíveis
4125111788358;410980;20250610;A158;1255.95;16;2025;07;01 - Doenças preveníveis por imunização e condições sensíveis
4125111803076;410480;20250711;A151;2291.53;20;2025;10;01 - Doenças preveníveis por imunização e condições sensíveis
4125111803076;410480;20250711;A151;1383.08;11;2025;10;01 - Doenças preveníveis por imunização e condições sensíveis
4125112447709;411320;20250704;A158;2600.71;31;2025;10;01 - Doenças preveníveis por imunização e condições sensíveis
4125112447709;411320;20250704;A158;2239.12;28;2025;12;01 - Doenças preveníveis por imunização e condições sensíveis
4125112447709;410980;20250704;A158;2588.01;31;2025;08;01 - Doenças preveníveis por imunização e condições sensíveis
4125112447709;411320;20250704;A158;2492.85;30;2025;12;01 - Doenças preveníveis por imunização e condições sensíveis
4125112447709;411320;20250704;A158;2537.3;30;2025;09;01 - Doenças preveníveis por imunização e condições sensíveis
4125112447709;410980;20250704;A158;2452.64;27;2025;07;01 - Doenças preveníveis por imunização e condições sensíveis
4125112447720;411320;20250718;A158;2839.87;31;2025;10;01 - Doenças preveníveis por imunização e condições sensíveis
4125112447720;411320;20250718;A158;2568.96;31;2025;08;01 - Doenças preveníveis por imunização e condições sensíveis
4125112447720;411320;20250718;A158;1317.25;13;2025;07;01 - Doenças preveníveis por imunização e condições sensíveis
4125112447720;411320;20250718;A158;2239.12;28;2025;11;01 - Doenças preveníveis por imunização e condições sensíveis
4125112447720;411320;20250718;A158;2480.15;30;2025;09;01 - Doenças preveníveis por imunização e condições sensíveis
4125112447731;411850;20250714;A158;2568.96;31;2025;08;01 - Doenças preveníveis por imunização e condições sensíveis
4125112447731;411850;20250714;A158;1510.68;17;2025;07;01 - Doenças preveníveis por imunização e condições sensíveis
4125112447731;411850;20250714;A158;2594.36;31;2025;12;01 - Doenças preveníveis por imunização e condições sensíveis
4125112447731;411850;20250714;A158;2511.9;30;2025;11;01 - Doenças preveníveis por imunização e condições sensíveis
4125112447731;411850;20250714;A158;2648.31;30;2025;09;01 - Doenças preveníveis por imunização e condições sensíveis
4125112447731;411850;20250714;A158;2737.12;31;2025;10;01 - Doenças preveníveis por imunização e condições sensíveis
4125112447731;411850;20250714;A158;1056.17;12;2026;01;01 - Doenças preveníveis por imunização e condições sensíveis
4125112447742;411320;20250714;A158;1504.33;17;2025;07;01 - Doenças preveníveis por imunização e condições sensíveis
4125112447742;411320;20250714;A158;2486.5;30;2025;09;01 - Doenças preveníveis por imunização e condições sensíveis
4125112447742;411320;20250714;A158;2562.61;31;2025;08;01 - Doenças preveníveis por imunização e condições sensíveis
4125112447742;411320;20250714;A158;2594.36;31;2025;10;01 - Doenças preveníveis por imunização e condições sensíveis
4125112447742;411320;20250714;A158;761.19;10;2026;01;01 - Doenças preveníveis por imunização e condições sensíveis
4125112447742;411320;20250714;A158;2543.65;30;2025;11;01 - Doenças preveníveis por imunização e condições sensíveis
4125112447742;411320;20250714;A158;2600.71;31;2025;12;01 - Doenças preveníveis por imunização e condições sensíveis
4125112447753;410690;20250703;A158;2554.15;28;2025;07;01 - Doenças preveníveis por imunização e condições sensíveis
4125112447753;410690;20250703;A158;2201.11;27;2025;08;01 - Doenças preveníveis por imunização e condições sensíveis
4125112447775;411320;20250715;A158;2626.11;31;2025;08;01 - Doenças preveníveis por imunização e condições sensíveis
4125112447775;411320;20250715;A158;1453.62;16;2025;07;01 - Doenças preveníveis por imunização e condições sensíveis
4125112447775;411320;20250715;A158;2543.65;30;2025;09;01 - Doenças preveníveis por imunização e condições sensíveis
4125112447775;412550;20250715;A158;2638.81;31;2025;10;01 - Doenças preveníveis por imunização e condições sensíveis
4125112447775;412550;20250715;A158;2421.98;29;2025;11;01 - Doenças preveníveis por imunização e condições sensíveis
4125112447786;410480;20250710;A158;1839.52;21;2025;07;01 - Doenças preveníveis por imunização e condições sensíveis
4125112447786;410480;20250710;A158;2635.3;30;2025;11;01 - Doenças preveníveis por imunização e condições sensíveis
4125112447786;410480;20250710;A158;2638.81;31;2025;12;01 - Doenças preveníveis por imunização e condições sensíveis
4125112447786;410480;20250710;A158;2562.7;30;2025;09;01 - Doenças preveníveis por imunização e condições sensíveis
4125112447786;410480;20250710;A158;2632.46;31;2025;08;01 - Doenças preveníveis por imunização e condições sensíveis
4125112447786;410480;20250710;A158;1103.73;14;2026;01;01 - Doenças preveníveis por imunização e condições sensíveis
4125112447786;410480;20250710;A158;2632.46;31;2025;10;01 - Doenças preveníveis por imunização e condições sensíveis
4125112447797;410940;20250717;A158;2666.4;31;2025;08;01 - Doenças preveníveis por imunização e condições sensíveis
4125112447797;410940;20250717;A158;336.19;4;2025;09;01 - Doenças preveníveis por imunização e condições sensíveis
4125112447797;410940;20250717;A158;1393.36;14;2025;07;01 - Doenças preveníveis por imunização e condições sensíveis
4125112447819;411320;20250710;A158;2568.96;31;2025;10;01 - Doenças preveníveis por imunização e condições sensíveis
4125112447819;411320;20250710;A158;2581.75;30;2025;11;01 - Doenças preveníveis por imunização e condições sensíveis
4125112447819;411320;20250710;A158;2499.2;30;2025;09;01 - Doenças preveníveis por imunização e condições sensíveis
4125112447819;411320;20250710;A158;2594.36;31;2025;08;01 - Doenças preveníveis por imunização e condições sensíveis
4125112447819;411320;20250710;A158;1834.17;21;2025;07;01 - Doenças preveníveis por imunização e condições sensíveis
4125112447819;411320;20250710;A158;1630.24;20;2025;12;01 - Doenças preveníveis por imunização e condições sensíveis
4125112447820;411320;20250716;A158;1850.52;15;2025;07;01 - Doenças preveníveis por imunização e condições sensíveis
4125112447820;411320;20250716;A158;1046.67;12;2025;09;01 - Doenças preveníveis por imunização e condições sensíveis
4125112447820;411320;20250716;A158;2581.66;31;2025;08;01 - Doenças preveníveis por imunização e condições sensíveis
4125112447973;411950;20250721;A150;939.81;10;2025;07;01 - Doenças preveníveis por imunização e condições sensíveis
4125112447973;411950;20250721;A150;2562.61;31;2025;10;01 - Doenças preveníveis por imunização e condições sensíveis
4125112447973;411950;20250721;A150;980.06;11;2025;12;01 - Doenças preveníveis por imunização e condições sensíveis
4125112447973;411950;20250721;A150;2486.5;30;2025;09;01 - Doenças preveníveis por imunização e condições sensíveis
4125112447973;411950;20250721;A150;2492.85;30;2025;11;01 - Doenças preveníveis por imunização e condições sensíveis
4125112447973;411950;20250721;A150;2568.96;31;2025;08;01 - Doenças preveníveis por imunização e condições sensíveis
4125113124077;410480;20250821;A150;2480.15;30;2025;09;01 - Doenças preveníveis por imunização e condições sensíveis
4125113124077;410480;20250821;A150;1738.01;22;2025;10;01 - Doenças preveníveis por imunização e condições sensíveis
4125113124077;410480;20250821;A150;920.76;10;2025;08;01 - Doenças preveníveis por imunização e condições sensíveis
4125113124100;411320;20250818;A158;1168.14;13;2025;08;01 - Doenças preveníveis por imunização e condições sensíveis
4125113124100;411320;20250818;A158;2575.31;31;2025;10;01 - Doenças preveníveis por imunização e condições sensíveis
4125113124100;411320;20250818;A158;2546.8;30;2025;12;01 - Doenças preveníveis por imunização e condições sensíveis
4125113124100;411320;20250818;A158;2486.5;30;2025;11;01 - Doenças preveníveis por imunização e condições sensíveis
4125113124100;411320;20250818;A158;2486.5;30;2025;09;01 - Doenças preveníveis por imunização e condições sensíveis
4125113124110;412170;20250802;A158;2486.5;30;2025;09;01 - Doenças preveníveis por imunização e condições sensíveis
4125113124110;412170;20250802;A158;2556.0;29;2025;08;01 - Doenças preveníveis por imunização e condições sensíveis
4125113124110;412170;20250802;A158;1826.82;23;2025;10;01 - Doenças preveníveis por imunização e condições sensíveis
4125113124121;411320;20250806;A158;2274.15;25;2025;08;01 - Doenças preveníveis por imunização e condições sensíveis
4125113124121;411320;20250806;A158;2689.61;31;2025;10;01 - Doenças preveníveis por imunização e condições sensíveis
4125113124121;411320;20250806;A158;2537.3;30;2025;11;01 - Doenças preveníveis por imunização e condições sensíveis
4125113124121;411320;20250806;A158;2575.25;30;2025;09;01 - Doenças preveníveis por imunização e condições sensíveis
4125113124121;411320;20250806;A158;2736.25;31;2025;12;01 - Doenças preveníveis por imunização e condições sensíveis
4125113124121;411320;20250806;A158;2556.26;31;2026;01;01 - Doenças preveníveis por imunização e condições sensíveis
4125113124121;411320;20250806;A158;723.18;9;2026;02;01 - Doenças preveníveis por imunização e condições sensíveis
4125113124132;412550;20250815;A158;2577.59;30;2025;09;01 - Doenças preveníveis por imunização e condições sensíveis
4125113124132;412550;20250815;A158;1841.89;16;2025;08;01 - Doenças preveníveis por imunização e condições sensíveis
4125113124132;412550;20250815;A158;2258.17;28;2025;11;01 - Doenças preveníveis por imunização e condições sensíveis
4125113124132;412550;20250815;A158;2619.76;31;2025;10;01 - Doenças preveníveis por imunização e condições sensíveis
4125113124154;411320;20250826;A158;518.1;5;2025;09;01 - Doenças preveníveis por imunização e condições sensíveis
4125113124154;411320;20250826;A158;502.11;5;2025;08;01 - Doenças preveníveis por imunização e condições sensíveis
4125113124330;411690;20250821;A158;2711.72;31;2026;03;01 - Doenças preveníveis por imunização e condições sensíveis
4125113124330;411690;20250821;A158;2486.5;30;2025;09;01 - Doenças preveníveis por imunização e condições sensíveis
4125113124330;411690;20250821;A158;2492.85;30;2025;11;01 - Doenças preveníveis por imunização e condições sensíveis
4125113124330;411690;20250821;A158;2858.92;31;2026;01;01 - Doenças preveníveis por imunização e condições sensíveis
4125113124330;411690;20250821;A158;927.11;10;2025;08;01 - Doenças preveníveis por imunização e condições sensíveis
4125113124330;411690;20250821;A158;2315.23;28;2026;02;01 - Doenças preveníveis por imunização e condições sensíveis
4125113124330;411690;20250821;A158;2600.71;31;2025;12;01 - Doenças preveníveis por imunização e condições sensíveis
4125113124330;411690;20250821;A158;2655.71;31;2025;10;01 - Doenças preveníveis por imunização e condições sensíveis
4125113124330;411690;20250821;A158;748.49;10;2026;04;01 - Doenças preveníveis por imunização e condições sensíveis
4125113124341;410180;20250829;A150;2619.76;31;2025;10;01 - Doenças preveníveis por imunização e condições sensíveis
4125113124341;410180;20250829;A150;2575.31;31;2026;01;01 - Doenças preveníveis por imunização e condições sensíveis
4125113124341;410180;20250829;A150;1522.38;19;2026;02;01 - Doenças preveníveis por imunização e condições sensíveis
4125113124341;410180;20250829;A150;2518.25;30;2025;11;01 - Doenças preveníveis por imunização e condições sensíveis
4125113124341;410180;20250829;A150;2607.06;31;2025;12;01 - Doenças preveníveis por imunização e condições sensíveis
4125113124341;410180;20250829;A150;2524.6;30;2025;09;01 - Doenças preveníveis por imunização e condições sensíveis
4125113124341;410180;20250829;A150;247.38;2;2025;08;01 - Doenças preveníveis por imunização e condições sensíveis
4125113126300;410690;20250912;A158;2651.51;31;2025;10;01 - Doenças preveníveis por imunização e condições sensíveis
4125113126300;410690;20250912;A158;2418.42;21;2026;01;01 - Doenças preveníveis por imunização e condições sensíveis
4125113126300;410690;20250912;A158;1704.15;18;2025;09;01 - Doenças preveníveis por imunização e condições sensíveis
4125113126300;410690;20250912;A158;2676.91;31;2025;12;01 - Doenças preveníveis por imunização e condições sensíveis
4125113126300;410690;20250912;A158;2692.76;30;2025;11;01 - Doenças preveníveis por imunização e condições sensíveis
4125113126321;410420;20250901;A158;1693.65;21;2025;10;01 - Doenças preveníveis por imunização e condições sensíveis
4125113126321;410420;20250901;A158;2557.35;29;2025;09;01 - Doenças preveníveis por imunização e condições sensíveis
4125113126332;410940;20250911;A198;1836.41;21;2025;11;01 - Doenças preveníveis por imunização e condições sensíveis
4125113126332;410940;20250911;A198;1879.91;19;2025;09;01 - Doenças preveníveis por imunização e condições sensíveis
4125113126332;410940;20250911;A198;2600.71;31;2025;10;01 - Doenças preveníveis por imunização e condições sensíveis
4125113126354;410420;20250909;A158;2517.05;30;2025;11;01 - Doenças preveníveis por imunização e condições sensíveis
4125113126354;410420;20250909;A158;2568.96;31;2025;12;01 - Doenças preveníveis por imunização e condições sensíveis
4125113126354;410420;20250909;A158;2607.06;31;2026;01;01 - Doenças preveníveis por imunização e condições sensíveis
4125113126354;410420;20250909;A158;1154.44;15;2026;06;01 - Doenças preveníveis por imunização e condições sensíveis
4125113126354;410420;20250909;A158;2391.43;28;2026;02;01 - Doenças preveníveis por imunização e condições sensíveis
4125113126354;410420;20250909;A158;1840.52;21;2025;09;01 - Doenças preveníveis por imunização e condições sensíveis
4125113126354;410420;20250909;A158;2556.26;31;2026;03;01 - Doenças preveníveis por imunização e condições sensíveis
4125113126354;410420;20250909;A158;2562.7;30;2026;04;01 - Doenças preveníveis por imunização e condições sensíveis
4125113126354;410420;20250909;A158;2664.21;31;2026;05;01 - Doenças preveníveis por imunização e condições sensíveis
4125113126354;410420;20250909;A158;2568.96;31;2025;10;01 - Doenças preveníveis por imunização e condições sensíveis
4125113140379;410690;20250701;A151;4715.95;24;2025;10;01 - Doenças preveníveis por imunização e condições sensíveis
4125113140379;410690;20250701;A151;2556.26;30;2025;10;01 - Doenças preveníveis por imunização e condições sensíveis
4125113140380;410180;20250721;A159;2472.63;24;2025;10;01 - Doenças preveníveis por imunização e condições sensíveis
4125113140380;410180;20250721;A159;1046.76;10;2025;10;01 - Doenças preveníveis por imunização e condições sensíveis
4125113794483;411995;20251001;A150;2662.06;30;2025;10;01 - Doenças preveníveis por imunização e condições sensíveis
4125113794483;411995;20251001;A150;841.59;10;2025;11;01 - Doenças preveníveis por imunização e condições sensíveis
4125113794516;410690;20251018;A150;1167.14;13;2025;10;01 - Doenças preveníveis por imunização e condições sensíveis
4125113794516;410690;20251018;A150;501.11;7;2025;11;01 - Doenças preveníveis por imunização e condições sensíveis
4125115306170;411950;20250915;A158;1923.53;15;2025;11;01 - Doenças preveníveis por imunização e condições sensíveis
4125115306170;411950;20250915;A158;2778.51;31;2025;11;01 - Doenças preveníveis por imunização e condições sensíveis
4125115306170;411950;20250915;A158;1148.18;14;2025;11;01 - Doenças preveníveis por imunização e condições sensíveis
4125115306829;411320;20251116;A150;2730.77;31;2026;03;01 - Doenças preveníveis por imunização e condições sensíveis
4125115306829;411320;20251116;A150;1373.31;16;2026;05;01 - Doenças preveníveis por imunização e condições sensíveis
4125115306829;411320;20251116;A150;1410.21;14;2025;11;01 - Doenças preveníveis por imunização e condições sensíveis
4125115306829;411320;20251116;A150;2524.6;30;2026;04;01 - Doenças preveníveis por imunização e condições sensíveis
4125115306829;411320;20251116;A150;2483.39;28;2026;02;01 - Doenças preveníveis por imunização e condições sensíveis
4125115306829;411320;20251116;A150;2846.22;31;2026;01;01 - Doenças preveníveis por imunização e condições sensíveis
4125115306829;411320;20251116;A150;2568.96;31;2025;12;01 - Doenças preveníveis por imunização e condições sensíveis
4125115306830;411320;20251118;A150;1172.03;12;2025;11;01 - Doenças preveníveis por imunização e condições sensíveis
4125115306830;411320;20251118;A150;830.95;11;2025;12;01 - Doenças preveníveis por imunização e condições sensíveis
4125115307049;411320;20251112;A150;1573.09;18;2025;11;01 - Doenças preveníveis por imunização e condições sensíveis
4125115307049;411320;20251112;A150;995.87;13;2025;12;01 - Doenças preveníveis por imunização e condições sensíveis
4125115307050;411320;20251114;A150;2701.24;31;2026;03;01 - Doenças preveníveis por imunização e condições sensíveis
4125115307050;411320;20251114;A150;2340.63;28;2026;02;01 - Doenças preveníveis por imunização e condições sensíveis
4125115307050;411320;20251114;A150;2877.97;31;2026;01;01 - Doenças preveníveis por imunização e condições sensíveis
4125115307050;411320;20251114;A150;2486.5;30;2026;04;01 - Doenças preveníveis por imunização e condições sensíveis
4125115307050;411320;20251114;A150;1428.22;16;2025;11;01 - Doenças preveníveis por imunização e condições sensíveis
4125115307050;411320;20251114;A150;2568.96;31;2025;12;01 - Doenças preveníveis por imunização e condições sensíveis
4125115307148;411320;20251120;A150;908.06;10;2025;11;01 - Doenças preveníveis por imunização e condições sensíveis
4125115307148;411320;20251120;A150;783.48;8;2025;12;01 - Doenças preveníveis por imunização e condições sensíveis
4125115321943;410690;20251017;A150;1382.95;14;2025;12;01 - Doenças preveníveis por imunização e condições sensíveis
4125115321943;410690;20251017;A150;2619.85;30;2025;12;01 - Doenças preveníveis por imunização e condições sensíveis
4125115321943;410690;20251017;A150;862.79;10;2025;12;01 - Doenças preveníveis por imunização e condições sensíveis
4125115322361;411995;20251210;A158;2555.5;21;2026;03;01 - Doenças preveníveis por imunização e condições sensíveis
4125115322361;411995;20251210;A158;2287.08;22;2026;03;01 - Doenças preveníveis por imunização e condições sensíveis
4125115322372;411820;20251113;A150;1688.48;17;2026;02;01 - Doenças preveníveis por imunização e condições sensíveis
4125115322372;411820;20251113;A150;367.94;5;2026;02;01 - Doenças preveníveis por imunização e condições sensíveis
4125115322372;411820;20251113;A150;2880.11;31;2026;02;01 - Doenças preveníveis por imunização e condições sensíveis
4125115323098;410690;20251007;A150;2842.1;30;2026;01;01 - Doenças preveníveis por imunização e condições sensíveis
4125115323098;410690;20251007;A150;2340.9;24;2026;01;01 - Doenças preveníveis por imunização e condições sensíveis
4125115323098;410690;20251007;A150;1338.59;15;2026;01;01 - Doenças preveníveis por imunização e condições sensíveis
4125115323110;410690;20251118;A198;1231.73;12;2026;02;01 - Doenças preveníveis por imunização e condições sensíveis
4125115323110;410690;20251118;A198;2937.26;31;2026;02;01 - Doenças preveníveis por imunização e condições sensíveis
4125115323110;410690;20251118;A198;1338.59;15;2026;02;01 - Doenças preveníveis por imunização e condições sensíveis
4125115978973;410690;20251210;A158;2569.05;30;2026;04;01 - Doenças preveníveis por imunização e condições sensíveis
4125115978973;410690;20251210;A158;2631.48;30;2026;06;01 - Doenças preveníveis por imunização e condições sensíveis
4125115978973;410690;20251210;A158;843.65;11;2026;07;01 - Doenças preveníveis por imunização e condições sensíveis
4125115978973;410690;20251210;A158;3156.27;31;2026;05;01 - Doenças preveníveis por imunização e condições sensíveis
4125115978973;410690;20251210;A158;2409.28;28;2026;02;01 - Doenças preveníveis por imunização e condições sensíveis
4125115978973;410690;20251210;A158;1853.22;21;2025;12;01 - Doenças preveníveis por imunização e condições sensíveis
4125115978973;410690;20251210;A158;2743.47;31;2026;01;01 - Doenças preveníveis por imunização e condições sensíveis
4125115978984;410775;20251229;A158;260.08;2;2025;12;01 - Doenças preveníveis por imunização e condições sensíveis
4125115978984;410775;20251229;A158;1585.79;20;2026;01;01 - Doenças preveníveis por imunização e condições sensíveis
4125115978995;410690;20251214;A150;2676.91;31;2026;05;01 - Doenças preveníveis por imunização e condições sensíveis
4125115978995;410690;20251214;A150;247.38;4;2026;06;01 - Doenças preveníveis por imunização e condições sensíveis
4125115978995;410690;20251214;A150;1528.53;17;2025;12;01 - Doenças preveníveis por imunização e condições sensíveis
4125115978995;410690;20251214;A150;2607.06;31;2026;01;01 - Doenças preveníveis por imunização e condições sensíveis
4125115978995;410690;20251214;A150;2676.91;31;2026;03;01 - Doenças preveníveis por imunização e condições sensíveis
4125115978995;410690;20251214;A150;2575.4;30;2026;04;01 - Doenças preveníveis por imunização e condições sensíveis
4125115978995;410690;20251214;A150;2385.08;28;2026;02;01 - Doenças preveníveis por imunização e condições sensíveis
4125115979006;411320;20251212;A150;2607.06;31;2026;01;01 - Doenças preveníveis por imunização e condições sensíveis
4125115979006;411320;20251212;A150;2226.51;27;2026;02;01 - Doenças preveníveis por imunização e condições sensíveis
4125115979006;411320;20251212;A150;1836.21;19;2025;12;01 - Doenças preveníveis por imunização e condições sensíveis
4125115979611;411700;20251212;A150;1474.82;17;2026;01;01 - Doenças preveníveis por imunização e condições sensíveis
4125115979611;411700;20251212;A150;1701.0;19;2025;12;01 - Doenças preveníveis por imunização e condições sensíveis
4125115995374;410690;20251231;A158;88.81;0;2026;03;01 - Doenças preveníveis por imunização e condições sensíveis
4125115995374;410690;20251231;A158;279.13;3;2026;03;01 - Doenças preveníveis por imunização e condições sensíveis
4125115995374;410690;20251231;A158;2996.45;31;2026;03;01 - Doenças preveníveis por imunização e condições sensíveis
4126100559757;410690;20260127;J448;3418.96;28;2026;03;08 - Doenças pulmonares
4126100559757;410690;20260127;J448;827.85;4;2026;03;08 - Doenças pulmonares
4126100559757;410690;20260127;J448;176.14;2;2026;03;08 - Doenças pulmonares
4126100985171;410690;20260601;I694;2335.93;31;2026;07;12 - Doenças cerebrovasculares
4126100985171;410690;20260601;I694;2251.84;29;2026;06;12 - Doenças cerebrovasculares
4126100985974;410690;20260601;I694;2387.3;31;2026;07;12 - Doenças cerebrovasculares
4126100985974;410690;20260601;I694;2307.88;29;2026;06;12 - Doenças cerebrovasculares
4126100986117;410690;20260601;I694;2321.89;29;2026;06;12 - Doenças cerebrovasculares
4126100986117;410690;20260601;I694;1093.2;15;2026;07;12 - Doenças cerebrovasculares
4126100986249;410690;20260601;I694;2331.23;29;2026;06;12 - Doenças cerebrovasculares
4126100986249;410690;20260601;I694;1798.03;23;2026;07;12 - Doenças cerebrovasculares
4126100986304;410690;20260601;I694;3039.36;29;2026;06;12 - Doenças cerebrovasculares
4126100986304;410690;20260601;I694;158.84;3;2026;07;12 - Doenças cerebrovasculares
4126100986348;410690;20260601;I694;2335.9;29;2026;06;12 - Doenças cerebrovasculares
4126100986348;410690;20260601;I694;471.85;7;2026;07;12 - Doenças cerebrovasculares
4126112670009;410690;20260324;A152;336.28;3;2026;07;01 - Doenças preveníveis por imunização e condições sensíveis
4126112670009;410690;20260324;A152;742.23;7;2026;06;01 - Doenças preveníveis por imunização e condições sensíveis
4126112670075;410690;20260313;A153;1351.38;13;2026;07;01 - Doenças preveníveis por imunização e condições sensíveis
4126112670075;410690;20260313;A153;1814.39;18;2026;06;01 - Doenças preveníveis por imunização e condições sensíveis
4126112670559;411330;20260429;A153;552.32;1;2026;07;01 - Doenças preveníveis por imunização e condições sensíveis
4126112670559;411330;20260429;A153;285.48;4;2026;07;01 - Doenças preveníveis por imunização e condições sensíveis
4126112670560;411820;20260415;A158;1497.16;15;2026;07;01 - Doenças preveníveis por imunização e condições sensíveis
4126112670560;411820;20260415;A158;1551.11;16;2026;07;01 - Doenças preveníveis por imunização e condições sensíveis
4126113364142;410690;20260105;A150;2175.71;27;2026;03;01 - Doenças preveníveis por imunização e condições sensíveis
4126113364142;410690;20260105;A150;2264.52;26;2026;01;01 - Doenças preveníveis por imunização e condições sensíveis
4126113364153;411320;20260114;A150;2651.51;31;2026;03;01 - Doenças preveníveis por imunização e condições sensíveis
4126113364153;411320;20260114;A150;1923.35;17;2026;01;01 - Doenças preveníveis por imunização e condições sensíveis
4126113364153;411320;20260114;A150;2775.22;31;2026;05;01 - Doenças preveníveis por imunização e condições sensíveis
4126113364153;411320;20260114;A150;2638.81;31;2026;07;01 - Doenças preveníveis por imunização e condições sensíveis
4126113364153;411320;20260114;A150;2502.44;28;2026;02;01 - Doenças preveníveis por imunização e condições sensíveis
4126113364153;411320;20260114;A150;2537.3;30;2026;06;01 - Doenças preveníveis por imunização e condições sensíveis
4126113364153;411320;20260114;A150;2556.35;30;2026;04;01 - Doenças preveníveis por imunização e condições sensíveis
4126113364164;411320;20260124;A150;326.73;3;2026;02;01 - Doenças preveníveis por imunização e condições sensíveis
4126113364164;411320;20260124;A150;678.73;7;2026;01;01 - Doenças preveníveis por imunização e condições sensíveis
4126113365935;411180;20260203;A150;2751.23;30;2026;04;01 - Doenças preveníveis por imunização e condições sensíveis
4126113365935;411180;20260203;A150;82.46;2;2026;07;01 - Doenças preveníveis por imunização e condições sensíveis
4126113365935;411180;20260203;A150;2245.36;25;2026;02;01 - Doenças preveníveis por imunização e condições sensíveis
4126113365935;411180;20260203;A150;2711.81;30;2026;06;01 - Doenças preveníveis por imunização e condições sensíveis
4126113365935;411180;20260203;A150;2780.7;31;2026;05;01 - Doenças preveníveis por imunização e condições sensíveis
4126113365935;411180;20260203;A150;2800.62;31;2026;03;01 - Doenças preveníveis por imunização e condições sensíveis
4126113365946;411320;20260224;A150;2397.69;30;2026;06;01 - Doenças preveníveis por imunização e condições sensíveis
4126113365946;411320;20260224;A150;2649.11;31;2026;03;01 - Doenças preveníveis por imunização e condições sensíveis
4126113365946;411320;20260224;A150;431.35;4;2026;02;01 - Doenças preveníveis por imunização e condições sensíveis
4126113365946;411320;20260224;A150;2568.96;31;2026;05;01 - Doenças preveníveis por imunização e condições sensíveis
4126113365946;411320;20260224;A150;2536.1;30;2026;04;01 - Doenças preveníveis por imunização e condições sensíveis
4126113365957;411370;20260207;A150;2395.08;21;2026;02;01 - Doenças preveníveis por imunização e condições sensíveis
4126113365957;411370;20260207;A150;2834.56;31;2026;03;01 - Doenças preveníveis por imunização e condições sensíveis
4126113365957;411370;20260207;A150;2762.52;31;2026;07;01 - Doenças preveníveis por imunização e condições sensíveis
4126113365957;411370;20260207;A150;2499.2;30;2026;04;01 - Doenças preveníveis por imunização e condições sensíveis
4126113365957;411370;20260207;A150;2573.0;30;2026;06;01 - Doenças preveníveis por imunização e condições sensíveis
4126113365957;411370;20260207;A150;2768.87;31;2026;05;01 - Doenças preveníveis por imunização e condições sensíveis
4126113365968;411320;20260226;A150;164.92;3;2026;03;01 - Doenças preveníveis por imunização e condições sensíveis
4126113365968;411320;20260226;A150;247.38;2;2026;02;01 - Doenças preveníveis por imunização e condições sensíveis
4126113365980;410950;20260226;A159;247.38;2;2026;02;01 - Doenças preveníveis por imunização e condições sensíveis
4126113365980;410950;20260226;A159;355.24;5;2026;03;01 - Doenças preveníveis por imunização e condições sensíveis
4126113365990;411370;20260218;A159;2711.72;31;2026;07;01 - Doenças preveníveis por imunização e condições sensíveis
4126113365990;411370;20260218;A159;2617.36;31;2026;05;01 - Doenças preveníveis por imunização e condições sensíveis
4126113365990;411370;20260218;A159;2511.9;30;2026;06;01 - Doenças preveníveis por imunização e condições sensíveis
4126113365990;411370;20260218;A159;914.41;10;2026;02;01 - Doenças preveníveis por imunização e condições sensíveis
4126113365990;411370;20260218;A159;2711.72;31;2026;03;01 - Doenças preveníveis por imunização e condições sensíveis
4126113365990;411370;20260218;A159;2906.52;30;2026;04;01 - Doenças preveníveis por imunização e condições sensíveis
4126113366001;411320;20260205;A159;2160.9;23;2026;02;01 - Doenças preveníveis por imunização e condições sensíveis
4126113366001;411320;20260205;A159;1120.91;11;2026;03;01 - Doenças preveníveis por imunização e condições sensíveis
4126113366012;412710;20260219;A159;974.71;9;2026;02;01 - Doenças preveníveis por imunização e condições sensíveis
4126113366012;412710;20260219;A159;2562.7;30;2026;04;01 - Doenças preveníveis por imunização e condições sensíveis
4126113366012;412710;20260219;A159;2613.41;31;2026;03;01 - Doenças preveníveis por imunização e condições sensíveis
4126113366012;412710;20260219;A159;589.92;7;2026;05;01 - Doenças preveníveis por imunização e condições sensíveis
4126113382622;410690;20260102;A150;2817.7;29;2026;04;01 - Doenças preveníveis por imunização e condições sensíveis
4126113382622;410690;20260102;A150;196.67;3;2026;04;01 - Doenças preveníveis por imunização e condições sensíveis
4126113383667;410690;20260212;A153;367.94;5;2026;05;01 - Doenças preveníveis por imunização e condições sensíveis
4126113383667;410690;20260212;A153;1541.52;16;2026;05;01 - Doenças preveníveis por imunização e condições sensíveis
4126113383700;410690;20260214;A153;1713.06;17;2026;07;01 - Doenças preveníveis por imunização e condições sensíveis
4126113383700;410690;20260214;A153;3007.11;31;2026;05;01 - Doenças preveníveis por imunização e condições sensíveis
4126113383700;410690;20260214;A153;1429.44;14;2026;05;01 - Doenças preveníveis por imunização e condições sensíveis
4126113383722;410690;20260225;A159;374.29;3;2026;05;01 - Doenças preveníveis por imunização e condições sensíveis
4126113383722;410690;20260225;A159;2512.26;27;2026;06;01 - Doenças preveníveis por imunização e condições sensíveis
4126113383733;410690;20260204;A152;4075.47;22;2026;06;01 - Doenças preveníveis por imunização e condições sensíveis
4126113383733;410690;20260204;A152;4959.21;24;2026;05;01 - Doenças preveníveis por imunização e condições sensíveis
4126113383744;410690;20260226;A153;3222.51;31;2026;05;01 - Doenças preveníveis por imunização e condições sensíveis
4126113383744;410690;20260226;A153;526.6;6;2026;07;01 - Doenças preveníveis por imunização e condições sensíveis
4126113383744;410690;20260226;A153;286.48;2;2026;05;01 - Doenças preveníveis por imunização e condições sensíveis
4126113384327;410690;20260217;A153;1233.01;11;2026;05;01 - Doenças preveníveis por imunização e condições sensíveis
4126113384327;410690;20260217;A153;1769.94;20;2026;05;01 - Doenças preveníveis por imunização e condições sensíveis
4126114069594;411320;20260330;A150;2562.61;31;2026;06;01 - Doenças preveníveis por imunização e condições sensíveis
4126114069594;411320;20260330;A150;2635.61;30;2026;05;01 - Doenças preveníveis por imunização e condições sensíveis
4126114069594;411320;20260330;A150;172.27;1;2026;03;01 - Doenças preveníveis por imunização e condições sensíveis
4126114069594;411320;20260330;A150;2594.36;31;2026;07;01 - Doenças preveníveis por imunização e condições sensíveis
4126114069594;411320;20260330;A150;2492.85;30;2026;06;01 - Doenças preveníveis por imunização e condições sensíveis
4126114069616;411320;20260325;A150;991.89;6;2026;04;01 - Doenças preveníveis por imunização e condições sensíveis
4126114069616;411320;20260325;A150;2492.85;30;2026;05;01 - Doenças preveníveis por imunização e condições sensíveis
4126114069616;411320;20260325;A150;589.92;8;2026;05;01 - Doenças preveníveis por imunização e condições sensíveis
4126114069627;410690;20260331;A150;83.46;0;2026;03;01 - Doenças preveníveis por imunização e condições sensíveis
4126114069627;410690;20260331;A150;2530.8;30;2026;05;01 - Doenças preveníveis por imunização e condições sensíveis
4126114069627;410690;20260331;A150;2858.92;31;2026;06;01 - Doenças preveníveis por imunização e condições sensíveis
4126114069627;410690;20260331;A150;2524.6;30;2026;06;01 - Doenças preveníveis por imunização e condições sensíveis
4126114069627;410690;20260331;A150;2556.26;31;2026;07;01 - Doenças preveníveis por imunização e condições sensíveis
4126114069638;412550;20260327;A150;2939.25;31;2026;07;01 - Doenças preveníveis por imunização e condições sensíveis
4126114069638;412550;20260327;A150;826.97;4;2026;04;01 - Doenças preveníveis por imunização e condições sensíveis
4126114069638;412550;20260327;A150;2651.51;31;2026;05;01 - Doenças preveníveis por imunização e condições sensíveis
4126114069638;412550;20260327;A150;2575.4;30;2026;06;01 - Doenças preveníveis por imunização e condições sensíveis
4126114069638;412550;20260327;A150;2518.25;30;2026;05;01 - Doenças preveníveis por imunização e condições sensíveis
4126114069650;411940;20260327;A150;437.7;4;2026;03;01 - Doenças preveníveis por imunização e condições sensíveis
4126114069650;411940;20260327;A150;2163.01;26;2026;05;01 - Doenças preveníveis por imunização e condições sensíveis
4126114069660;412260;20260304;A150;2335.28;27;2026;03;01 - Doenças preveníveis por imunização e condições sensíveis
4126114069660;412260;20260304;A150;2499.2;30;2026;04;01 - Doenças preveníveis por imunização e condições sensíveis
4126114069660;412260;20260304;A150;919.76;12;2026;06;01 - Doenças preveníveis por imunização e condições sensíveis
4126114069660;412260;20260304;A150;2619.76;31;2026;05;01 - Doenças preveníveis por imunização e condições sensíveis
4126114071882;411320;20260428;A150;3041.1;31;2026;05;01 - Doenças preveníveis por imunização e condições sensíveis
4126114071882;411320;20260428;A150;2718.07;31;2026;07;01 - Doenças preveníveis por imunização e condições sensíveis
4126114071882;411320;20260428;A150;248.38;2;2026;05;01 - Doenças preveníveis por imunização e condições sensíveis
4126114071882;411320;20260428;A150;2492.85;30;2026;06;01 - Doenças preveníveis por imunização e condições sensíveis
4126114071893;412550;20260414;A150;1060.47;11;2026;05;01 - Doenças preveníveis por imunização e condições sensíveis
4126114071893;412550;20260414;A150;1420.87;16;2026;04;01 - Doenças preveníveis por imunização e condições sensíveis
4126114071904;410580;20260424;A150;1243.25;16;2026;06;01 - Doenças preveníveis por imunização e condições sensíveis
4126114071904;410580;20260424;A150;583.57;6;2026;05;01 - Doenças preveníveis por imunização e condições sensíveis
4126114071904;410580;20260424;A150;2815.04;31;2026;05;01 - Doenças preveníveis por imunização e condições sensíveis
4126114071915;411320;20260413;A150;2566.91;30;2026;06;01 - Doenças preveníveis por imunização e condições sensíveis
4126114071915;411320;20260413;A150;2839.87;31;2026;07;01 - Doenças preveníveis por imunização e condições sensíveis
4126114071915;411320;20260413;A150;2839.87;31;2026;05;01 - Doenças preveníveis por imunização e condições sensíveis
4126114071915;411320;20260413;A150;2045.99;17;2026;05;01 - Doenças preveníveis por imunização e condições sensíveis
4126114071937;411320;20260404;A150;1024.51;11;2026;05;01 - Doenças preveníveis por imunização e condições sensíveis
4126114071937;411320;20260404;A150;2869.19;26;2026;05;01 - Doenças preveníveis por imunização e condições sensíveis
4126114071948;411320;20260401;A150;2411.76;25;2026;05;01 - Doenças preveníveis por imunização e condições sensíveis
4126114071948;411320;20260401;A150;3058.72;29;2026;05;01 - Doenças preveníveis por imunização e condições sensíveis
4126114071960;411320;20260424;A150;2623.71;31;2026;05;01 - Doenças preveníveis por imunização e condições sensíveis
4126114071960;411320;20260424;A150;1209.48;6;2026;05;01 - Doenças preveníveis por imunização e condições sensíveis
4126114071960;411320;20260424;A150;1253.34;8;2026;06;01 - Doenças preveníveis por imunização e condições sensíveis
4126114786630;411320;20260315;A154;3169.62;30;2026;05;01 - Doenças preveníveis por imunização e condições sensíveis
4126114786630;411320;20260315;A154;1730.92;16;2026;05;01 - Doenças preveníveis por imunização e condições sensíveis
4126114786630;411320;20260315;A154;1281.44;14;2026;05;01 - Doenças preveníveis por imunização e condições sensíveis
4126114786948;411320;20260520;A158;2583.94;30;2026;06;01 - Doenças preveníveis por imunização e condições sensíveis
4126114786948;411320;20260520;A158;164.92;31;2026;07;01 - Doenças preveníveis por imunização e condições sensíveis
4126114786948;411320;20260520;A158;1513.33;11;2026;06;01 - Doenças preveníveis por imunização e condições sensíveis
4126114786959;410370;20260521;A150;2619.76;31;2026;07;01 - Doenças preveníveis por imunização e condições sensíveis
4126114786959;410370;20260521;A150;2543.65;30;2026;06;01 - Doenças preveníveis por imunização e condições sensíveis
4126114786959;410370;20260521;A150;1087.72;10;2026;05;01 - Doenças preveníveis por imunização e condições sensíveis
4126114786970;411940;20260507;A150;501.11;7;2026;07;01 - Doenças preveníveis por imunização e condições sensíveis
4126114786970;411940;20260507;A150;2481.15;30;2026;06;01 - Doenças preveníveis por imunização e condições sensíveis
4126114786970;411940;20260507;A150;2074.2;24;2026;06;01 - Doenças preveníveis por imunização e condições sensíveis
4126114786992;410140;20260521;A150;2616.65;30;2026;06;01 - Doenças preveníveis por imunização e condições sensíveis
4126114786992;410140;20260521;A150;913.41;10;2026;05;01 - Doenças preveníveis por imunização e condições sensíveis
4126114787003;411320;20260515;A150;1852.39;16;2026;05;01 - Doenças preveníveis por imunização e condições sensíveis
4126114787003;411320;20260515;A150;2763.76;30;2026;06;01 - Doenças preveníveis por imunização e condições sensíveis
4126114787003;411320;20260515;A150;2852.57;31;2026;07;01 - Doenças preveníveis por imunização e condições sensíveis
4126114787014;411520;20260524;A150;2590.29;30;2026;06;01 - Doenças preveníveis por imunização e condições sensíveis
4126114787014;411520;20260524;A150;672.38;7;2026;05;01 - Doenças preveníveis por imunização e condições sensíveis
4126114787014;411520;20260524;A150;2624.91;31;2026;07;01 - Doenças preveníveis por imunização e condições sensíveis
4126114787058;411320;20260501;A150;2927.66;30;2026;05;01 - Doenças preveníveis por imunização e condições sensíveis
4126114787058;411320;20260501;A150;2670.56;31;2026;07;01 - Doenças preveníveis por imunização e condições sensíveis
4126114787058;411320;20260501;A150;2569.05;30;2026;06;01 - Doenças preveníveis por imunização e condições sensíveis
4126115505810;411320;20260618;A150;2848.36;31;2026;07;01 - Doenças preveníveis por imunização e condições sensíveis
4126115505810;411320;20260618;A150;1246.49;12;2026;06;01 - Doenças preveníveis por imunização e condições sensíveis
4126115505820;411840;20260627;A150;578.4;3;2026;06;01 - Doenças preveníveis por imunização e condições sensíveis
4126115505820;411840;20260627;A150;2045.69;24;2026;07;01 - Doenças preveníveis por imunização e condições sensíveis
4126115505831;411320;20260602;A150;2830.41;28;2026;06;01 - Doenças preveníveis por imunização e condições sensíveis
4126115505831;411320;20260602;A150;355.24;5;2026;07;01 - Doenças preveníveis por imunização e condições sensíveis
4126115505842;411320;20260626;A150;418.65;4;2026;06;01 - Doenças preveníveis por imunização e condições sensíveis
4126115505842;411320;20260626;A150;2581.66;31;2026;07;01 - Doenças preveníveis por imunização e condições sensíveis
4126115505853;410690;20260604;A150;2626.11;31;2026;07;01 - Doenças preveníveis por imunização e condições sensíveis
4126115505853;410690;20260604;A150;2290.92;26;2026;06;01 - Doenças preveníveis por imunização e condições sensíveis
4126115505974;410940;20260610;A150;1725.4;21;2026;07;01 - Doenças preveníveis por imunização e condições sensíveis
4126115505974;410940;20260610;A150;2022.66;20;2026;06;01 - Doenças preveníveis por imunização e condições sensíveis
4126115505985;411320;20260613;A150;1071.98;13;2026;07;01 - Doenças preveníveis por imunização e condições sensíveis
4126115505985;411320;20260613;A150;1930.7;17;2026;06;01 - Doenças preveníveis por imunização e condições sensíveis
4126116233074;412550;20260529;A150;247.38;2;2026;07;01 - Doenças preveníveis por imunização e condições sensíveis
4126116233074;412550;20260529;A150;2604.75;30;2026;07;01 - Doenças preveníveis por imunização e condições sensíveis
4126116233074;412550;20260529;A150;2588.01;31;2026;07;01 - Doenças preveníveis por imunização e condições sensíveis
4126116466846;411370;20260401;A179;2581.66;31;2026;07;01 - Doenças preveníveis por imunização e condições sensíveis
4126116466846;411370;20260401;A179;2473.8;29;2026;07;01 - Doenças preveníveis por imunização e condições sensíveis
4126116466846;411370;20260401;A179;2473.79;30;2026;07;01 - Doenças preveníveis por imunização e condições sensíveis
